"","personid","ID","psu","palika","ward","hhld","version","verified","interviewer_id","v101","v111","v112a","v112b","v112c","v112d","v112e","v112f","v112g","v112h","v112h_1","v113a","v113b","v114","v115","v116","v117","v118","v119","v120","v121","v109"
"1",435,683,7402,70805,"2","2","v1","Y",72,1,"2 ",NA,NA,NA,NA,NA,NA,NA,NA,NA,NA,NA,"1 ","2 ","9 ",2,"3 ",NA,"2 ",8,"3 "
"2",436,683,7402,70805,"2","2","v1","Y",72,2,"2 ",NA,NA,NA,NA,NA,NA,NA,NA,NA,NA,NA,"1 ","2 ","6 ",1,"3 ",NA,"2 ",NA,"3 "
"3",437,683,7402,70805,"2","2","v1","Y",72,3,"2 ",NA,NA,NA,NA,NA,NA,NA,NA,NA,NA,NA,"1 ","2 ","15 ",NA,"2 ",NA,"2 ",NA,"3 "
"4",441,683,7402,70805,"2","2","v1","Y",72,7,"2 ",NA,NA,NA,NA,NA,NA,NA,NA,NA,NA,NA,"3 ",NA,NA,NA,"2 ",NA,"2 ",NA,"3 "
"5",442,683,7402,70805,"2","2","v1","Y",72,8,"2 ",NA,NA,NA,NA,NA,NA,NA,NA,NA,NA,NA,"3 ",NA,NA,NA,"3 ",NA,"3 ",NA,"3 "
"6",500,694,5104,50703,"3","2","v1","Y",55,4,"1 ",1,NA,NA,NA,NA,NA,NA,NA,NA,"744868176","00","1 ","2 ","6 ",1,"2 ",NA,"2 ",NA,"3 "
"7",689,733,7402,70805,"2","2","v1","Y",73,6,"2 ",NA,NA,NA,NA,NA,NA,NA,NA,NA,NA,NA,"1 ","2 ","4 ",7,"3 ",NA,"2 ",NA,"3 "
"8",690,733,7402,70805,"2","2","v1","Y",73,7,"2 ",NA,NA,NA,NA,NA,NA,NA,NA,NA,NA,NA,"1 ","2 ","4 ",6,"3 ",NA,"2 ",NA,"3 "
"9",813,752,5101,50403,"3","1","v1","Y",54,17,"1 ",1,NA,NA,NA,NA,NA,NA,NA,NA,"0",NA,"1 ","2 ","15 ",NA,"3 ",2,"3 ",NA,"3 "
"10",848,762,5104,50703,"3","4","v1","Y",56,6,"2 ",NA,NA,NA,NA,NA,NA,NA,NA,NA,NA,NA,"1 ","2 ","14 ",NA,"1 ",1,"1 ",2,"3 "
"11",1228,840,4104,40605,"6","1","v2","Y",41,5,NA,1,NA,NA,NA,NA,NA,NA,NA,NA,NA,NA,NA,NA,NA,NA,NA,NA,NA,NA,"3 "
"12",1295,856,4104,40605,"6","2","v2","Y",42,5,"2 ",NA,NA,NA,NA,NA,NA,NA,NA,NA,NA,NA,"1 ","2 ","14 ",NA,"3 ",NA,"2 ",NA,"3 "
"13",1320,861,4104,40605,"6","1","v2","Y",43,4,NA,1,NA,NA,NA,NA,NA,NA,NA,NA,NA,NA,NA,NA,NA,NA,NA,NA,NA,NA,"4 "
"14",1391,877,4204,40605,"6","3","v2","Y",44,4,"2 ",NA,NA,NA,NA,NA,NA,NA,NA,NA,NA,NA,"1 ","3 ","12 ",NA,"2 ",NA,"1 ",2,"3 "
"15",1396,878,4104,40605,"6","4","v2","Y",44,5,"2 ",NA,NA,NA,NA,NA,NA,NA,NA,NA,NA,NA,"1 ","2 ","11 ",4,"3 ",NA,"2 ",NA,"3 "
"16",1398,878,4104,40605,"6","4","v2","Y",44,7,"2 ",NA,NA,NA,NA,NA,NA,NA,NA,NA,NA,NA,"1 ","3 ","13 ",NA,"2 ",NA,"2 ",NA,"3 "
"17",1400,879,5201,50403,"3","2","v2","Y",53,2,"2 ",NA,NA,NA,NA,NA,NA,NA,NA,"INDIAN ARMY BHAYAKOLE ARMY BATAI SWASTHYA BIMA BHAYAKO","0","0","1 ","2 ","12 ",1,"3 ",NA,"3 ",NA,"4 "
"18",1401,879,5201,50403,"3","2","v2","Y",53,3,"2 ",NA,NA,NA,NA,NA,NA,NA,NA,"BABA INDIAN ARMY BHAYAKALE TEHI BATA SABAI GHAR PARIWARKO SWASTHYA BIMA BHAYAKO","0","0","1 ","2 ","13 ",NA,"2 ",2,"1 ",1,"3 "
"19",1467,889,5101,50403,"3","2","v2","Y",51,3,NA,1,NA,NA,4,NA,NA,NA,NA,NA,"0","00","1 ","2 ","12 ",4,"2 ",NA,"2 ",NA,"3 "
"20",1468,889,5101,50403,"3","2","v2","Y",51,4,NA,1,NA,NA,NA,NA,NA,NA,NA,NA,"0","0","1 ","2 ","12 ",3,"2 ",NA,"2 ",NA,"3 "
"21",1469,889,5101,50403,"3","2","v2","Y",51,5,"1 ",1,NA,NA,NA,NA,NA,NA,NA,NA,"0","0","1 ",NA,"1 ",NA,"1 ",3,"1 ",4,"3 "
"22",1477,890,5101,50403,"3","3","v2","Y",53,3,"1 ",1,NA,NA,4,NA,NA,NA,NA,NA,"078525775","0","1 ","3 ","13 ",NA,"1 ",1,"1 ",2,"3 "
"23",1494,894,5204,50703,"3","5","v2","Y",56,6,"2 ",NA,NA,NA,NA,NA,NA,NA,NA,NA,NA,NA,"1 ","3 ","14 ",5,"1 ",1,"1 ",4,"3 "
"24",1495,894,5204,50703,"3","5","v2","Y",56,7,"2 ",NA,NA,NA,NA,NA,NA,NA,NA,NA,NA,NA,"1 ","3 ","14 ",NA,"1 ",1,"1 ",4,"3 "
"25",1496,894,5204,50703,"3","5","v2","Y",56,8,"2 ",NA,NA,NA,NA,NA,NA,NA,NA,NA,NA,NA,"1 ","3 ","13 ",NA,"1 ",3,"1 ",5,"3 "
"26",2037,1021,3101,30102,"8","9","v2","Y",52,3,"1 ",1,NA,NA,NA,NA,NA,NA,NA,NA,"0",NA,"1 ","2 ","13 ",6,"3 ",NA,"2 ",NA,"3 "
"27",2038,1021,3101,30102,"8","9","v2","Y",52,4,"1 ",1,NA,NA,NA,NA,NA,NA,NA,NA,"0",NA,"1 ","3 ","2 ",NA,"1 ",6,"1 ",3,"3 "
"28",2406,1095,3111,31101,"7","1","v2","Y",26,3,"1 ",1,NA,NA,NA,NA,NA,NA,NA,NA,"772383124","0","1 ","3 ","14 ",NA,"1 ",1,"1 ",2,"3 "
"29",3401,1297,3111,31101,"7","3","v2","Y",26,5,"1 ",1,NA,NA,NA,NA,NA,NA,NA,NA,"097527916","0","1 ","2 ","13 ",NA,"1 ",1,"1 ",2,"3 "
"30",4240,1471,1111,11306,"5","7","v2","Y",12,3,"1 ",1,NA,NA,NA,NA,NA,NA,NA,NA,NA,NA,"1 ","3 ","14 ",NA,"1 ",1,"1 ",2,"3 "
"31",4451,1529,6101,60303,"5","2","v2","Y",63,3,"1 ",1,NA,NA,4,NA,NA,NA,NA,NA,"021004244","0","1 ","3 ","3 ",NA,"1 ",1,"1 ",2,"3 "
"32",4460,1531,6201,60303,"2","3","v2","Y",63,3,"2 ",NA,NA,NA,NA,NA,NA,NA,NA,NA,NA,NA,"1 ","3 ","13 ",NA,"1 ",1,"1 ",2,"3 "
"33",4504,1542,6101,60303,"5","5","v2","Y",64,4,"2 ",NA,NA,NA,NA,NA,NA,NA,NA,NA,NA,NA,"1 ","2 ","15 ",3,"2 ",NA,"2 ",NA,"3 "
"34",4505,1542,6101,60303,"5","5","v2","Y",64,5,"2 ",NA,NA,NA,NA,NA,NA,NA,NA,NA,NA,NA,"1 ","3 ","6 ",NA,"1 ",3,"2 ",NA,"3 "
"35",4513,1544,6101,60303,"5","5","v2","Y",64,3,"2 ",NA,NA,NA,NA,NA,NA,NA,NA,NA,NA,NA,"1 ","3 ","14 ",NA,"1 ",1,"1 ",2,"3 "
"36",4534,1556,3107,30608,"19","1","v2","Y",93,5,"1 ",1,NA,NA,NA,NA,NA,NA,NA,NA,"787844400",NA,"1 ","3 ","10 ",NA,"1 ",1,"1 ",2,"3 "
"37",4873,1626,3111,31101,"7","1","v2","Y",25,4,"1 ",1,NA,NA,NA,NA,NA,NA,NA,NA,"076986604",NA,"1 ","2 ","9 ",3,"2 ",NA,"2 ",NA,"3 "
"38",4874,1626,3111,31101,"7","1","v2","Y",25,5,"1 ",1,NA,NA,NA,NA,NA,NA,NA,NA,"082856443",NA,"1 ","3 ","3 ",NA,"2 ",NA,"2 ",NA,"3 "
"39",4875,1626,3111,31101,"7","1","v2","Y",25,6,"1 ",1,NA,NA,NA,NA,NA,NA,NA,NA,"089370481",NA,"1 ","3 ","2 ",NA,"2 ",NA,"2 ",NA,"3 "
"40",4898,1630,6201,60303,"5","4","v2","Y",62,3,"2 ",NA,NA,NA,NA,NA,NA,NA,NA,NA,NA,NA,"1 ","2 ","11 ",NA,"1 ",1,"1 ",2,"3 "
"41",5033,1653,3211,31101,"7","2","v2","Y",27,4,"2 ",NA,NA,NA,NA,NA,NA,NA,NA,NA,NA,NA,"1 ","3 ","13 ",NA,"1 ",2,"1 ",3,"3 "
"42",5034,1653,3211,31101,"7","2","v2","Y",27,5,"2 ",NA,NA,NA,NA,NA,NA,NA,NA,NA,NA,NA,"1 ","3 ","11 ",NA,"1 ",2,"1 ",3,"3 "
"43",5035,1653,3211,31101,"7","2","v2","Y",27,6,"2 ",NA,NA,NA,NA,NA,NA,NA,NA,NA,NA,NA,"1 ","3 ","7 ",NA,"1 ",2,"1 ",3,"3 "
"44",5095,1665,6201,60303,"5","1","v2","Y",64,3,"2 ",NA,NA,NA,NA,NA,NA,NA,NA,NA,NA,NA,"1 ","3 ","13 ",NA,"1 ",1,"1 ",2,"3 "
"45",5096,1665,6201,60303,"5","1","v2","Y",64,4,"2 ",NA,NA,NA,NA,NA,NA,NA,NA,NA,NA,NA,"1 ","3 ","14 ",NA,"1 ",1,"1 ",2,"3 "
"46",5177,1682,6101,60303,"5","1","v2","Y",61,3,"1 ",1,NA,NA,NA,NA,NA,NA,NA,NA,"081930446","0","1 ","3 ","13 ",NA,"1 ",1,"1 ",2,"3 "
"47",5179,1682,6101,60303,"5","1","v2","Y",61,5,"2 ",1,NA,NA,NA,NA,NA,NA,NA,NA,NA,NA,"1 ","3 ","4 ",NA,"1 ",1,"1 ",2,"3 "
"48",5266,1704,6101,60303,"5","2","v2","Y",61,4,"1 ",1,NA,NA,NA,NA,NA,NA,NA,NA,NA,"009125561","1 ","2 ","13 ",3,"1 ",1,"1 ",2,"3 "
"49",5267,1704,6101,60303,"5","2","v2","Y",61,5,"1 ",1,NA,NA,NA,NA,NA,NA,NA,NA,"009125561","0","1 ","1 ",NA,NA,"1 ",3,"1 ",4,"3 "
"50",5268,1704,6101,60303,"5","2","v2","Y",61,6,"1 ",1,NA,NA,NA,NA,NA,NA,NA,NA,"91657241","0","1 ","3 ","13 ",3,"1 ",1,"1 ",2,"3 "
"51",5625,1783,5201,50403,"3","2","v2","Y",52,3,"2 ",NA,NA,NA,NA,NA,NA,NA,NA,NA,NA,NA,"1 ","2 ","14 ",NA,"3 ",NA,"1 ",1,"3 "
"52",5743,1803,5201,50403,"3","5","v2","Y",51,4,"2 ",NA,NA,NA,NA,NA,NA,NA,NA,NA,NA,NA,"1 ","2 ","13 ",NA,"1 ",2,"1 ",1,"3 "
"53",6059,1866,3111,31101,"7","6","v2","Y",26,3,"1 ",1,NA,NA,NA,NA,NA,NA,NA,NA,"011279645","0","1 ","3 ","6 ",NA,"2 ",NA,"1 ",2,"3 "
"54",6338,1915,3211,31101,"7","2","v2","Y",28,3,"2 ",NA,NA,NA,NA,NA,NA,NA,NA,NA,NA,NA,"1 ","2 ","15 ",NA,"1 ",1,NA,2,"3 "
"55",6456,1935,5101,50403,"3","6","v2","Y",51,3,"2 ",NA,NA,NA,NA,NA,NA,NA,NA,NA,"00","00","1 ","2 ","12 ",NA,"2 ",NA,"2 ",NA,"3 "
"56",6457,1935,5101,50403,"3","6","v2","Y",51,4,"2 ",NA,NA,NA,NA,NA,NA,NA,NA,NA,NA,NA,"3 ",NA,NA,NA,"2 ",NA,"2 ",NA,"3 "
"57",6474,1937,5101,50403,"3","3","v2","Y",51,8,"1 ",1,NA,NA,NA,NA,NA,NA,NA,NA,"00","00","1 ","3 ","14 ",7,"2 ",NA,"2 ",NA,"3 "
"58",6751,1992,3107,30608,"19","3","v2","Y",93,4,"1 ",1,NA,NA,NA,NA,NA,NA,NA,NA,"764883851",NA,"1 ","2 ","13 ",NA,"1 ",1,"1 ",2,"4 "
"59",6752,1992,3107,30608,"19","3","v2","Y",93,5,"1 ",1,NA,NA,NA,NA,NA,NA,NA,NA,"787380882",NA,"1 ","2 ","9 ",NA,"1 ",1,"1 ",2,"4 "
"60",6942,2027,5201,50403,"3","7","v2","Y",51,4,"2 ",NA,NA,NA,NA,NA,NA,NA,NA,NA,NA,NA,"1 ","3 ","13 ",NA,"1 ",1,"1 ",2,"3 "
"61",6976,2034,3211,31101,"7","3","v2","Y",28,4,"2 ",NA,NA,NA,NA,NA,NA,NA,NA,NA,NA,NA,"1 ","3 ","15 ",NA,"1 ",1,"1 ",2,"3 "
"62",6977,2034,3211,31101,"7","3","v2","Y",28,5,"2 ",NA,NA,NA,NA,NA,NA,NA,NA,NA,NA,NA,"1 ","2 ","13 ",NA,"1 ",1,"1 ",2,"3 "
"63",6997,2037,5204,50703,"3","1","v2","Y",58,8,"2 ",NA,NA,NA,NA,NA,NA,NA,NA,NA,NA,NA,"1 ","3 ","10 ",NA,"1 ",1,"1 ",2,"3 "
"64",7098,2059,5101,50403,"3","4","v2","Y",51,3,"1 ",1,NA,NA,NA,NA,NA,NA,NA,NA,"00","00","1 ","3 ","13 ",NA,"1 ",1,"1 ",2,"3 "
"65",7174,2074,1211,11306,"5","3","v2","Y",11,4,"2 ",NA,NA,NA,NA,NA,NA,NA,NA,NA,NA,NA,"1 ","2 ","13 ",5,"1 ",1,"1 ",2,"3 "
"66",7175,2074,1211,11306,"5","3","v2","Y",11,5,"2 ",NA,NA,NA,NA,NA,NA,NA,NA,NA,NA,NA,"1 ","2 ","13 ",4,"2 ",NA,"2 ",NA,"3 "
"67",7406,2114,5101,50403,"2","1","v2","Y",53,6,"1 ",1,NA,NA,NA,NA,NA,NA,NA,NA,"051164750","0","1 ","2 ","13 ",NA,"1 ",3,"1 ",4,"3 "
"68",7636,2166,5204,50703,"3","4","v2","Y",56,8,"2 ",NA,NA,NA,NA,NA,NA,NA,NA,NA,NA,NA,"1 ","3 ","2 ",NA,"1 ",1,"1 ",4,"3 "
"69",7639,2167,5204,50703,"3","1","v2","Y",55,1,"2 ",NA,NA,NA,NA,NA,NA,NA,NA,NA,"00","0000","1 ","2 ","13 ",2,"2 ",NA,"2 ",NA,"3 "
"70",7643,2167,5204,50703,"3","1","v2","Y",55,5,"2 ",NA,NA,NA,NA,NA,NA,NA,NA,NA,NA,NA,"3 ",NA,NA,6,"2 ",NA,"2 ",NA,"3 "
"71",7644,2167,5204,50703,"3","1","v2","Y",55,6,"2 ",NA,NA,NA,NA,NA,NA,NA,NA,NA,NA,NA,"3 ",NA,NA,5,"2 ",NA,"2 ",NA,"3 "
"72",7816,2201,5101,50403,"3","1","v2","N",51,2,"1 ",1,NA,NA,NA,NA,NA,NA,NA,NA,"00","00","1 ","3 ","13 ",NA,"1 ",5,"1 ",1,"3 "
"73",7817,2201,5101,50403,"3","1","v2","N",51,3,"1 ",1,NA,NA,NA,NA,NA,NA,NA,NA,"078474152","00","1 ","3 ","12 ",NA,"1 ",5,"1 ",1,"3 "
"74",7818,2201,5101,50403,"3","1","v2","N",51,4,"1 ",1,NA,NA,NA,NA,NA,NA,NA,NA,"00","00","1 ","3 ","12 ",NA,"1 ",5,"1 ",1,"3 "
"75",7831,2204,5201,50403,"3","8","v2","Y",51,4,"2 ",NA,NA,NA,NA,NA,NA,NA,NA,NA,NA,NA,"1 ","3 ","12 ",NA,"1 ",1,"1 ",2,"3 "
"76",7958,2222,5201,50403,"3","4","v2","Y",53,4,"2 ",NA,NA,NA,NA,NA,NA,NA,NA,NA,NA,NA,"1 ","3 ","11 ",NA,"1 ",1,"1 ",2,"3 "
"77",7963,2223,5101,50403,"3","3","v2","Y",52,5,"1 ",1,NA,NA,NA,NA,NA,NA,NA,NA,"0","0","1 ","2 ","13 ",NA,"1 ",1,"1 ",2,"3 "
"78",7991,2229,5201,50403,"3","5","v2","Y",54,3,"2 ",NA,NA,NA,NA,NA,NA,NA,NA,NA,NA,NA,"1 ","2 ","11 ",4,"1 ",1,"1 ",2,"3 "
"79",7992,2229,5201,50403,"3","5","v2","Y",54,4,"2 ",NA,NA,NA,NA,NA,NA,NA,NA,NA,NA,NA,"1 ","2 ","8 ",3,"1 ",1,"1 ",2,"3 "
"80",7993,2229,5201,50403,"3","5","v2","Y",54,5,"2 ",NA,NA,NA,NA,NA,NA,NA,NA,NA,NA,NA,"1 ","2 ","13 ",NA,"2 ",3,"1 ",4,"3 "
"81",7996,2229,5201,50403,"3","5","v2","Y",54,8,"2 ",NA,NA,NA,NA,NA,NA,NA,NA,NA,NA,NA,"1 ","2 ","13 ",NA,"1 ",6,"1 ",4,"3 "
"82",7997,2229,5201,50403,"3","5","v2","Y",54,9,"2 ",NA,NA,NA,NA,NA,NA,NA,NA,NA,NA,NA,"1 ","2 ","14 ",NA,"1 ",6,"1 ",7,"3 "
"83",8029,2235,5101,50403,"2","1","v2","Y",54,3,NA,1,NA,NA,NA,NA,NA,NA,NA,NA,NA,NA,NA,NA,NA,NA,NA,NA,NA,NA,"4 "
"84",8035,2236,5201,50403,"3","2","v2","Y",54,5,"2 ",NA,NA,NA,NA,NA,NA,NA,NA,NA,NA,NA,"1 ","3 ","11 ",NA,"3 ",NA,"1 ",1,"3 "
"85",8615,2393,3101,30102,"8","15","v2","Y",52,3,"1 ",1,NA,NA,NA,NA,NA,NA,NA,NA,"679202440","0","1 ","3 ","12 ",NA,"3 ",NA,"1 ",1,"3 "
"86",8794,2427,3201,30102,"8","13","v2","Y",53,5,"2 ",NA,NA,NA,NA,NA,NA,NA,NA,NA,NA,NA,"1 ","2 ","11 ",NA,"1 ",1,"1 ",2,"3 "
"87",8837,2434,3201,30102,"8","11","v2","Y",53,3,"2 ",NA,NA,NA,NA,NA,NA,NA,NA,NA,NA,NA,"1 ","2 ","12 ",4,"1 ",1,"1 ",2,"3 "
"88",8838,2434,3201,30102,"8","11","v2","Y",53,4,"2 ",NA,NA,NA,NA,NA,NA,NA,NA,NA,NA,NA,"1 ","2 ","12 ",3,"1 ",1,"1 ",2,"3 "
"89",8841,2434,3201,30102,"8","11","v2","Y",53,7,"2 ",NA,NA,NA,NA,NA,NA,NA,NA,NA,NA,NA,"1 ","2 ","14 ",NA,"1 ",1,"1 ",2,"3 "
"90",8842,2434,3201,30102,"8","11","v2","Y",53,8,"2 ",NA,NA,NA,NA,NA,NA,NA,NA,NA,NA,NA,"1 ","3 ","12 ",NA,"1 ",1,"1 ",2,"3 "
"91",8853,2436,3101,30102,"8","5","v2","Y",53,4,"1 ",1,NA,NA,NA,NA,NA,NA,NA,NA,"622994820",NA,"1 ","3 ","13 ",NA,"1 ",1,"1 ",2,"3 "
"92",8862,2438,3101,30102,"8","16","v2","Y",53,3,"1 ",1,NA,NA,NA,NA,NA,NA,NA,NA,"898994320",NA,"1 ","2 ","12 ",NA,"1 ",2,"1 ",1,"3 "
"93",8879,2443,4204,40605,"6","1","v2","Y",43,3,"2 ",NA,NA,NA,NA,NA,NA,NA,NA,NA,NA,NA,"1 ","2 ","13 ",1,"2 ",NA,"2 ",NA,"3 "
"94",8914,2451,3201,30102,"8","18","v2","Y",52,8,"2 ",NA,NA,NA,NA,NA,NA,NA,NA,NA,NA,NA,"1 ","3 ","12 ",NA,"1 ",1,"3 ",NA,"3 "
"95",8934,2455,3201,30102,"8","17","v2","Y",52,4,"2 ",NA,NA,NA,NA,NA,NA,NA,NA,NA,NA,NA,"1 ","2 ","13 ",NA,"1 ",1,"3 ",2,"3 "
"96",8935,2455,3201,30102,"8","17","v2","Y",52,5,"2 ",NA,NA,NA,NA,NA,NA,NA,NA,NA,NA,NA,"1 ","3 ","12 ",NA,"1 ",1,"3 ",2,"3 "
"97",8936,2455,3201,30102,"8","17","v2","Y",52,6,"2 ",NA,NA,NA,NA,NA,NA,NA,NA,NA,NA,NA,"1 ","3 ","10 ",NA,"1 ",1,"3 ",2,"3 "
"98",8937,2455,3201,30102,"8","17","v2","Y",52,7,"2 ",NA,NA,NA,NA,NA,NA,NA,NA,NA,NA,NA,"1 ","3 ","6 ",NA,"1 ",1,"1 ",2,"3 "
"99",8945,2457,3201,30102,"8","16","v2","Y",52,4,"2 ",NA,NA,NA,NA,NA,NA,NA,NA,NA,NA,NA,"1 ","2 ","13 ",NA,"1 ",1,"1 ",2,"3 "
"100",9030,2474,5204,50703,"3","2","v2","Y",57,4,"2 ",NA,NA,NA,NA,NA,NA,NA,NA,NA,NA,NA,"1 ","2 ","13 ",NA,"1 ",1,"1 ",2,"3 "
"101",9160,2501,2310,20612,"3","4","v2","Y",27,1,"2 ",NA,2,NA,NA,NA,NA,NA,NA,NA,NA,NA,"1 ","2 ","14 ",2,"3 ",NA,"3 ",NA,"3 "
"102",9161,2501,2310,20612,"3","4","v2","Y",27,2,"2 ",NA,NA,NA,NA,NA,NA,NA,NA,NA,NA,NA,"1 ","2 ","12 ",1,"3 ",NA,"2 ",NA,"3 "
"103",9162,2501,2310,20612,"3","4","v2","Y",27,3,"2 ",NA,NA,NA,NA,NA,NA,NA,NA,NA,NA,NA,"1 ","2 ","15 ",4,"1 ",1,"1 ",2,"3 "
"104",9163,2501,2310,20612,"3","4","v2","Y",27,4,"2 ",NA,NA,NA,NA,NA,NA,NA,NA,NA,NA,NA,"1 ","2 ","13 ",3,"3 ",NA,"2 ",NA,"3 "
"105",9164,2501,2310,20612,"3","4","v2","Y",27,5,"2 ",NA,NA,NA,NA,NA,NA,NA,NA,NA,NA,NA,"1 ","3 ","13 ",NA,"1 ",3,"1 ",4,"3 "
"106",9165,2501,2310,20612,"3","4","v2","Y",27,6,"2 ",NA,NA,NA,NA,NA,NA,NA,NA,NA,NA,NA,"1 ","2 ","15 ",7,"1 ",1,"1 ",2,"3 "
"107",9166,2501,2310,20612,"3","4","v2","Y",27,7,"2 ",NA,NA,NA,NA,NA,NA,NA,NA,NA,NA,NA,"1 ","2 ","14 ",6,"3 ",NA,"2 ",NA,"3 "
"108",9167,2501,2310,20612,"3","4","v2","Y",27,8,"2 ",NA,NA,NA,NA,NA,NA,NA,NA,NA,NA,NA,"1 ","3 ","7 ",NA,"1 ",6,"1 ",7,"3 "
"109",9168,2501,2310,20612,"3","4","v2","Y",27,9,"2 ",NA,NA,NA,NA,NA,NA,NA,NA,NA,NA,NA,"3 ",NA,NA,NA,"1 ",6,"1 ",7,"3 "
"110",9170,2501,2310,20612,"3","4","v2","Y",27,11,"2 ",NA,NA,NA,NA,NA,NA,NA,NA,NA,NA,NA,"1 ","2 ","14 ",10,"2 ",NA,"2 ",NA,"3 "
"111",9171,2501,2310,20612,"3","4","v2","Y",27,12,"2 ",NA,NA,NA,NA,NA,NA,NA,NA,NA,NA,NA,"1 ","3 ","1 ",NA,"2 ",NA,"1 ",11,"3 "
"112",9172,2501,2310,20612,"3","4","v2","Y",27,13,"2 ",NA,NA,NA,NA,NA,NA,NA,NA,NA,NA,NA,"3 ",NA,NA,NA,"2 ",NA,"1 ",11,"3 "
"113",9202,2507,3111,31101,"7","3","v2","Y",27,4,"2 ",NA,NA,NA,NA,NA,NA,NA,NA,NA,NA,NA,"1 ","2 ","11 ",2,"3 ",NA,"1 ",1,"3 "
"114",9203,2507,3111,31101,"7","3","v2","Y",27,5,"2 ",1,NA,NA,NA,NA,NA,NA,NA,NA,NA,NA,"1 ","2 ","13 ",NA,"1 ",4,"1 ",2,"3 "
"115",9204,2507,3111,31101,"7","3","v2","Y",27,6,"2 ",NA,NA,NA,NA,NA,NA,NA,NA,NA,NA,NA,"1 ","2 ","12 ",NA,"1 ",4,"1 ",2,"3 "
"116",9223,2511,2310,20612,"3","3","v2","Y",26,3,"2 ",NA,NA,NA,NA,NA,NA,NA,NA,NA,NA,NA,"1 ","3 ","13 ",NA,"1 ",1,"1 ",2,"3 "
"117",9400,2555,7206,70811,"7","10","v2","Y",73,3,"2 ",NA,NA,NA,NA,NA,NA,NA,NA,NA,NA,NA,"1 ","3 ","13 ",NA,"1 ",1,"1 ",2,"3 "
"118",9573,2589,7206,70811,"7","7","v2","Y",74,5,"2 ",NA,NA,NA,NA,NA,NA,NA,NA,NA,NA,NA,"1 ","2 ","7 ",NA,"1 ",1,"1 ",2,"3 "
"119",9727,2620,7206,70811,"7","6","v2","Y",72,2,"2 ",NA,NA,NA,NA,NA,NA,NA,NA,NA,NA,NA,"1 ","2 ","10 ",3,"3 ",NA,"1 ",1,"3 "
"120",9755,2624,7206,70811,"7","9","v2","Y",72,5,"2 ",NA,NA,NA,NA,NA,NA,NA,NA,NA,NA,NA,"1 ","2 ","8 ",NA,"1 ",1,"1 ",2,"3 "
"121",9766,2626,7106,70811,"7","8","v2","Y",72,3,"1 ",1,NA,NA,NA,NA,NA,NA,NA,NA,"089384271","0","1 ","2 ","12 ",4,NA,1,"1 ",2,"3 "
"122",9768,2626,7106,70811,"7","8","v2","Y",72,5,"1 ",1,NA,NA,NA,NA,NA,NA,NA,NA,"0","0","1 ","2 ","13 ",NA,"1 ",1,"1 ",2,"3 "
"123",9928,2656,2310,20612,"3","7","v3","Y",28,7,"2 ",NA,NA,NA,NA,NA,NA,NA,NA,NA,NA,NA,"1 ","3 ","13 ",NA,"1 ",1,"1 ",2,"3 "
"124",9931,2657,1314,11307,"8","3","v3","Y",11,3,"2 ",NA,NA,NA,NA,NA,NA,NA,NA,NA,NA,NA,"1 ","2 ","2 ",NA,"2 ",NA,"2 ",NA,"4 "
"125",9938,2659,4308,40808,"1","2","v3","Y",55,3,"2 ",NA,2,NA,NA,NA,NA,NA,NA,NA,NA,NA,"1 ","2 ","8 ",NA,"1 ",1,"2 ",2,"3 "
"126",9939,2659,4308,40808,"1","2","v3","Y",55,4,"2 ",NA,2,NA,NA,NA,NA,NA,NA,NA,"000","0000","1 ","3 ","9 ",NA,"1 ",1,"2 ",2,"3 "
"127",9950,2662,4408,40808,"1","3","v3","Y",55,2,"2 ",NA,NA,NA,NA,NA,NA,NA,NA,NA,NA,NA,"3 ",NA,NA,1,"2 ",NA,"2 ",NA,"3 "
"128",9951,2662,4408,40808,"1","3","v3","Y",55,3,"2 ",NA,NA,NA,NA,NA,NA,NA,NA,NA,NA,NA,"1 ","3 ","3 ",NA,"1 ",1,"2 ",2,"3 "
"129",9952,2662,4408,40808,"1","3","v3","Y",55,4,"2 ",NA,NA,NA,NA,NA,NA,NA,NA,NA,NA,NA,"3 ",NA,NA,NA,"1 ",1,"2 ",2,"3 "
"130",9962,2665,4408,40808,"1","6","v3","Y",56,3,"2 ",NA,NA,NA,NA,NA,NA,NA,NA,NA,NA,NA,"1 ","3 ","13 ",NA,"1 ",1,"1 ",2,"3 "
"131",9966,2666,4308,40808,"1","4","v3","Y",58,3,"2 ",NA,2,NA,NA,NA,NA,NA,NA,NA,"00","00","1 ","2 ","10 ",1,"2 ",NA,"2 ",NA,"3 "
"132",9988,2672,4408,40808,"1","5","v3","Y",58,4,"2 ",NA,NA,NA,NA,NA,NA,NA,NA,NA,NA,NA,"1 ","3 ","6 ",NA,"1 ",1,"1 ",2,"3 "
"133",9989,2672,4408,40808,"1","5","v3","Y",58,5,"2 ",NA,NA,NA,NA,NA,NA,NA,NA,NA,NA,NA,"1 ","3 ","5 ",NA,"1 ",1,"1 ",2,"3 "
"134",10502,2792,1208,11211,"9","8","v3","Y",22,3,"2 ",NA,NA,NA,NA,NA,NA,NA,NA,NA,NA,NA,"1 ","2 ","14 ",NA,"1 ",1,"1 ",2,"3 "
"135",10503,2792,1208,11211,"9","8","v3","Y",22,4,"2 ",NA,NA,NA,NA,NA,NA,NA,NA,NA,NA,NA,"1 ","2 ","13 ",NA,"1 ",1,"1 ",2,"3 "
"136",10517,2795,1108,11211,"9","10","v3","Y",24,4,"2 ",NA,NA,NA,NA,NA,NA,NA,NA,NA,NA,NA,"1 ","2 ","13 ",NA,"3 ",NA,"3 ",NA,"3 "
"137",10518,2795,1108,11211,"9","10","v3","Y",24,5,"2 ",NA,NA,NA,NA,NA,NA,NA,NA,NA,NA,NA,"1 ","2 ","13 ",5,"2 ",NA,"2 ",NA,"3 "
"138",10619,2816,6101,60303,"2","5","v3","Y",63,3,"1 ",1,NA,NA,NA,NA,NA,NA,NA,NA,"017926683","0","1 ","3 ","13 ",NA,"1 ",1,"1 ",2,"3 "
"139",10620,2816,6101,60303,"2","5","v3","Y",63,4,"1 ",1,NA,NA,NA,NA,NA,NA,NA,NA,"028648060","0","1 ","3 ","11 ",5,"1 ",1,"1 ",2,"3 "
"140",10621,2816,6101,60303,"2","5","v3","Y",63,5,"1 ",1,NA,NA,NA,NA,NA,NA,NA,NA,"059225530","0","1 ","3 ","13 ",4,"2 ",NA,"2 ",NA,"3 "
"141",10625,2817,6201,60303,"2","6","v3","Y",63,4,"2 ",NA,NA,NA,NA,NA,NA,NA,NA,NA,NA,NA,"1 ","3 ","13 ",NA,"1 ",1,"1 ",2,"3 "
"142",10626,2817,6201,60303,"2","6","v3","Y",63,5,"2 ",NA,NA,NA,NA,NA,NA,NA,NA,NA,NA,NA,"1 ","3 ","11 ",NA,"1 ",1,"1 ",2,"3 "
"143",10629,2818,6201,60303,"2","3","v3","Y",63,3,"2 ",NA,NA,NA,NA,NA,NA,NA,NA,NA,NA,NA,"1 ","3 ","13 ",NA,"1 ",1,"1 ",2,"3 "
"144",10630,2818,6201,60303,"2","3","v3","Y",63,4,"2 ",NA,NA,NA,NA,NA,NA,NA,NA,NA,NA,NA,"1 ","3 ","11 ",NA,"1 ",1,"1 ",2,"3 "
"145",10645,2821,6101,60303,"5","1","v3","Y",63,3,"1 ",1,NA,NA,NA,NA,NA,NA,NA,NA,"026958466","0","1 ","3 ","13 ",NA,"1 ",1,"1 ",2,"3 "
"146",10646,2821,6101,60303,"5","1","v3","Y",63,4,"1 ",1,NA,NA,NA,NA,NA,NA,NA,NA,"026958466","0","1 ","3 ","13 ",NA,"1 ",1,"1 ",2,"3 "
"147",10647,2821,6101,60303,"5","1","v3","Y",63,5,"1 ",1,NA,NA,NA,NA,NA,NA,NA,NA,"026958466","0","1 ","3 ","11 ",NA,"1 ",1,"1 ",2,"3 "
"148",10648,2821,6101,60303,"5","1","v3","Y",63,6,"1 ",1,NA,NA,NA,NA,NA,NA,NA,NA,"026958466","0","1 ","3 ","9 ",NA,"1 ",1,"1 ",2,"3 "
"149",10651,2822,6201,60303,"2","3","v3","Y",61,3,"2 ",NA,NA,NA,NA,NA,NA,NA,NA,NA,NA,NA,"1 ","3 ","12 ",NA,"1 ",1,"1 ",2,"3 "
"150",10662,2824,6201,60303,"2","5","v3","Y",61,3,"2 ",NA,NA,NA,NA,NA,NA,NA,NA,NA,NA,NA,"1 ","2 ","13 ",NA,"1 ",1,"1 ",2,"3 "
"151",10663,2824,6201,60303,"2","5","v3","Y",61,4,"2 ",NA,NA,NA,NA,NA,NA,NA,NA,NA,NA,NA,"1 ","3 ","12 ",NA,"1 ",1,"1 ",2,"3 "
"152",10664,2824,6201,60303,"2","5","v3","Y",61,5,"2 ",NA,NA,NA,NA,NA,NA,NA,NA,NA,NA,NA,"1 ","3 ","12 ",NA,"1 ",1,"1 ",2,"3 "
"153",10667,2825,6101,60303,"2","6","v3","Y",61,3,"1 ",1,NA,NA,NA,NA,NA,NA,NA,NA,"003289860",NA,"1 ","3 ","13 ",NA,"1 ",1,"1 ",2,"3 "
"154",10880,2872,3206,30604,"11","4","v3","Y",93,6,"2 ",NA,NA,NA,NA,NA,NA,NA,NA,NA,NA,NA,"1 ","2 ","14 ",NA,"1 ",1,"1 ",2,"3 "
"155",10900,2877,2107,20613,"5","7","v3","Y",27,5,"1 ",1,NA,NA,NA,NA,NA,NA,NA,NA,"776190391",NA,"1 ","3 ","14 ",NA,"1 ",3,"1 ",4,"3 "
"156",10901,2877,2107,20613,"5","7","v3","Y",27,6,"1 ",1,NA,NA,NA,NA,NA,NA,NA,NA,"784329501",NA,"1 ","3 ","13 ",NA,"1 ",3,"1 ",4,"3 "
"157",10902,2877,2107,20613,"5","7","v3","Y",27,7,"1 ",1,NA,NA,NA,NA,NA,NA,NA,NA,"772488415",NA,"1 ","3 ","13 ",NA,"1 ",3,"1 ",4,"3 "
"158",10912,2880,1108,11211,"9","9","v3","Y",23,1,"1 ",1,NA,NA,NA,NA,NA,NA,NA,NA,NA,NA,"1 ","2 ","9 ",2,"2 ",NA,"2 ",NA,"3 "
"159",10919,2881,2107,20613,"5","11","v3","Y",27,3,"1 ",1,NA,NA,NA,NA,NA,NA,NA,NA,"657117230",NA,"1 ","2 ","2 ",4,"1 ",1,"1 ",2,"3 "
"160",10923,2881,2107,20613,"5","11","v3","Y",27,7,"1 ",1,NA,NA,NA,NA,NA,NA,NA,NA,"886372130",NA,"1 ","2 ","4 ",NA,"1 ",1,"1 ",2,"3 "
"161",10989,2897,7310,70813,"4","9","v3","Y",71,5,"1 ",1,NA,NA,NA,NA,NA,NA,NA,NA,"0","0","3 ",NA,NA,NA,"3 ",NA,"3 ",NA,"3 "
"162",10990,2897,7310,70813,"4","9","v3","Y",71,6,"2 ",NA,NA,NA,NA,NA,NA,NA,NA,NA,NA,NA,"1 ","2 ","14 ",NA,"2 ",5,"3 ",NA,"3 "
"163",11000,2899,1208,11211,"9","10","v3","Y",22,3,"2 ",NA,NA,NA,NA,NA,NA,NA,NA,NA,NA,NA,"1 ","2 ","10 ",4,"1 ",1,"1 ",2,"3 "
"164",11014,2900,1108,11211,"9","11","v3","Y",22,4,"1 ",1,NA,NA,NA,NA,NA,NA,NA,NA,"770196626","0","1 ","2 ","12 ",5,"3 ",NA,"3 ",NA,"3 "
"165",11016,2900,1108,11211,"9","11","v3","Y",22,6,"2 ",NA,NA,NA,NA,NA,NA,NA,NA,NA,NA,NA,"1 ","2 ","13 ",NA,"1 ",4,"1 ",5,"3 "
"166",11017,2900,1108,11211,"9","11","v3","Y",22,7,"2 ",NA,NA,NA,NA,NA,NA,NA,NA,NA,NA,NA,"1 ","2 ","12 ",NA,"1 ",4,"1 ",5,"3 "
"167",11084,2911,4104,40605,"6","2","v3","Y",44,4,"2 ",NA,NA,NA,NA,NA,NA,NA,NA,NA,NA,NA,"1 ","2 ","12 ",3,"3 ",NA,"2 ",NA,"3 "
"168",11085,2911,4104,40605,"6","2","v3","Y",44,5,"2 ",NA,NA,NA,NA,NA,NA,NA,NA,NA,NA,NA,"1 ","2 ","14 ",NA,"2 ",NA,"2 ",NA,"3 "
"169",11088,2911,4104,40605,"6","2","v3","Y",44,8,"2 ",NA,NA,NA,NA,NA,NA,NA,NA,NA,NA,NA,"1 ","2 ","12 ",7,"2 ",NA,"3 ",NA,"3 "
"170",11089,2911,4104,40605,"6","2","v3","Y",44,9,"2 ",NA,NA,NA,NA,NA,NA,NA,NA,NA,NA,NA,"1 ","2 ","12 ",NA,"2 ",NA,"2 ",NA,"3 "
"171",11090,2911,4104,40605,"6","2","v3","Y",44,10,"2 ",NA,NA,NA,NA,NA,NA,NA,NA,NA,NA,NA,"1 ","2 ","9 ",NA,"2 ",NA,"2 ",NA,"3 "
"172",11108,2915,4104,40605,"6","3","v3","Y",44,3,"2 ",NA,NA,NA,NA,NA,NA,NA,NA,NA,NA,NA,"1 ","2 ","12 ",4,"1 ",1,"1 ",2,"3 "
"173",11109,2915,4104,40605,"6","3","v3","Y",44,4,"2 ",NA,NA,NA,NA,NA,NA,NA,NA,NA,NA,NA,"1 ","2 ","12 ",3,"2 ",NA,"2 ",NA,"3 "
"174",11110,2915,4104,40605,"6","3","v3","Y",44,5,"2 ",NA,NA,NA,NA,NA,NA,NA,NA,NA,NA,NA,"1 ","3 ","4 ",NA,"2 ",NA,"2 ",NA,"3 "
"175",11253,2946,4317,40806,"17","5","v3","Y",57,1,"2 ",NA,NA,NA,NA,NA,NA,NA,NA,NA,NA,NA,"1 ","2 ","6 ",2,"3 ",NA,"3 ",NA,"3 "
"176",11254,2946,4317,40806,"17","5","v3","Y",57,2,"2 ",NA,NA,NA,NA,NA,NA,NA,NA,NA,NA,NA,"1 ","2 ","3 ",2,"2 ",NA,"2 ",NA,"3 "
"177",11256,2946,4317,40806,"17","5","v3","Y",57,4,"1 ",NA,2,NA,NA,NA,NA,NA,NA,NA,"208011302",NA,"1 ","2 ","13 ",NA,"1 ",1,"1 ",2,"3 "
"178",11261,2948,4417,40806,"17","9","v3","Y",56,2,"2 ",NA,NA,NA,NA,NA,NA,NA,NA,NA,NA,NA,"3 ","1 ",NA,3,"3 ",NA,"3 ",NA,"3 "
"179",11262,2948,4417,40806,"17","9","v3","Y",56,3,"2 ",NA,NA,NA,NA,NA,NA,NA,NA,NA,NA,NA,"3 ",NA,NA,2,"2 ",NA,"2 ",NA,"3 "
"180",11263,2948,4417,40806,"17","9","v3","Y",56,4,"2 ",NA,NA,NA,NA,NA,NA,NA,NA,NA,NA,NA,"3 ","1 ",NA,5,"1 ",2,"1 ",3,"3 "
"181",11264,2948,4417,40806,"17","9","v3","Y",56,5,"2 ",NA,NA,NA,NA,NA,NA,NA,NA,NA,NA,NA,"3 ","1 ",NA,4,"2 ",NA,"2 ",NA,"3 "
"182",11266,2949,4317,40806,"17","4","v3","Y",55,2,"2 ",NA,NA,NA,NA,NA,NA,NA,NA,NA,NA,NA,"1 ","2 ","13 ",3,"2 ",NA,"1 ",5,"3 "
"183",11267,2949,4317,40806,"17","4","v3","Y",55,3,"2 ",NA,NA,NA,NA,NA,NA,NA,NA,NA,NA,NA,NA,"2 ","13 ",2,"2 ",NA,"2 ",NA,"3 "
"184",11268,2949,4317,40806,"17","4","v3","Y",55,4,"2 ",NA,NA,NA,NA,NA,NA,NA,NA,NA,NA,NA,"1 ","2 ","13 ",NA,"2 ",NA,"2 ",NA,"3 "
"185",11269,2949,4317,40806,"17","4","v3","Y",55,5,"2 ",NA,2,NA,NA,NA,NA,NA,NA,NA,NA,NA,"3 ",NA,NA,NA,"2 ",NA,"2 ",NA,"3 "
"186",11300,2956,4417,40806,"17","7","v3","Y",58,2,"2 ",NA,NA,NA,NA,NA,NA,NA,NA,NA,NA,NA,"1 ","2 ","10 ",3,"2 ",NA,"2 ",NA,"3 "
"187",11301,2956,4417,40806,"17","7","v3","Y",58,3,"2 ",NA,NA,NA,NA,NA,NA,NA,NA,NA,NA,NA,"1 ","2 ","10 ",2,"2 ",NA,"2 ",NA,"3 "
"188",11302,2956,4417,40806,"17","7","v3","Y",58,4,"2 ",NA,NA,NA,NA,NA,NA,NA,NA,NA,NA,NA,"1 ","3 ","4 ",NA,"2 ",NA,"2 ",NA,"3 "
"189",11304,2957,4417,40806,"17","6","v3","Y",57,2,"2 ",NA,NA,NA,NA,NA,NA,NA,NA,NA,NA,NA,"1 ","2 ","13 ",2,"2 ",NA,"2 ",NA,"3 "
"190",11305,2957,4417,40806,"17","6","v3","Y",57,3,"2 ",NA,NA,NA,NA,NA,NA,NA,NA,NA,NA,NA,"1 ","3 ","5 ",NA,"1 ",1,"1 ",2,"3 "
"191",11339,2964,4203,40602,"4","11","v3","Y",41,4,"2 ",NA,NA,NA,NA,NA,NA,NA,NA,NA,NA,NA,"1 ","2 ","2 ",NA,"1 ",1,"1 ",2,"3 "
"192",11806,3058,1317,11307,"8","5","v3","Y",11,2,"2 ",NA,NA,NA,NA,NA,NA,NA,NA,NA,NA,NA,"1 ","2 ","11 ",NA,"2 ",NA,"2 ",NA,"3 "
"193",11807,3058,1317,11307,"8","5","v3","Y",11,3,"2 ",NA,NA,NA,NA,NA,NA,NA,NA,NA,NA,NA,"1 ","2 ","15 ",NA,"1 ",NA,"1 ",2,"3 "
"194",11809,3058,1317,11307,"8","5","v3","Y",11,5,"2 ",NA,NA,NA,NA,NA,NA,NA,NA,NA,NA,NA,"3 ",NA,NA,6,"2 ",NA,"2 ",NA,"3 "
"195",11810,3058,1317,11307,"8","5","v3","Y",11,6,"2 ",NA,NA,NA,NA,NA,NA,NA,NA,NA,NA,NA,"3 ",NA,NA,NA,"2 ",NA,"2 ",NA,"3 "
"196",11813,3059,4103,40602,"4","9","v3","Y",42,3,"1 ",1,NA,NA,NA,NA,NA,NA,NA,NA,"0","0","1 ","2 ","15 ",NA,"1 ",1,"1 ",2,"3 "
"197",11814,3059,4103,40602,"4","9","v3","Y",42,4,"1 ",1,NA,NA,NA,NA,NA,NA,NA,NA,"0","0","1 ","3 ","13 ",NA,"1 ",1,"1 ",2,"3 "
"198",11815,3059,4103,40602,"4","9","v3","Y",42,5,"1 ",1,NA,NA,NA,NA,NA,NA,NA,NA,"016228170","0","1 ","3 ","12 ",NA,"1 ",1,"1 ",2,"3 "
"199",11820,3060,4203,40602,"4","8","v3","Y",42,5,"2 ",NA,NA,NA,NA,NA,NA,NA,NA,NA,NA,NA,"1 ","3 ","3 ",NA,"1 ",3,"1 ",NA,"3 "
"200",11824,3061,4103,40602,"4","7","v3","Y",42,2,NA,1,NA,NA,NA,NA,NA,NA,NA,NA,NA,NA,NA,NA,NA,NA,NA,NA,NA,NA,"4 "
"201",11827,3062,4103,40602,"4","6","v3","Y",42,1,"1 ",1,NA,NA,NA,NA,NA,NA,NA,NA,"0","0","3 ",NA,NA,NA,"3 ",NA,"3 ",NA,"3 "
"202",11831,3062,4103,40602,"4","6","v3","Y",42,5,"1 ",1,NA,NA,NA,NA,NA,NA,NA,NA,"0","0","1 ","2 ","13 ",NA,"1 ",2,"1 ",3,"3 "
"203",11832,3062,4103,40602,"4","6","v3","Y",42,6,"1 ",1,NA,NA,NA,NA,NA,NA,NA,NA,"0","0","1 ","3 ","13 ",NA,"1 ",2,"1 ",3,"3 "
"204",11839,3064,5102,50601,"7","4","v3","Y",52,3,"1 ",1,NA,NA,NA,NA,NA,NA,NA,NA,"0","0","1 ","2 ","14 ",NA,"1 ",2,"1 ",1,"3 "
"205",11840,3064,5102,50601,"7","4","v3","Y",52,4,"1 ",1,NA,NA,NA,NA,NA,NA,NA,NA,"014728556","0","1 ","3 ","14 ",NA,"1 ",2,"1 ",1,"3 "
"206",11849,3066,5102,50601,"7","6","v3","Y",52,6,"2 ",NA,NA,NA,NA,NA,NA,NA,NA,NA,NA,NA,"1 ","2 ","14 ",4,"1 ",1,"1 ",2,"3 "
"207",11850,3066,5102,50601,"7","6","v3","Y",52,7,"2 ",NA,NA,NA,NA,NA,NA,NA,NA,NA,NA,NA,"1 ","2 ","14 ",6,"2 ",NA,"2 ",NA,"3 "
"208",11878,3072,5102,50601,"7","8","v3","Y",52,3,"1 ",1,NA,NA,NA,NA,NA,NA,NA,NA,"723875994","0","1 ","2 ","13 ",NA,"1 ",2,"1 ",1,"3 "
"209",11889,3074,5102,50601,"7","9","v3","Y",53,5,"1 ",1,NA,NA,NA,NA,NA,NA,NA,NA,"000848912",NA,"1 ","2 ","7 ",NA,NA,NA,NA,NA,"4 "
"210",11893,3075,5102,50601,"7","4","v3","Y",54,4,"1 ",1,NA,NA,NA,NA,NA,NA,NA,NA,"010489415","0","1 ","3 ","13 ",NA,"2 ",NA,"1 ",1,"3 "
"211",11925,3084,1208,11211,"9","14","v3","Y",24,2,"2 ",NA,NA,NA,NA,NA,NA,NA,NA,NA,NA,NA,"1 ","2 ","8 ",2,"2 ",NA,"2 ",NA,"4 "
"212",12005,3098,2107,20613,"5","15","v4","Y",27,5,"1 ",1,NA,NA,NA,NA,NA,NA,NA,NA,"002655391",NA,"1 ","2 ","13 ",NA,"1 ",1,"1 ",2,"3 "
"213",12006,3098,2107,20613,"5","15","v4","Y",27,6,"1 ",1,NA,NA,NA,NA,NA,NA,NA,NA,"661255560",NA,"1 ","2 ","9 ",NA,"1 ",1,"1 ",2,"3 "
"214",12008,3098,2107,20613,"5","15","v4","Y",27,8,"1 ",1,NA,NA,NA,NA,NA,NA,NA,NA,"019222862",NA,"1 ","3 ","5 ",NA,"1 ",1,"1 ",2,"3 "
"215",12009,3098,2107,20613,"5","15","v4","Y",27,9,"2 ",NA,NA,NA,NA,NA,NA,NA,NA,NA,NA,NA,"1 ","3 ","5 ",NA,"1 ",1,"1 ",2,"3 "
"216",12059,3110,6201,60303,"5","4","v4","Y",64,3,"2 ",NA,NA,NA,NA,NA,NA,NA,NA,NA,NA,NA,"1 ","2 ","13 ",NA,"1 ",1,"1 ",2,"3 "
"217",12060,3110,6201,60303,"5","4","v4","Y",64,4,"2 ",NA,NA,NA,NA,NA,NA,NA,NA,NA,NA,NA,"1 ","3 ","13 ",NA,"1 ",1,"1 ",2,"3 "
"218",12064,3111,6201,60303,"5","5","v4","Y",64,4,"2 ",NA,NA,NA,NA,NA,NA,NA,NA,NA,NA,NA,"1 ","3 ","5 ",NA,"1 ",1,"1 ",2,"3 "
"219",12078,3115,6101,60303,"5","5","v4","Y",62,2,"2 ",NA,NA,NA,NA,NA,NA,NA,NA,NA,NA,NA,"1 ","2 ","13 ",NA,"3 ",NA,"1 ",1,"3 "
"220",12088,3117,6201,60303,"2","2","v4","Y",62,5,"2 ",NA,NA,NA,NA,NA,NA,NA,NA,NA,NA,NA,"1 ","2 ","12 ",3,"1 ",1,"1 ",2,"3 "
"221",12098,3119,6101,60303,"5","4","v4","Y",62,4,"1 ",1,NA,NA,NA,NA,NA,NA,NA,NA,"06099351",NA,"1 ","3 ","13 ",NA,"1 ",1,"1 ",2,"3 "
"222",12156,3131,5202,50601,"7","10","v4","Y",51,5,"2 ",NA,NA,NA,NA,NA,NA,NA,NA,NA,NA,NA,"1 ","2 ","13 ",NA,"2 ",2,"1 ",1,"3 "
"223",12335,3164,2207,20613,"4","2","v4","Y",26,2,"2 ",NA,NA,NA,NA,NA,NA,NA,NA,NA,NA,NA,"1 ","2 ","3 ",1,"3 ",NA,"2 ",NA,"3 "
"224",12336,3164,2207,20613,"4","2","v4","Y",26,3,"2 ",NA,NA,NA,NA,NA,NA,NA,NA,NA,NA,NA,"1 ","3 ","3 ",NA,"1 ",2,"1 ",1,"3 "
"225",12337,3164,2207,20613,"4","2","v4","Y",26,4,"2 ",NA,NA,NA,NA,NA,NA,NA,NA,NA,NA,NA,"1 ","3 ","3 ",NA,"1 ",2,"1 ",1,"3 "
"226",12401,3174,2107,20613,"5","8","v4","Y",26,4,"2 ",NA,NA,NA,NA,NA,NA,NA,NA,NA,NA,NA,"1 ","3 ","14 ",NA,"1 ",2,"1 ",3,"3 "
"227",12403,3175,6201,60303,"5","1","v4","Y",64,2,"2 ",NA,NA,NA,NA,NA,NA,NA,NA,NA,NA,NA,"1 ","2 ","14 ",NA,"3 ",NA,"1 ",1,"3 "
"228",12419,3179,5202,50601,"7","4","v4","Y",51,3,"2 ",NA,NA,NA,NA,NA,NA,NA,NA,NA,NA,NA,"1 ","2 ","14 ",NA,"2 ",NA,"1 ",1,"3 "
"229",12420,3179,5202,50601,"7","4","v4","Y",51,4,"2 ",NA,NA,NA,NA,NA,NA,NA,NA,NA,NA,NA,"1 ","3 ","13 ",NA,"2 ",NA,"1 ",1,"3 "
"230",12430,3182,2207,20613,"5","10","v4","Y",26,2,"2 ",NA,NA,NA,NA,NA,NA,NA,NA,NA,NA,NA,"3 ",NA,NA,3,"1 ",1,"3 ",NA,"4 "
"231",12448,3185,2107,20613,"5","11","v4","Y",26,2,"1 ",1,NA,NA,NA,NA,NA,NA,NA,NA,"788155454",NA,"3 ",NA,NA,1,"2 ",NA,"2 ",NA,"3 "
"232",12562,3199,5102,50601,"7","11","v4","Y",54,8,"2 ",NA,NA,NA,NA,NA,NA,NA,NA,NA,NA,NA,"1 ","2 ","14 ",NA,"1 ",1,"1 ",2,"4 "
"233",12706,3224,1208,11211,"9","3","v4","Y",23,3,"2 ",NA,NA,NA,NA,NA,NA,NA,NA,NA,NA,NA,"1 ","2 ","11 ",NA,"1 ",1,"1 ",2,"3 "
"234",12710,3225,1108,11211,"9","4","v4","Y",23,4,"1 ",1,NA,NA,NA,NA,NA,NA,NA,NA,"00","00","1 ","3 ","13 ",NA,"1 ",1,"1 ",2,"3 "
"235",12846,3246,4103,40602,"4","3","v4","Y",41,1,"1 ",1,NA,NA,NA,NA,NA,NA,NA,NA,"027028606","0","3 ",NA,NA,NA,"3 ",NA,"3 ",NA,"3 "
"236",12847,3246,4103,40602,"4","3","v4","Y",41,2,"1 ",1,NA,NA,NA,NA,NA,NA,NA,NA,"066946622","0","1 ","2 ","14 ",3,"3 ",NA,"1 ",1,"3 "
"237",12848,3246,4103,40602,"4","3","v4","Y",41,3,"1 ",1,NA,NA,NA,NA,NA,NA,NA,NA,"011104844","0","1 ","2 ","13 ",NA,"2 ",NA,"2 ",NA,"3 "
"238",12849,3246,4103,40602,"4","3","v4","Y",41,4,"1 ",1,NA,NA,NA,NA,NA,NA,NA,NA,NA,"0","1 ","3 ","13 ",NA,"1 ",2,"1 ",3,"3 "
"239",12850,3246,4103,40602,"4","3","v4","Y",41,5,"1 ",1,NA,NA,NA,NA,NA,NA,NA,NA,NA,"0","1 ","3 ",NA,NA,"1 ",2,"1 ",3,"3 "
"240",13001,3273,7310,70813,"4","3","v5","Y",73,8,"2 ",NA,NA,NA,NA,NA,NA,NA,NA,NA,NA,NA,"1 ","2 ","13 ",NA,"1 ",1,"1 ",NA,"3 "
"241",13085,3291,7410,70813,"4","4","v5","Y",74,5,"1 ",1,NA,NA,NA,NA,NA,NA,NA,NA,"0","0","1 ","3 ","14 ",6,"1 ",1,"1 ",2,"3 "
"242",13086,3291,7410,70813,"4","4","v5","Y",74,6,"2 ",NA,NA,NA,NA,NA,NA,NA,NA,NA,NA,NA,"1 ","2 ","15 ",5,"3 ",NA,"2 ",NA,"3 "
"243",13161,3307,5202,50601,"7","2","v5","Y",52,2,"2 ",NA,NA,NA,NA,NA,NA,NA,NA,NA,NA,NA,"1 ","2 ","4 ",3,"2 ",NA,"2 ",NA,"3 "
"244",13162,3307,5202,50601,"7","2","v5","Y",52,3,"2 ",NA,NA,NA,NA,NA,NA,NA,NA,NA,NA,NA,"1 ","2 ","17 ",4,"2 ",NA,"2 ",NA,"3 "
"245",13292,3330,3206,30604,"11","4","v5","Y",94,5,"2 ",NA,NA,NA,NA,NA,NA,NA,NA,NA,NA,NA,"1 ","2 ","3 ",6,"3 ",NA,"1 ",1,"4 "
"246",13315,3336,3211,31101,"7","4","v5","Y",28,3,"1 ",NA,NA,NA,4,NA,NA,NA,NA,NA,NA,NA,"2 ","2 ","12 ",NA,"1 ",1,NA,NA,"3 "
"247",13378,3347,3111,31101,"7","1","v5","Y",28,5,NA,1,NA,NA,NA,NA,NA,NA,NA,NA,NA,NA,NA,NA,NA,NA,NA,NA,NA,NA,"4 "
"248",13379,3347,3111,31101,"7","1","v5","Y",28,6,"2 ",1,NA,NA,NA,NA,NA,NA,NA,NA,NA,NA,"1 ","2 ","15 ",5,"1 ",1,"1 ",6,"3 "
"249",13380,3347,3111,31101,"7","1","v5","Y",28,7,"2 ",1,NA,NA,NA,NA,NA,NA,NA,NA,NA,NA,"1 ","3 ","13 ",NA,"1 ",5,"1 ",6,"3 "
"250",13381,3347,3111,31101,"7","1","v5","Y",28,8,"2 ",1,NA,NA,NA,NA,NA,NA,NA,NA,NA,NA,"1 ","3 ","11 ",NA,"1 ",5,"1 ",6,"3 "
"251",13412,3356,5102,50601,"7","8","v5","Y",53,5,"1 ",1,NA,NA,NA,NA,NA,NA,NA,NA,"0","0","1 ","2 ","13 ",1,"1 ",1,"1 ",2,"3 "
"252",13655,3397,1209,11214,"18","2","v5","Y",21,3,"2 ",NA,NA,NA,NA,NA,NA,NA,NA,NA,NA,NA,"1 ","2 ","15 ",NA,"1 ",1,"1 ",2,"3 "
"253",13656,3397,1209,11214,"18","2","v5","Y",21,4,"2 ",NA,NA,NA,NA,NA,NA,NA,NA,NA,NA,NA,"1 ","2 ","14 ",NA,"1 ",1,"1 ",2,"3 "
"254",13661,3398,1108,11211,"9","1","v5","Y",22,3,NA,1,NA,NA,NA,NA,NA,NA,NA,NA,NA,NA,NA,NA,NA,NA,NA,NA,NA,NA,"4 "
"255",13685,3402,1208,11211,"9","2","v5","Y",22,3,"2 ",NA,NA,NA,NA,NA,NA,NA,NA,NA,NA,NA,"1 ","2 ","13 ",4,"1 ",1,"1 ",2,"3 "
"256",13686,3402,1208,11211,"9","2","v5","Y",22,4,"2 ",NA,NA,NA,NA,NA,NA,NA,NA,NA,NA,NA,"1 ","2 ","13 ",3,"2 ",NA,"2 ",NA,"3 "
"257",13687,3402,1208,11211,"9","2","v5","Y",22,5,"2 ",NA,NA,NA,NA,NA,NA,NA,NA,NA,NA,NA,"1 ","3 ","1 ",NA,"1 ",3,"1 ",4,"3 "
"258",13804,3417,4203,40602,"4","5","v5","Y",41,3,"2 ",NA,NA,NA,NA,NA,NA,NA,NA,NA,NA,NA,"1 ","2 ","12 ",NA,"1 ",1,"1 ",2,"4 "
"259",13808,3418,4203,40602,"4","4","v5","Y",41,4,"2 ",NA,NA,NA,NA,NA,NA,NA,NA,NA,NA,NA,"1 ","2 ","10 ",2,"2 ",1,"3 ",2,"3 "
"260",13851,3428,1108,11211,"9","1","v5","Y",23,3,"1 ",1,NA,NA,NA,NA,NA,NA,NA,NA,"766293662","00","1 ","2 ","7 ",NA,"3 ",NA,"3 ",NA,"4 "
"261",13853,3428,1108,11211,"9","1","v5","Y",23,5,"1 ",1,NA,NA,NA,NA,NA,NA,NA,NA,"766293662","00","1 ","2 ","7 ",NA,"3 ",NA,"3 ",NA,"4 "
"262",13854,3428,1108,11211,"9","1","v5","Y",23,6,"1 ",1,NA,NA,NA,NA,NA,NA,NA,NA,"766293662","00","1 ","2 ","7 ",NA,"3 ",NA,"3 ",NA,"4 "
"263",13920,3441,1417,11307,"8","4","v5","Y",13,3,"2 ",NA,NA,NA,NA,NA,NA,NA,NA,NA,NA,NA,"1 ","2 ","9 ",NA,"1 ",1,"1 ",2,"3 "
"264",14108,3480,2107,20613,"5","8","v5","Y",28,3,"2 ",NA,NA,NA,NA,NA,NA,NA,NA,NA,NA,NA,"1 ","3 ","14 ",NA,"1 ",1,"1 ",2,"3 "
"265",14203,3493,2107,20613,"5","16","v5","Y",28,1,"1 ",1,NA,NA,NA,NA,NA,NA,NA,NA,"673466360",NA,"1 ","2 ","1 ",2,"3 ",NA,"3 ",NA,"4 "
"266",14237,3498,2208,20614,"1","1","v5","Y",28,3,"2 ",NA,NA,NA,NA,NA,NA,NA,NA,NA,NA,NA,"1 ","2 ","14 ",NA,"1 ",2,"1 ",1,"3 "
"267",14275,3502,3201,30102,"8","1","v5","Y",52,6,"2 ",NA,NA,NA,NA,NA,NA,NA,NA,NA,NA,NA,"1 ","3 ","5 ",NA,"1 ",7,"1 ",1,"3 "
"268",14304,3508,1409,11306,"9","15","v5","Y",14,4,"2 ",NA,NA,NA,NA,NA,NA,NA,NA,NA,NA,NA,"1 ","3 ","11 ",NA,"1 ",2,"1 ",3,"3 "
"269",14305,3508,1409,11306,"9","15","v5","Y",14,5,"2 ",NA,NA,NA,NA,NA,NA,NA,NA,NA,NA,NA,"1 ","2 ","13 ",NA,"1 ",2,"1 ",3,"3 "
"270",14619,3581,3365,30703,"3","4","v5","Y",51,7,"2 ",NA,NA,NA,NA,NA,NA,NA,NA,NA,NA,NA,"1 ","2 ","6 ",8,"3 ",NA,"3 ",NA,"3 "
"271",14620,3581,3365,30703,"3","4","v5","Y",51,8,"2 ",NA,NA,NA,NA,NA,NA,NA,NA,NA,NA,NA,"1 ","2 ","3 ",7,"3 ",NA,"3 ",NA,"3 "
"272",14675,3592,1414,11307,"8","1","v5","Y",11,2,"2 ",NA,NA,NA,NA,NA,NA,NA,NA,NA,NA,NA,"1 ","2 ","13 ",1,"2 ",NA,"2 ",NA,"3 "
"273",14676,3592,1414,11307,"8","1","v5","Y",11,3,"2 ",NA,NA,NA,NA,NA,NA,NA,NA,NA,NA,NA,"1 ","3 ","13 ",NA,"1 ",1,"1 ",2,"3 "
"274",14677,3592,1414,11307,"8","1","v5","Y",11,4,"2 ",NA,NA,NA,NA,NA,NA,NA,NA,NA,NA,NA,"1 ","3 ","10 ",NA,"1 ",1,"1 ",2,"3 "
"275",14787,3607,3465,30703,"3","2","v5","Y",52,5,"1 ",1,NA,NA,NA,NA,NA,NA,NA,NA,"0","0","1 ","2 ","6 ",6,"3 ",NA,"3 ",NA,"3 "
"276",14788,3607,3465,30703,"3","2","v5","Y",52,6,"1 ",1,NA,NA,NA,NA,NA,NA,NA,NA,"0",NA,"1 ","2 ","3 ",5,"3 ",NA,"3 ",NA,"3 "
"277",14789,3607,3465,30703,"3","2","v5","Y",52,7,"2 ",NA,NA,NA,NA,NA,NA,NA,NA,NA,NA,NA,"1 ","2 ","8 ",8,"1 ",5,"1 ",6,"3 "
"278",14790,3607,3465,30703,"3","2","v5","Y",52,8,"2 ",NA,NA,NA,NA,NA,NA,NA,NA,NA,NA,NA,"1 ","2 ","8 ",7,"2 ",NA,"2 ",NA,"3 "
"279",14791,3607,3465,30703,"3","2","v5","Y",52,9,"2 ",NA,NA,NA,NA,NA,NA,NA,NA,NA,NA,NA,"1 ","3 ","9 ",NA,"1 ",7,"1 ",8,"3 "
"280",14792,3607,3465,30703,"3","2","v5","Y",52,10,"2 ",NA,NA,NA,NA,NA,NA,NA,NA,NA,NA,NA,"1 ","3 ","6 ",NA,"1 ",7,NA,8,"3 "
"281",14804,3609,3365,30703,"3","8","v5","Y",52,4,"2 ",NA,NA,NA,NA,NA,NA,NA,NA,NA,NA,NA,"1 ","2 ","11 ",5,"3 ",NA,"3 ",NA,"3 "
"282",14805,3609,3365,30703,"3","8","v5","Y",52,5,"2 ",NA,NA,NA,NA,NA,NA,NA,NA,NA,NA,NA,"1 ","2 ","6 ",4,"3 ",NA,"3 ",NA,"3 "
"283",14806,3609,3365,30703,"3","8","v5","Y",52,6,"2 ",NA,NA,NA,NA,NA,NA,NA,NA,NA,NA,NA,"1 ","2 ","13 ",NA,"1 ",4,"1 ",5,"3 "
"284",14864,3621,3465,30703,"2","1","v5","Y",54,4,"1 ",1,NA,NA,NA,NA,NA,NA,NA,NA,"727282640","0","1 ","2 ","3 ",5,"3 ",NA,"3 ",NA,"3 "
"285",14865,3621,3465,30703,"2","1","v5","Y",54,5,"1 ",1,NA,NA,NA,NA,NA,NA,NA,NA,"729674466","0","3 ",NA,NA,4,"3 ",NA,"3 ",NA,"3 "
"286",14866,3621,3465,30703,"2","1","v5","Y",54,6,"1 ",1,NA,NA,NA,NA,NA,NA,NA,NA,"720198242","0","1 ","3 ","9 ",NA,"1 ",4,"1 ",5,"3 "
"287",14898,3627,3364,30703,"3","4","v5","Y",54,3,"2 ",NA,NA,NA,NA,NA,NA,NA,NA,NA,NA,NA,"1 ","2 ","6 ",4,"3 ",NA,"3 ",NA,"3 "
"288",14899,3627,3364,30703,"3","4","v5","Y",54,4,"2 ",NA,2,NA,NA,NA,NA,NA,NA,NA,NA,NA,"1 ","1 ",NA,3,"3 ",NA,"3 ",NA,"3 "
"289",14900,3627,3364,30703,"3","4","v5","Y",54,5,"1 ",NA,2,NA,NA,NA,NA,NA,NA,NA,NA,NA,"1 ","2 ","13 ",NA,"2 ",NA,"2 ",NA,"3 "
"290",14946,3635,3365,30703,"3","6","v5","Y",53,1,"2 ",1,NA,NA,NA,NA,NA,NA,NA,NA,"0",NA,"1 ","2 ","6 ",2,"3 ",NA,"2 ",NA,"3 "
"291",14947,3635,3365,30703,"3","6","v5","Y",53,2,"2 ",1,NA,NA,NA,NA,NA,NA,NA,NA,"0",NA,"1 ","2 ","17 ",1,"2 ",NA,"3 ",NA,"3 "
"292",14948,3635,3365,30703,"3","6","v5","Y",53,3,"2 ",NA,NA,NA,NA,NA,NA,NA,NA,NA,NA,NA,"1 ","2 ","12 ",4,"1 ",1,"1 ",2,"3 "
"293",14949,3635,3365,30703,"3","6","v5","Y",53,4,"2 ",NA,NA,NA,NA,NA,NA,NA,NA,NA,NA,NA,"1 ","2 ","13 ",3,"2 ",NA,"2 ",NA,"3 "
"294",14950,3635,3365,30703,"3","6","v5","Y",53,5,"2 ",NA,NA,NA,NA,NA,NA,NA,NA,NA,NA,NA,"1 ","3 ","1 ",NA,"1 ",3,"1 ",4,"3 "
"295",14951,3635,3365,30703,"3","6","v5","Y",53,6,"2 ",NA,NA,NA,NA,NA,NA,NA,NA,NA,NA,NA,"1 ","3 ","1 ",NA,"1 ",3,"1 ",4,"3 "
"296",14952,3635,3365,30703,"3","6","v5","Y",53,7,"2 ",NA,NA,NA,NA,NA,NA,NA,NA,NA,NA,NA,"1 ","2 ","13 ",NA,"1 ",1,"1 ",2,"3 "
"297",14977,3639,3365,30703,"3","1","v5","Y",53,1,"1 ",1,NA,NA,NA,NA,NA,NA,NA,NA,"0",NA,"1 ","2 ","12 ",2,"3 ",NA,"3 ",NA,"3 "
"298",14978,3639,3365,30703,"3","1","v5","Y",53,2,"1 ",1,NA,NA,NA,NA,NA,NA,NA,NA,"0",NA,"1 ","2 ","9 ",1,"3 ",NA,"3 ",NA,"3 "
"299",14980,3639,3365,30703,"3","1","v5","Y",53,4,"1 ",1,NA,NA,NA,NA,NA,NA,NA,NA,"0",NA,"1 ","3 ","13 ",NA,"1 ",1,"1 ",2,"3 "
"300",15006,3644,3105,30601,"4","1","v5","Y",91,2,"1 ",1,NA,NA,NA,NA,NA,NA,NA,NA,"743572233",NA,"1 ","2 ","12 ",1,"3 ",NA,"1 ",5,"3 "
"301",15055,3653,3341,30704,"4","1","v5","Y",54,1,"2 ",NA,2,NA,NA,NA,NA,NA,NA,NA,NA,NA,"1 ","2 ","3 ",2,"3 ",NA,"2 ",NA,"4 "
"302",15056,3653,3341,30704,"4","1","v5","Y",54,2,"2 ",NA,NA,NA,NA,NA,NA,NA,NA,NA,NA,NA,"1 ","2 ","5 ",1,"3 ",NA,"2 ",NA,"4 "
"303",15057,3653,3341,30704,"4","1","v5","Y",54,3,"1 ",NA,2,NA,NA,NA,NA,NA,NA,NA,"0","20790399341","1 ","2 ","13 ",5,"2 ",NA,"2 ",NA,"4 "
"304",15058,3653,3341,30704,"4","1","v5","Y",54,4,"2 ",NA,2,NA,NA,NA,NA,NA,NA,NA,NA,NA,"2 ","3 ","1 ",NA,"2 ",NA,"1 ",3,"4 "
"305",15059,3653,3341,30704,"4","1","v5","Y",54,5,"2 ",NA,2,NA,NA,NA,NA,NA,NA,NA,NA,NA,"1 ","2 ","13 ",NA,"3 ",NA,"2 ",NA,"4 "
"306",15087,3657,3333,30604,"7","1","v5","Y",94,4,"2 ",NA,NA,NA,NA,NA,NA,NA,NA,NA,NA,NA,"1 ","2 ","13 ",5,"3 ",NA,"3 ",NA,"3 "
"307",15088,3657,3333,30604,"7","1","v5","Y",94,5,"2 ",NA,NA,NA,NA,NA,NA,NA,NA,NA,NA,NA,"1 ","3 ","12 ",4,"3 ",NA,"3 ",NA,"3 "
"308",15186,3672,3465,30703,"3","5","v5","Y",51,3,"2 ",NA,NA,NA,NA,NA,NA,NA,NA,NA,NA,NA,"1 ","2 ","12 ",4,"3 ",NA,"2 ",NA,"3 "
"309",15187,3672,3465,30703,"3","5","v5","Y",51,4,"2 ",NA,NA,NA,NA,NA,NA,NA,NA,NA,NA,NA,"1 ","2 ","4 ",3,"3 ",NA,"2 ",NA,"3 "
"310",15188,3672,3465,30703,"3","5","v5","Y",51,5,"2 ",NA,NA,NA,NA,NA,NA,NA,NA,NA,NA,NA,"1 ","2 ","13 ",6,"2 ",3,"2 ",4,"3 "
"311",15189,3672,3465,30703,"3","5","v5","Y",51,6,"2 ",NA,NA,NA,NA,NA,NA,NA,NA,NA,NA,NA,"1 ","2 ","13 ",5,"2 ",NA,"2 ",NA,"3 "
"312",15190,3672,3465,30703,"3","5","v5","Y",51,7,"2 ",NA,NA,NA,NA,NA,NA,NA,NA,NA,NA,NA,"1 ","2 ","3 ",NA,"2 ",1,"2 ",6,"3 "
"313",15191,3672,3465,30703,"3","5","v5","Y",51,8,"2 ",NA,NA,NA,NA,NA,NA,NA,NA,NA,NA,NA,"3 ",NA,NA,NA,"2 ",5,"2 ",6,"3 "
"314",15248,3685,2208,20614,"1","2","v5","Y",26,3,"2 ",NA,NA,NA,NA,NA,NA,NA,NA,NA,NA,NA,"1 ","3 ","13 ",NA,"1 ",2,"1 ",1,"3 "
"315",15336,3701,3114,31303,"7","1","v5","Y",55,4,"1 ",1,NA,NA,NA,NA,NA,NA,NA,NA,"875885780","00","1 ","2 ","6 ",5,"2 ",NA,"2 ",NA,"3 "
"316",15337,3701,3114,31303,"7","1","v5","Y",55,5,"1 ",1,NA,NA,NA,NA,NA,NA,NA,NA,"869501850","00","1 ","1 ",NA,4,"2 ",NA,"2 ",NA,"3 "
"317",15363,3707,1315,11213,"2","1","v5","Y",23,4,"2 ",NA,NA,NA,NA,NA,NA,NA,NA,NA,NA,NA,"1 ","2 ","8 ",5,"3 ",NA,"3 ",NA,"3 "
"318",15364,3707,1315,11213,"2","1","v5","Y",23,5,"2 ",NA,NA,NA,NA,NA,NA,NA,NA,NA,NA,NA,"3 ",NA,NA,4,"3 ",NA,"3 ",NA,"3 "
"319",15365,3707,1315,11213,"2","1","v5","Y",23,6,"2 ",NA,NA,NA,NA,NA,NA,NA,NA,NA,NA,NA,"1 ","2 ","13 ",7,"2 ",NA,"2 ",NA,"3 "
"320",15366,3707,1315,11213,"2","1","v5","Y",23,7,"2 ",NA,NA,NA,NA,NA,NA,NA,NA,NA,NA,NA,"1 ","2 ","13 ",6,"2 ",NA,"2 ",NA,"3 "
"321",15367,3707,1315,11213,"2","1","v5","Y",23,8,"2 ",NA,NA,NA,NA,NA,NA,NA,NA,NA,NA,NA,"1 ","3 ","3 ",NA,"2 ",NA,"2 ",NA,"3 "
"322",15508,3732,1108,11211,"9","3","v5","Y",21,6,"2 ",1,NA,NA,NA,NA,NA,NA,NA,NA,"0","0","1 ","2 ","13 ",5,"2 ",NA,"2 ",NA,"3 "
"323",15509,3732,1108,11211,"9","3","v5","Y",21,7,"2 ",NA,NA,NA,NA,NA,NA,NA,NA,NA,NA,NA,"3 ",NA,NA,NA,"2 ",NA,"1 ",6,"3 "
"324",15512,3733,2208,20614,"1","4","v5","Y",26,3,"2 ",NA,NA,NA,NA,NA,NA,NA,NA,NA,NA,NA,"3 ",NA,NA,NA,"2 ",NA,"2 ",NA,"4 "
"325",15516,3733,2208,20614,"1","4","v5","Y",26,7,"2 ",NA,NA,NA,NA,NA,NA,NA,NA,NA,NA,NA,"1 ","3 ","13 ",NA,"1 ",1,"1 ",2,"3 "
"326",15521,3734,2208,20614,"1","1","v5","Y",27,4,"2 ",NA,NA,NA,NA,NA,NA,NA,NA,NA,NA,NA,"1 ","2 ","14 ",6,"1 ",7,"1 ",8,"4 "
"327",15528,3735,2108,20614,"1","2","v5","Y",27,3,"2 ",NA,NA,NA,NA,NA,NA,NA,NA,NA,NA,NA,"1 ","2 ","15 ",4,"1 ",1,"1 ",2,"3 "
"328",15529,3735,2108,20614,"1","2","v5","Y",27,4,"2 ",NA,NA,NA,NA,NA,NA,NA,NA,NA,NA,NA,"1 ","2 ","15 ",3,"2 ",NA,"2 ",NA,"3 "
"329",15530,3735,2108,20614,"1","2","v5","Y",27,5,"2 ",NA,NA,NA,NA,NA,NA,NA,NA,NA,NA,NA,"1 ","3 ","6 ",NA,"1 ",3,"1 ",4,"3 "
"330",15531,3735,2108,20614,"1","2","v5","Y",27,6,"2 ",NA,NA,NA,NA,NA,NA,NA,NA,NA,NA,NA,"1 ","3 ","4 ",NA,"1 ",3,"1 ",4,"3 "
"331",15580,3742,3211,31101,"7","1","v5","Y",27,3,"2 ",NA,NA,NA,NA,NA,NA,NA,NA,NA,NA,NA,"1 ","3 ","13 ",NA,"1 ",1,"1 ",2,"3 "
"332",15624,3748,2107,20613,"5","8","v5","Y",27,3,"1 ",1,NA,NA,NA,NA,NA,NA,NA,NA,"955912720",NA,"1 ","3 ","11 ",NA,"1 ",1,"1 ",2,"3 "
"333",15642,3750,2107,20613,"4","12","v5","Y",27,7,"2 ",NA,NA,NA,NA,NA,NA,NA,NA,NA,NA,NA,"1 ","3 ","2 ",NA,"1 ",1,"1 ",2,"3 "
"334",15757,3770,3205,30601,"4","7","v5","Y",94,3,"2 ",NA,NA,NA,NA,NA,NA,NA,NA,NA,NA,NA,"1 ","2 ","14 ",4,"1 ",1,"1 ",2,"3 "
"335",16177,3840,1314,11307,"8","2","v5","Y",14,2,"2 ",NA,2,NA,NA,NA,NA,NA,NA,NA,NA,NA,"1 ","2 ","9 ",1,"2 ",NA,"2 ",NA,"4 "
"336",16354,3878,7410,70813,"4","6","v5","Y",74,4,"2 ",NA,NA,NA,NA,NA,NA,NA,NA,NA,NA,NA,"1 ","3 ","13 ",NA,"1 ",1,"1 ",2,"3 "
"337",16386,3884,2410,20612,"3","4","v5","Y",26,7,"2 ",NA,NA,NA,NA,NA,NA,NA,NA,NA,NA,NA,"1 ","2 ","13 ",NA,"1 ",1,"1 ",3,"3 "
"338",16395,3886,3105,30601,"4","4","v5","Y",94,4,"1 ",1,NA,NA,NA,NA,NA,NA,NA,NA,NA,NA,"1 ","2 ","11 ",5,"1 ",1,"1 ",2,"3 "
"339",16396,3886,3105,30601,"4","4","v5","Y",94,5,"2 ",1,NA,NA,NA,NA,NA,NA,NA,NA,NA,NA,"1 ","2 ","10 ",4,"2 ",NA,"2 ",NA,"3 "
"340",16460,3898,2310,20612,"3","3","v5","Y",25,2,"2 ",NA,NA,NA,NA,NA,NA,NA,NA,NA,NA,NA,"1 ","2 ","13 ",1,"2 ",NA,"2 ",NA,"3 "
"341",16502,3903,2208,20614,"2","8","v5","Y",27,3,"2 ",NA,NA,NA,NA,NA,NA,NA,NA,NA,NA,NA,"1 ","3 ","14 ",NA,"1 ",1,"3 ",NA,"3 "
"342",16503,3903,2208,20614,"2","8","v5","Y",27,4,"2 ",NA,NA,NA,NA,NA,NA,NA,NA,NA,NA,NA,"1 ","3 ","13 ",NA,"1 ",1,"1 ",2,"3 "
"343",16504,3903,2208,20614,"2","8","v5","Y",27,5,"2 ",NA,NA,NA,NA,NA,NA,NA,NA,NA,NA,NA,"1 ","3 ","12 ",NA,"1 ",1,"3 ",NA,"3 "
"344",16505,3903,2208,20614,"2","8","v5","Y",27,6,"2 ",NA,NA,NA,NA,NA,NA,NA,NA,NA,NA,NA,"1 ","3 ","8 ",NA,"1 ",1,"1 ",2,"3 "
"345",16523,3906,2208,20614,"1","7","v5","Y",25,7,"2 ",NA,NA,NA,NA,NA,NA,NA,NA,NA,NA,NA,"3 ",NA,NA,8,"1 ",1,"1 ",2,"3 "
"346",16535,3908,3205,30601,"4","9","v5","Y",94,3,"2 ",NA,NA,NA,NA,NA,NA,NA,NA,NA,NA,NA,"1 ","2 ","13 ",NA,"1 ",1,"1 ",2,"3 "
"347",16555,3912,2108,20614,"2","6","v5","Y",26,3,"1 ",1,NA,NA,NA,NA,NA,NA,NA,NA,"001871881",NA,"1 ","3 ","13 ",NA,"1 ",1,"1 ",2,"3 "
"348",16571,3913,2208,20614,"2","7","v5","Y",26,13,"2 ",NA,NA,NA,NA,NA,NA,NA,NA,NA,NA,NA,"1 ","2 ","13 ",NA,"1 ",1,"1 ",2,"3 "
"349",16596,3918,7310,70813,"4","1","v5","Y",72,3,"2 ",NA,NA,NA,NA,NA,NA,NA,NA,NA,NA,NA,"1 ","3 ","13 ",NA,"1 ",1,"1 ",2,"3 "
"350",16609,3921,7410,70813,"4","4","v5","Y",72,4,"2 ",NA,NA,NA,NA,NA,NA,NA,NA,NA,NA,NA,"1 ","3 ","13 ",NA,"1 ",2,"1 ",1,"3 "
"351",16680,3933,3205,30601,"4","9","v5","N",93,6,"2 ",NA,NA,NA,NA,NA,NA,NA,NA,NA,NA,NA,"1 ","2 ","9 ",7,"1 ",1,"1 ",2,"3 "
"352",16768,3952,5203,50609,"1","8","v5","N",51,3,"2 ",NA,NA,NA,NA,NA,NA,NA,NA,NA,NA,NA,"1 ","2 ","13 ",NA,"1 ",1,"1 ",2,"3 "
"353",16816,3963,7207,70813,"19","2","v5","Y",71,3,"2 ",NA,NA,NA,NA,NA,NA,NA,NA,NA,NA,NA,"1 ","2 ","7 ",NA,"1 ",1,"1 ",2,"4 "
"354",16819,3964,7107,70813,"19","3","v5","Y",71,3,"2 ",NA,NA,NA,NA,NA,NA,NA,NA,NA,NA,NA,"1 ","2 ","9 ",4,"1 ",1,"1 ",2,"3 "
"355",16830,3966,7207,70813,"4","10","v5","Y",71,3,"2 ",NA,NA,NA,NA,NA,NA,NA,NA,NA,NA,NA,"1 ","3 ","16 ",NA,"1 ",NA,"1 ",2,"3 "
"356",16837,3967,7207,70813,"4","11","v5","Y",71,4,"2 ",NA,NA,NA,NA,NA,NA,NA,NA,NA,NA,NA,"3 ",NA,NA,5,"3 ",NA,"3 ",NA,"3 "
"357",16838,3967,7207,70813,"4","11","v5","Y",71,5,"2 ",NA,NA,NA,NA,NA,NA,NA,NA,NA,NA,NA,"3 ",NA,NA,4,"3 ",NA,"3 ",NA,"3 "
"358",16846,3969,5103,50609,"1","6","v5","N",51,2,"1 ",1,NA,NA,NA,NA,NA,NA,NA,NA,"911543980","00","1 ","2 ","8 ",NA,"3 ",NA,"1 ",NA,"3 "
"359",16861,3973,2208,20614,"1","2","v5","N",28,4,"2 ",NA,NA,NA,NA,NA,NA,NA,NA,NA,NA,NA,"1 ","2 ","13 ",NA,"1 ",2,"1 ",3,"3 "
"360",16862,3973,2208,20614,"1","2","v5","N",28,5,"2 ",NA,NA,NA,NA,NA,NA,NA,NA,NA,NA,NA,"1 ","3 ","13 ",NA,"1 ",2,"1 ",3,"3 "
"361",16883,3977,2208,20614,"2","9","v5","N",26,2,"2 ",NA,NA,NA,NA,NA,NA,NA,NA,NA,NA,NA,"1 ","2 ","6 ",1,"3 ",NA,"3 ",NA,"3 "
"362",16884,3977,2208,20614,"2","9","v5","N",26,3,"2 ",NA,NA,NA,NA,NA,NA,NA,NA,NA,NA,NA,"1 ","2 ","11 ",NA,"1 ",2,"1 ",1,"3 "
"363",16898,3979,2108,20614,"2","6","v5","N",25,5,"1 ",1,NA,NA,NA,NA,NA,NA,NA,NA,"726919830",NA,"1 ","2 ","3 ",NA,"1 ",1,"1 ",2,"3 "
"364",16924,3982,2108,20614,"1","2","v5","N",25,7,"1 ",1,NA,NA,NA,NA,NA,NA,NA,NA,"179052784",NA,"1 ","1 ",NA,NA,"1 ",8,"1 ",9,"3 "
"365",16943,3986,2410,20612,"3","4","v5","N",25,2,"1 ",1,NA,NA,NA,NA,NA,NA,NA,NA,"720103322",NA,"1 ","2 ","13 ",1,"2 ",NA,"2 ",NA,"3 "
"366",16945,3986,2410,20612,"3","4","v5","N",25,4,"1 ",1,NA,NA,NA,NA,NA,NA,NA,NA,"722721005",NA,"1 ","3 ","13 ",NA,"2 ",NA,"1 ",1,"3 "
"367",17071,4009,2410,20612,"3","8","v5","N",25,1,"2 ",NA,NA,NA,NA,NA,NA,NA,NA,NA,NA,NA,"1 ","2 ","9 ",2,"3 ",NA,"3 ",NA,"3 "
"368",17072,4009,2410,20612,"3","8","v5","N",25,2,"2 ",NA,NA,NA,NA,NA,NA,NA,NA,NA,NA,NA,"1 ","2 ","12 ",1,"3 ",NA,"2 ",NA,"3 "
"369",17073,4009,2410,20612,"3","8","v5","N",25,3,"2 ",NA,NA,NA,NA,NA,NA,NA,NA,NA,NA,NA,"1 ","2 ","12 ",4,NA,1,"1 ",2,"3 "
"370",17075,4009,2410,20612,"3","8","v5","N",25,5,"2 ",NA,NA,NA,NA,NA,NA,NA,NA,NA,NA,NA,"1 ","2 ","9 ",6,"2 ",NA,"2 ",NA,"3 "
"371",17076,4009,2410,20612,"3","8","v5","N",25,6,"2 ",NA,NA,NA,NA,NA,NA,NA,NA,NA,NA,NA,"3 ",NA,NA,5,"2 ",NA,"2 ",NA,"3 "
"372",17077,4009,2410,20612,"3","8","v5","N",25,7,"2 ",NA,NA,NA,NA,NA,NA,NA,NA,NA,NA,NA,"1 ","3 ","11 ",NA,"2 ",NA,"2 ",NA,"3 "
"373",17078,4009,2410,20612,"3","8","v5","N",25,8,"2 ",NA,NA,NA,NA,NA,NA,NA,NA,NA,NA,NA,"3 ",NA,NA,NA,"2 ",NA,"2 ",NA,"3 "
"374",17092,4012,2208,20614,"2","9","v5","N",25,2,"2 ",NA,NA,NA,NA,NA,NA,NA,NA,NA,NA,NA,"1 ","2 ","6 ",1,"3 ",NA,"1 ",6,"3 "
"375",17124,4018,7107,70813,"19","5","v5","N",72,2,"1 ",1,NA,NA,NA,NA,NA,NA,NA,NA,"030421915","0","1 ","2 ","11 ",1,"1 ",5,"1 ",6,"3 "
"376",17125,4018,7107,70813,"19","5","v5","N",72,3,"1 ",1,NA,NA,NA,NA,NA,NA,NA,NA,"0","0","1 ","3 ","14 ",NA,"2 ",NA,"1 ",1,"3 "
"377",17131,4019,7207,70813,"19","6","v5","N",72,3,"2 ",NA,NA,NA,NA,NA,NA,NA,NA,NA,NA,NA,"1 ","3 ","13 ",NA,"1 ",1,"1 ",2,"3 "
"378",17142,4021,2208,20614,"2","9","v5","N",27,3,"2 ",NA,NA,NA,NA,NA,NA,NA,NA,NA,NA,NA,"1 ","3 ","14 ",NA,"1 ",1,"1 ",2,"3 "
"379",17145,4022,2108,20614,"1","10","v5","N",27,1,"1 ",1,NA,NA,NA,NA,NA,NA,NA,NA,"743712966",NA,"1 ","2 ","4 ",2,"2 ",NA,"2 ",NA,"3 "
"380",17147,4022,2108,20614,"1","10","v5","N",27,3,"1 ",1,NA,NA,NA,NA,NA,NA,NA,NA,"742805453",NA,"1 ","2 ","12 ",4,"1 ",1,"1 ",2,"3 "
"381",17283,4051,3110,30909,"10","9","v5","N",53,4,"1 ",1,NA,NA,NA,NA,NA,NA,NA,NA,"720860276","0","1 ","2 ","13 ",NA,"1 ",3,"2 ",NA,"3 "
"382",17405,4075,2108,20614,"1","4","v5","N",28,4,"1 ",1,NA,NA,NA,NA,NA,NA,NA,NA,"715626306",NA,"2 ","3 ","11 ",NA,"1 ",1,"1 ",2,"3 "
"383",17406,4075,2108,20614,"1","4","v5","N",28,5,"1 ",1,NA,NA,NA,NA,NA,NA,NA,NA,"721529012",NA,"1 ","3 ",NA,NA,"1 ",1,"1 ",2,"3 "
"384",17412,4077,2108,20614,"2","6","v5","N",28,3,"1 ",1,NA,NA,NA,NA,NA,NA,NA,NA,"096021796",NA,"1 ","2 ","12 ",4,"1 ",NA,"1 ",2,"3 "
"385",17422,4078,2108,20614,"1","7","v5","N",28,3,"1 ",1,NA,NA,NA,NA,NA,NA,NA,NA,"722033981",NA,"1 ","3 ","13 ",NA,"1 ",1,"1 ",2,"3 "
"386",17517,4097,4101,40204,"9","1","v5","N",44,3,"1 ",1,NA,NA,NA,NA,NA,NA,NA,NA,NA,NA,"1 ",NA,"13 ",NA,"1 ",1,"1 ",2,"3 "
"387",17518,4097,4101,40204,"9","1","v5","N",44,4,"1 ",1,NA,NA,NA,NA,NA,NA,NA,NA,NA,NA,"1 ","3 ","14 ",NA,"1 ",1,"1 ",2,"3 "
"388",17519,4097,4101,40204,"9","1","v5","N",44,5,"1 ",1,NA,NA,NA,NA,NA,NA,NA,NA,NA,NA,"1 ","3 ","13 ",NA,"1 ",1,"1 ",2,"3 "
"389",17541,4102,3114,31303,"7","3","v5","N",57,5,"1 ",1,NA,NA,NA,NA,NA,NA,NA,NA,"711376046","0","1 ","2 ","13 ",NA,"1 ",3,"1 ",4,"3 "
"390",17564,4107,7410,70813,"4","3","v5","N",73,3,"2 ",NA,2,NA,NA,NA,NA,NA,NA,NA,NA,NA,"1 ","3 ","13 ",NA,"1 ",1,"1 ",2,"3 "
"391",17641,4121,3114,31303,"7","7","v5","N",56,2,"2 ",1,NA,NA,NA,NA,NA,NA,NA,NA,NA,NA,"1 ","3 ","7 ",NA,"2 ",1,"2 ",NA,"3 "
"392",17642,4121,3114,31303,"7","7","v5","N",56,3,"2 ",1,NA,NA,NA,NA,NA,NA,NA,NA,NA,NA,"1 ","3 ","3 ",NA,"2 ",NA,"2 ",NA,"3 "
"393",17755,4142,1112,11309,"4","6","v5","N",23,3,"1 ",1,NA,NA,NA,NA,NA,NA,NA,NA,"077724275","0","1 ","2 ","13 ",NA,"1 ",1,"1 ",2,"3 "
"394",17859,4161,1109,11214,"18","3","v5","N",22,3,"1 ",1,NA,NA,NA,NA,NA,NA,NA,NA,"724207024","0","1 ","2 ","13 ",4,"1 ",1,"1 ",2,"3 "
"395",17886,4164,1109,11214,"18","5","v5","N",22,7,"1 ",1,NA,NA,NA,NA,NA,NA,NA,NA,"047163126","0","1 ","3 ","13 ",NA,"1 ",2,"1 ",3,"3 "
"396",17887,4164,1109,11214,"18","5","v5","N",22,8,"2 ",NA,NA,NA,NA,NA,NA,NA,NA,NA,NA,NA,"1 ","2 ","13 ",4,"2 ",NA,"2 ",NA,"3 "
"397",17953,4178,3114,31303,"7","7","v5","N",57,2,"2 ",NA,NA,NA,NA,NA,NA,NA,NA,NA,NA,NA,"1 ","2 ","6 ",3,"3 ",NA,"1 ",1,"3 "
"398",18034,4198,1104,10804,"9","13","v5","N",12,5,"1 ",1,NA,NA,NA,NA,NA,NA,NA,NA,"718627895",NA,"1 ","2 ","13 ",NA,"1 ",1,"1 ",2,"4 "
"399",18042,4200,1204,10804,"9","11","v5","N",12,2,"2 ",NA,NA,NA,NA,NA,NA,NA,NA,NA,NA,NA,"1 ","1 ","12 ",1,"2 ",NA,"2 ",NA,"3 "
"400",18056,4203,7207,70813,"19","9","v5","N",74,3,"2 ",NA,NA,NA,NA,NA,NA,NA,NA,NA,NA,NA,"1 ","2 ","12 ",4,"1 ",1,"1 ",2,"3 "
"401",18058,4203,7207,70813,"19","9","v5","N",74,5,"2 ",NA,NA,NA,NA,NA,NA,NA,NA,NA,NA,NA,"1 ","2 ","14 ",NA,"1 ",1,"1 ",2,"3 "
"402",18065,4204,7107,70813,"19","8","v5","N",74,5,"1 ",1,NA,NA,NA,NA,NA,NA,NA,NA,"728544283","0","1 ","2 ","13 ",NA,"1 ",1,"1 ",2,"3 "
"403",18179,4230,3201,30102,"8","4","v5","N",54,4,"2 ",NA,NA,NA,NA,NA,NA,NA,NA,NA,NA,NA,"1 ","2 ","12 ",1,"1 ",3,"3 ",NA,"3 "
"404",18180,4230,3201,30102,"8","4","v5","N",54,5,"2 ",NA,NA,NA,NA,NA,NA,NA,NA,NA,NA,NA,"1 ","2 ","12 ",NA,"1 ",4,"1 ",1,"3 "
"405",18191,4232,3101,30102,"8","14","v5","N",53,4,"1 ",1,NA,NA,NA,NA,NA,NA,NA,NA,"679520100",NA,"1 ","2 ","13 ",NA,"1 ",1,"1 ",2,"3 "
"406",18193,4232,3101,30102,"8","14","v5","N",53,6,"1 ",1,NA,NA,NA,NA,NA,NA,NA,NA,"827332450",NA,"1 ","3 ","1 ",NA,"1 ",1,"1 ",2,"4 "
"407",18202,4234,1111,11306,"5","4","v5","N",14,3,"1 ",1,NA,NA,4,NA,NA,NA,NA,NA,"039625515",NA,"1 ","3 ","14 ",NA,"1 ",2,"1 ",1,"3 "
"408",18208,4235,2108,20614,"1","8","v5","N",28,3,"2 ",NA,NA,NA,NA,NA,NA,NA,NA,NA,NA,NA,"1 ","2 ","14 ",4,"2 ",NA,"2 ",NA,"3 "
"409",18213,4235,2108,20614,"1","8","v5","N",28,8,"2 ",NA,NA,NA,NA,NA,NA,NA,NA,NA,NA,NA,"1 ","2 ","13 ",9,"2 ",NA,"2 ",NA,"3 "
"410",18214,4235,2108,20614,"1","8","v5","N",28,9,"2 ",NA,NA,NA,NA,NA,NA,NA,NA,NA,NA,NA,"1 ","2 ","13 ",8,"2 ",NA,"2 ",NA,"3 "
"411",18217,4235,2108,20614,"1","8","v5","N",28,12,"2 ",NA,NA,NA,NA,NA,NA,NA,NA,NA,NA,NA,"1 ","2 ","13 ",13,"1 ",1,NA,2,"3 "
"412",18220,4235,2108,20614,"1","8","v5","N",28,15,"2 ",NA,NA,NA,NA,NA,NA,NA,NA,NA,NA,NA,"1 ","2 ","13 ",16,"1 ",1,"1 ",2,"3 "
"413",18221,4235,2108,20614,"1","8","v5","N",28,16,"2 ",NA,NA,NA,NA,NA,NA,NA,NA,NA,NA,NA,"1 ","2 ","13 ",15,"2 ",NA,"2 ",NA,"3 "
"414",18222,4235,2108,20614,"1","8","v5","N",28,17,"2 ",NA,NA,NA,NA,NA,NA,NA,NA,NA,NA,NA,"3 ",NA,NA,NA,"2 ",NA,"2 ",NA,"3 "
"415",18226,4236,2410,20612,"3","9","v5","N",28,4,"2 ",NA,NA,NA,NA,NA,NA,NA,NA,NA,NA,NA,"1 ","2 ","10 ",5,"2 ",NA,"2 ",NA,"3 "
"416",18227,4236,2410,20612,"3","9","v5","N",28,5,"2 ",NA,NA,NA,NA,NA,NA,NA,NA,NA,NA,NA,"1 ","2 ","9 ",4,"2 ",NA,"2 ",NA,"3 "
"417",18228,4236,2410,20612,"3","9","v5","N",28,6,"1 ",NA,NA,NA,4,NA,NA,NA,NA,NA,NA,NA,"1 ","2 ","13 ",7,"2 ",NA,"2 ",NA,"3 "
"418",18229,4236,2410,20612,"3","9","v5","N",28,7,"2 ",NA,NA,NA,NA,NA,NA,NA,NA,NA,NA,NA,"1 ","2 ","11 ",6,"2 ",NA,"2 ",NA,"3 "
"419",18232,4237,2108,20614,"1","10","v5","N",28,3,"1 ",1,NA,NA,NA,NA,NA,NA,NA,NA,"740800734",NA,"1 ","2 ","14 ",4,NA,1,"1 ",2,"3 "
"420",18234,4237,2108,20614,"1","10","v5","N",28,5,"1 ",1,NA,NA,NA,NA,NA,NA,NA,NA,"741576242",NA,"1 ","3 ","13 ",NA,"1 ",3,"1 ",4,"3 "
"421",18244,4238,2108,20614,"1","11","v5","N",28,4,"1 ",1,NA,NA,NA,NA,NA,NA,NA,NA,"724104872",NA,"1 ","2 ","14 ",5,"1 ",1,"1 ",2,"3 "
"422",18292,4245,3110,30909,"10","20","v5","N",53,3,"1 ",1,NA,NA,NA,NA,NA,NA,NA,NA,"004711346","0","1 ","2 ","14 ",NA,"1 ",1,"1 ",2,"3 "
"423",18417,4273,1111,11306,"5","3","v5","N",14,3,"1 ",1,NA,NA,4,NA,NA,NA,NA,NA,"030423153",NA,"1 ","3 ","14 ",NA,"2 ",NA,"1 ",1,"3 "
"424",18423,4275,1204,10804,"9","6","v5","N",13,2,"2 ",NA,NA,NA,NA,NA,NA,NA,NA,NA,NA,NA,"1 ","3 ","14 ",NA,"2 ",NA,"1 ",1,"3 "
"425",18432,4277,1104,10804,"9","8","v5","N",13,3,"1 ",1,NA,NA,NA,NA,NA,NA,NA,NA,"758976013",NA,"1 ","2 ","13 ",NA,"2 ",NA,"1 ",1,"3 "
"426",18462,4283,1104,10804,"9","7","v5","N",14,2,"1 ",1,NA,NA,NA,NA,NA,NA,NA,NA,NA,NA,"1 ","2 ","13 ",NA,"1 ",1,"2 ",NA,"3 "
"427",18469,4284,1204,10804,"9","8","v5","N",14,7,"2 ",NA,NA,NA,NA,NA,NA,NA,NA,NA,NA,NA,"1 ","3 ","4 ",NA,"2 ",NA,"2 ",NA,"3 "
"428",18555,4303,7106,70811,"7","10","v5","N",74,4,"1 ",1,NA,NA,NA,NA,NA,NA,NA,NA,"0","0","1 ","3 ","13 ",NA,"1 ",1,"1 ",2,"3 "
"429",18636,4318,6102,60404,"2","3","v5","N",62,3,"1 ",1,NA,NA,NA,NA,NA,NA,NA,NA,"072193144",NA,"1 ","2 ","13 ",4,"1 ",1,"1 ",2,"3 "
"430",18638,4318,6102,60404,"2","3","v5","N",62,5,"1 ",1,NA,NA,NA,NA,NA,NA,NA,NA,"072193144",NA,"1 ","2 ","13 ",4,"1 ",1,"1 ",2,"3 "
"431",18662,4322,6307,60202,"2","8","v5","N",64,3,"2 ",NA,NA,NA,NA,NA,NA,NA,NA,NA,NA,NA,"1 ","3 ","13 ",NA,"1 ",1,"1 ",2,"3 "
"432",18663,4322,6307,60202,"2","8","v5","N",64,4,"2 ",NA,NA,NA,NA,NA,NA,NA,NA,NA,NA,NA,"1 ","3 ","13 ",NA,"1 ",1,"1 ",2,"3 "
"433",18664,4322,6307,60202,"2","8","v5","N",64,5,"2 ",NA,NA,NA,NA,NA,NA,NA,NA,NA,NA,NA,"1 ","3 ","13 ",NA,"1 ",1,"1 ",2,"3 "
"434",18729,4336,6202,60404,"2","3","v5","N",62,3,"2 ",NA,NA,NA,NA,NA,NA,NA,NA,NA,NA,NA,"1 ","3 ","13 ",NA,"1 ",2,"1 ",NA,"3 "
"435",18866,4361,6102,60404,"3","3","v5","N",63,3,"1 ",1,NA,NA,NA,NA,NA,NA,NA,NA,"051932976","0","1 ","3 ","11 ",NA,"1 ",1,"1 ",2,"3 "
"436",18872,4362,6202,60404,"3","4","v5","N",63,5,"2 ",NA,NA,NA,NA,NA,NA,NA,NA,NA,NA,NA,"1 ","3 ","13 ",NA,"1 ",1,"1 ",2,"3 "
"437",18922,4374,6202,60404,"2","7","v5","N",63,3,"2 ",NA,NA,NA,NA,NA,NA,NA,NA,NA,NA,NA,"1 ","2 ","14 ",NA,"1 ",1,"1 ",2,"3 "
"438",18923,4374,6202,60404,"2","7","v5","N",63,4,"2 ",NA,NA,NA,NA,NA,NA,NA,NA,NA,NA,NA,"1 ","3 ","13 ",NA,"1 ",1,"1 ",2,"3 "
"439",19034,4395,6102,60404,"2","3","v5","N",63,3,"1 ",1,NA,NA,NA,NA,NA,NA,NA,NA,"086564704",NA,"1 ","3 ","11 ",NA,"1 ",1,"1 ",2,"3 "
"440",19145,4415,3214,31303,"7","10","v5","N",56,3,"2 ",NA,NA,NA,NA,NA,NA,NA,NA,NA,NA,NA,"1 ","2 ","9 ",4,"2 ",NA,"2 ",NA,"3 "
"441",19146,4415,3214,31303,"7","10","v5","N",56,4,"2 ",NA,NA,NA,NA,NA,NA,NA,NA,NA,NA,NA,"1 ","2 ","3 ",3,"2 ",NA,"2 ",NA,"3 "
"442",19196,4426,6102,60404,"2","2","v5","N",61,3,"1 ",1,NA,NA,NA,NA,NA,NA,NA,NA,"004051891",NA,"1 ","3 ","14 ",NA,"1 ",1,"1 ",2,"3 "
"443",19197,4426,6102,60404,"2","2","v5","N",61,4,"1 ",1,NA,NA,NA,NA,NA,NA,NA,NA,"004051891",NA,"1 ","3 ","13 ",NA,"1 ",1,"1 ",2,"3 "
"444",19210,4429,6102,60404,"2","3","v5","Y",61,1,"1 ",1,NA,NA,NA,NA,NA,NA,NA,NA,"057516152",NA,"1 ","3 ","14 ",2,"3 ",NA,"1 ",5,"3 "
"445",19229,4433,6202,60404,"2","1","v5","Y",61,3,"2 ",NA,NA,NA,NA,NA,NA,NA,NA,NA,NA,NA,"1 ","3 ","10 ",NA,"2 ",NA,"1 ",1,"3 "
"446",19246,4437,6202,60404,"2","2","v5","N",61,2,"2 ",NA,NA,NA,NA,NA,NA,NA,NA,NA,NA,NA,"1 ","2 ","13 ",1,"2 ",NA,"2 ",NA,"3 "
"447",19256,4439,1204,10804,"9","10","v5","N",13,3,"2 ",NA,NA,NA,NA,NA,NA,NA,NA,NA,NA,NA,"1 ","3 ","14 ",NA,"1 ",1,"1 ",2,"3 "
"448",19257,4439,1204,10804,"9","10","v5","N",13,4,"2 ",NA,NA,NA,NA,NA,NA,NA,NA,NA,NA,NA,"1 ","2 ","13 ",NA,"1 ",1,"1 ",2,"3 "
"449",19258,4439,1204,10804,"9","10","v5","N",13,5,"2 ",NA,NA,NA,NA,NA,NA,NA,NA,NA,NA,NA,"1 ","3 ","14 ",NA,"1 ",1,"1 ",2,"3 "
"450",19286,4445,6202,60404,"2","3","v5","N",61,3,"2 ",NA,NA,NA,NA,NA,NA,NA,NA,NA,NA,NA,"1 ","2 ","13 ",NA,"1 ",1,"1 ",2,"3 "
"451",19288,4445,6202,60404,"2","3","v5","N",61,5,"2 ",NA,NA,NA,NA,NA,NA,NA,NA,NA,NA,NA,"1 ","3 ","2 ",NA,"2 ",NA,"2 ",NA,"3 "
"452",19328,4454,1104,10804,"9","12","v5","N",14,3,"1 ",1,NA,NA,NA,NA,NA,NA,NA,NA,"090013652",NA,"1 ","2 ","14 ",NA,"1 ",2,"1 ",1,"3 "
"453",19381,4468,1104,10804,"9","5","v5","N",11,5,"1 ",1,NA,NA,NA,NA,NA,NA,NA,NA,"99588591",NA,"3 ",NA,NA,1,"2 ",NA,"2 ",NA,"3 "
"454",19426,4479,5203,50609,"1","12","v5","N",51,3,"2 ",NA,NA,NA,NA,NA,NA,NA,NA,NA,NA,NA,"1 ","2 ","12 ",2,"3 ",NA,"1 ",1,"3 "
"455",19427,4479,5203,50609,"1","12","v5","N",51,4,"2 ",NA,NA,NA,NA,NA,NA,NA,NA,NA,NA,NA,"1 ","3 ","1 ",NA,"2 ",2,"1 ",3,"3 "
"456",19441,4481,5103,50609,"1","11","v5","N",53,5,"1 ",1,NA,NA,NA,NA,NA,NA,NA,NA,"0","0","1 ","2 ","9 ",NA,"1 ",1,"1 ",2,"3 "
"457",19442,4481,5103,50609,"1","11","v5","N",53,6,"1 ",1,NA,NA,NA,NA,NA,NA,NA,NA,"01122840","0","1 ","3 ","13 ",NA,"1 ",1,"1 ",2,"3 "
"458",19448,4483,5103,50609,"1","10","v5","N",53,3,"1 ",1,NA,NA,NA,NA,NA,NA,NA,NA,"090655810","0","1 ","3 ","13 ",NA,"3 ",NA,"1 ",1,"3 "
"459",19454,4484,5103,50609,"1","9","v5","N",53,6,"1 ",1,NA,NA,4,NA,NA,NA,NA,NA,"098783974","0","1 ","3 ","13 ",NA,"1 ",1,"1 ",2,"3 "
"460",19459,4485,5203,50609,"1","8","v5","N",53,5,"2 ",NA,NA,NA,NA,NA,NA,NA,NA,NA,NA,NA,"1 ","2 ","14 ",3,"1 ",1,"1 ",2,"3 "
"461",19460,4485,5203,50609,"1","8","v5","N",53,6,"2 ",NA,NA,NA,NA,NA,NA,NA,NA,NA,NA,NA,"1 ","3 ","9 ",NA,"1 ",3,"1 ",5,"3 "
"462",19463,4486,5203,50609,"1","7","v5","N",53,3,"2 ",NA,NA,NA,NA,NA,NA,NA,NA,NA,NA,NA,"1 ","2 ","6 ",4,"1 ",1,"1 ",6,"3 "
"463",19464,4486,5203,50609,"1","7","v5","N",53,4,"2 ",NA,NA,NA,NA,NA,NA,NA,NA,NA,NA,NA,"1 ","2 ","9 ",3,"1 ",1,"1 ",6,"3 "
"464",19465,4486,5203,50609,"1","7","v5","N",53,5,"2 ",NA,NA,NA,NA,NA,NA,NA,NA,NA,NA,NA,"1 ","3 ","1 ",NA,"1 ",3,"1 ",4,"3 "
"465",19469,4487,5203,50609,"1","6","v5","N",53,3,"2 ",NA,NA,NA,NA,NA,NA,NA,NA,NA,NA,NA,"1 ","2 ","14 ",NA,"1 ",1,"1 ",2,"3 "
"466",19508,4494,5103,50609,"1","1","v5","N",52,3,"1 ",1,NA,NA,NA,NA,NA,NA,NA,NA,"0","0","1 ","2 ","8 ",4,"1 ",1,"1 ",2,"3 "
"467",19509,4494,5103,50609,"1","1","v5","N",52,4,"1 ",1,NA,NA,NA,NA,NA,NA,NA,NA,"0","0","1 ","2 ","10 ",4,"2 ",1,"2 ",4,"3 "
"468",19510,4494,5103,50609,"1","1","v5","N",52,5,"1 ",1,NA,NA,NA,NA,NA,NA,NA,NA,"0","0","1 ","3 ","7 ",NA,"2 ",NA,"2 ",NA,"3 "
"469",19511,4494,5103,50609,"1","1","v5","N",52,6,"1 ",1,NA,NA,NA,NA,NA,NA,NA,NA,"0","0","1 ","3 ","6 ",NA,"2 ",NA,"2 ",NA,"3 "
"470",19520,4496,5203,50609,"1","3","v5","N",52,3,"2 ",NA,NA,NA,NA,NA,NA,NA,NA,NA,NA,NA,"1 ","2 ","12 ",4,"1 ",2,"1 ",1,"3 "
"471",19521,4496,5203,50609,"1","3","v5","N",52,4,"2 ",NA,NA,NA,NA,NA,NA,NA,NA,NA,NA,NA,"1 ","2 ","10 ",3,"2 ",NA,"2 ",NA,"3 "
"472",19522,4496,5203,50609,"1","3","v5","N",52,5,"2 ",NA,NA,NA,NA,NA,NA,NA,NA,NA,NA,NA,"1 ","3 ","4 ",NA,"1 ",3,"1 ",4,"3 "
"473",19523,4496,5203,50609,"1","3","v5","N",52,6,"2 ",NA,NA,NA,NA,NA,NA,NA,NA,NA,NA,NA,"1 ","3 ","2 ",NA,"1 ",3,"1 ",4,"3 "
"474",19567,4506,6102,60404,"2","6","v5","N",62,3,"1 ",1,NA,NA,NA,NA,NA,NA,NA,NA,"088816501",NA,"1 ","3 ","13 ",NA,"1 ",1,"1 ",2,"3 "
"475",19568,4506,6102,60404,"2","6","v5","N",62,4,"1 ",1,NA,NA,NA,NA,NA,NA,NA,NA,"094013964",NA,"1 ","3 ","13 ",NA,"1 ",1,"1 ",2,"3 "
"476",19642,4519,5103,50609,"1","4","v5","N",53,4,"1 ",1,NA,NA,NA,NA,NA,NA,NA,NA,"0","0","1 ","2 ","11 ",6,"1 ",1,"1 ",2,"3 "
"477",19643,4519,5103,50609,"1","4","v5","N",53,5,"1 ",1,NA,NA,NA,NA,NA,NA,NA,NA,"0","0","1 ","3 ","1 ",NA,"2 ",NA,"1 ",4,"3 "
"478",19656,4521,5101,50403,"3","1","v5","N",53,6,NA,1,NA,NA,NA,NA,NA,NA,NA,NA,NA,NA,NA,NA,NA,NA,NA,NA,NA,NA,"4 "
"479",19681,4526,6102,60404,"2","2","v5","N",64,3,"1 ",1,NA,NA,NA,NA,NA,NA,NA,NA,"752553351","0","1 ","3 ","13 ",NA,"1 ",1,"1 ",2,"3 "
"480",19696,4530,1112,11309,"4","12","v5","N",22,3,"1 ",1,NA,NA,NA,NA,NA,NA,NA,NA,"0","0","1 ","2 ","14 ",NA,"1 ",1,"1 ",2,"3 "
"481",19703,4532,1112,11309,"4","14","v5","N",22,2,"1 ",1,NA,NA,NA,NA,NA,NA,NA,NA,"741422640","0","3 ","3 ",NA,1,"3 ",NA,"3 ",NA,"3 "
"482",19746,4540,6102,60404,"2","4","v5","N",64,3,"1 ",1,NA,NA,NA,NA,NA,NA,NA,NA,"0378945","0","1 ","3 ","13 ",NA,"1 ",1,"1 ",2,"3 "
"483",19747,4540,6102,60404,"2","4","v5","N",64,4,"1 ",1,NA,NA,NA,NA,NA,NA,NA,NA,"0378945","0","1 ","3 ","13 ",NA,"1 ",1,"1 ",2,"3 "
"484",19755,4542,3312,31304,"16","12","v5","N",57,3,"2 ",NA,NA,NA,NA,NA,NA,NA,NA,NA,NA,NA,"1 ","3 ","7 ",NA,"2 ",NA,"2 ",NA,"3 "
"485",19765,4545,5204,50703,"3","1","v5","N",57,3,"2 ",NA,NA,NA,NA,NA,NA,NA,NA,NA,NA,NA,"1 ","3 ","14 ",NA,"1 ",1,"1 ",2,"4 "
"486",19796,4552,6202,60404,"2","3","v5","N",64,3,"2 ",NA,NA,NA,NA,NA,NA,NA,NA,NA,NA,NA,"1 ","3 ","11 ",NA,"2 ",NA,"1 ",2,"3 "
"487",19845,4562,6202,60404,"2","6","v5","N",64,3,"2 ",NA,NA,NA,NA,NA,NA,NA,NA,NA,NA,NA,"1 ","3 ","12 ",NA,"1 ",1,"1 ",2,"3 "
"488",19846,4562,6202,60404,"2","6","v5","N",64,4,"2 ",NA,NA,NA,NA,NA,NA,NA,NA,NA,NA,NA,"1 ","3 ","9 ",NA,"1 ",1,"1 ",2,"3 "
"489",19864,4566,7207,70813,"19","5","v5","N",73,4,"2 ",NA,NA,NA,NA,NA,NA,NA,NA,NA,NA,NA,"1 ","3 ","13 ",NA,"1 ",1,"1 ",2,"3 "
"490",19867,4567,7107,70813,"19","4","v5","N",73,3,"1 ",1,NA,NA,NA,NA,NA,NA,NA,NA,"0","0","1 ","3 ","13 ",NA,"1 ",1,"1 ",2,"3 "
"491",19889,4571,2110,20807,"26","12","v5","N",28,7,"1 ",1,NA,NA,NA,NA,NA,NA,NA,NA,"715204803",NA,"1 ","2 ","12 ",NA,"1 ",1,"1 ",2,"3 "
"492",19957,4584,6102,60404,"2","4","v5","N",64,3,"1 ",1,NA,NA,NA,NA,NA,NA,NA,NA,"049690852","0","1 ","3 ","14 ",NA,"1 ",1,"1 ",2,"3 "
"493",19958,4584,6102,60404,"2","4","v5","N",64,4,"1 ",1,NA,NA,NA,NA,NA,NA,NA,NA,"049690852","0","1 ","3 ","14 ",NA,"1 ",1,"1 ",2,"3 "
"494",19959,4584,6102,60404,"2","4","v5","N",64,5,"1 ",1,NA,NA,NA,NA,NA,NA,NA,NA,"049690852","0","1 ","3 ","14 ",NA,"1 ",1,"1 ",2,"3 "
"495",19967,4586,6202,60404,"3","5","v5","N",64,3,"2 ",NA,NA,NA,NA,NA,NA,NA,NA,NA,NA,NA,"1 ","2 ","14 ",4,"1 ",1,"1 ",2,"3 "
"496",19968,4586,6202,60404,"3","5","v5","N",64,4,"2 ",NA,NA,NA,NA,NA,NA,NA,NA,NA,NA,NA,"1 ","2 ","15 ",3,"3 ",NA,"2 ",NA,"3 "
"497",19969,4586,6202,60404,"3","5","v5","N",64,5,"2 ",NA,NA,NA,NA,NA,NA,NA,NA,NA,NA,NA,"1 ","3 ","13 ",NA,"1 ",1,"1 ",2,"3 "
"498",19980,4588,6407,60202,"2","9","v5","N",64,13,"2 ",NA,NA,NA,NA,NA,NA,NA,NA,NA,NA,NA,"1 ","2 ","15 ",4,"2 ",NA,"2 ",NA,"3 "
"499",19981,4588,6407,60202,"2","9","v5","N",64,14,"2 ",NA,NA,NA,NA,NA,NA,NA,NA,NA,NA,NA,"1 ","2 ","13 ",7,"3 ",NA,"2 ",NA,"3 "
"500",19989,4590,6202,60404,"3","5","v5","N",62,3,"2 ",NA,NA,NA,NA,NA,NA,NA,NA,NA,NA,NA,"1 ","2 ","13 ",4,"1 ",2,"1 ",1,"3 "
"501",20021,4596,6201,60303,"5","3","v5","N",62,4,"2 ",NA,NA,NA,NA,NA,NA,NA,NA,NA,NA,NA,"1 ","3 ","13 ",NA,"1 ",1,"1 ",2,"3 "
"502",20022,4596,6201,60303,"5","3","v5","N",62,5,"2 ",NA,NA,NA,NA,NA,NA,NA,NA,NA,NA,NA,"1 ","3 ","13 ",NA,"1 ",1,"1 ",2,"3 "
"503",20023,4596,6201,60303,"5","3","v5","N",62,6,"2 ",NA,NA,NA,NA,NA,NA,NA,NA,NA,NA,NA,"1 ","3 ","13 ",NA,"1 ",1,"1 ",2,"3 "
"504",20036,4599,6202,60404,"2","2","v5","N",63,3,"2 ",NA,NA,NA,NA,NA,NA,NA,NA,NA,NA,NA,"1 ","2 ","13 ",NA,"1 ",1,"1 ",2,"3 "
"505",20048,4601,6102,60404,"2","1","v5","N",63,3,"1 ",1,NA,NA,NA,NA,NA,NA,NA,NA,"080553944","0","1 ","2 ","12 ",4,"1 ",1,"1 ",2,"3 "
"506",20059,4603,6101,60303,"2","6","v5","N",62,3,"1 ",1,NA,NA,NA,NA,NA,NA,NA,NA,NA,NA,"1 ","3 ","11 ",NA,"1 ",1,"1 ",NA,"3 "
"507",20060,4603,6101,60303,"2","6","v5","N",62,4,"1 ",NA,NA,NA,NA,NA,NA,NA,NA,NA,"050077903",NA,"1 ","3 ","7 ",NA,"1 ",1,"1 ",NA,"3 "
"508",20061,4603,6101,60303,"2","6","v5","N",62,5,"1 ",1,NA,NA,NA,NA,NA,NA,NA,NA,"050077903",NA,"1 ","3 ","13 ",NA,"1 ",1,"1 ",NA,"3 "
"509",20071,4605,7107,70813,"19","7","v5","N",72,4,"1 ",1,NA,NA,NA,NA,NA,NA,NA,NA,"731196712","0","1 ","3 ","14 ",NA,"1 ",1,"1 ",2,"3 "
"510",20075,4606,7107,70813,"19","8","v5","N",72,2,"1 ",1,NA,NA,NA,NA,NA,NA,NA,NA,"014586191","0","1 ","2 ","6 ",1,"1 ",6,"1 ",7,"3 "
"511",20081,4607,7207,70813,"19","9","v5","N",72,1,"2 ",NA,NA,NA,NA,NA,NA,NA,NA,NA,NA,NA,"1 ","2 ","12 ",2,"2 ",NA,"1 ",6,"3 "
"512",20115,4613,5103,50609,"1","4","v5","N",52,5,"1 ",1,NA,NA,NA,NA,NA,NA,NA,NA,"0","0","1 ","3 ","10 ",NA,"2 ",NA,"1 ",4,"3 "
"513",20120,4614,5103,50609,"1","5","v5","N",52,3,"1 ",1,NA,NA,NA,NA,NA,NA,NA,NA,"0","0","1 ","2 ","13 ",4,"1 ",1,"1 ",2,"3 "
"514",20121,4614,5103,50609,"1","5","v5","N",52,4,"1 ",1,NA,NA,NA,NA,NA,NA,NA,NA,"0","0","1 ","2 ","13 ",3,"2 ",NA,"2 ",NA,"3 "
"515",20122,4614,5103,50609,"1","5","v5","N",52,5,"1 ",1,NA,NA,NA,NA,NA,NA,NA,NA,"0","0","1 ","3 ","7 ",NA,"1 ",3,"1 ",4,"3 "
"516",20123,4614,5103,50609,"1","5","v5","N",52,6,"1 ",1,NA,NA,NA,NA,NA,NA,NA,NA,"0","0","1 ","3 ","1 ",NA,"1 ",3,"1 ",4,"3 "
"517",20128,4615,5203,50609,"1","6","v5","N",52,4,"2 ",NA,NA,NA,NA,NA,NA,NA,NA,NA,NA,NA,"1 ","2 ","11 ",NA,"2 ",NA,"2 ",NA,"3 "
"518",20144,4617,5203,50609,"1","8","v5","N",52,9,"2 ",NA,NA,NA,NA,NA,NA,NA,NA,NA,NA,NA,"1 ","2 ","9 ",NA,"3 ",NA,"1 ",5,"3 "
"519",20152,4619,5103,50609,"1","3","v5","N",54,3,"1 ",1,NA,NA,NA,NA,NA,NA,NA,NA,"0","0","1 ","2 ","15 ",NA,"1 ",1,"1 ",2,"3 "
"520",20163,4622,5203,50609,"1","6","v5","N",54,3,"2 ",NA,NA,NA,NA,NA,NA,NA,NA,NA,NA,NA,"1 ","2 ","11 ",NA,"1 ",1,"1 ",2,"3 "
"521",20189,4628,5203,50609,"1","8","v5","N",54,3,"2 ",NA,NA,NA,NA,NA,NA,NA,NA,NA,NA,NA,"1 ","2 ","13 ",NA,"1 ",2,"1 ",1,"3 "
"522",20197,4630,5203,50609,"1","10","v5","N",54,4,"2 ",NA,NA,NA,NA,NA,NA,NA,NA,NA,NA,NA,"1 ","3 ","13 ",NA,"1 ",1,"1 ",2,"3 "
"523",20239,4639,1204,10804,"9","16","v5","N",13,3,"2 ",NA,NA,NA,NA,NA,NA,NA,NA,NA,NA,NA,"1 ","3 ","12 ",NA,"1 ",2,"1 ",1,"3 "
"524",20272,4645,1204,10804,"9","12","v5","N",12,6,"2 ",NA,NA,NA,NA,NA,NA,NA,NA,NA,NA,NA,"1 ","2 ","14 ",NA,"1 ",1,"1 ",2,"3 "
"525",20327,4656,1204,10804,"9","11","v5","N",14,3,"2 ",NA,NA,NA,NA,NA,NA,NA,NA,NA,NA,NA,"1 ","2 ","11 ",NA,"1 ",1,"1 ",2,"3 "
"526",20328,4656,1204,10804,"9","11","v5","N",14,4,"2 ",NA,NA,NA,NA,NA,NA,NA,NA,NA,NA,NA,"1 ","3 ","7 ",NA,"1 ",1,"1 ",2,"3 "
"527",20359,4662,7108,70901,"3","10","v5","N",73,3,"1 ",1,NA,NA,NA,NA,NA,NA,NA,NA,"047834802","0","1 ","3 ","13 ",NA,"1 ",1,"1 ",2,"3 "
"528",20369,4664,4101,40204,"9","11","v5","N",42,4,"2 ",NA,NA,NA,NA,NA,NA,NA,NA,NA,NA,NA,"1 ","3 ","10 ",NA,"1 ",1,"1 ",2,"3 "
"529",20370,4664,4101,40204,"9","11","v5","N",42,5,"2 ",NA,NA,NA,NA,NA,NA,NA,NA,NA,NA,NA,"3 ","2 ",NA,3,"2 ",NA,"2 ",NA,"3 "
"530",20372,4664,4101,40204,"9","11","v5","N",42,7,"2 ",NA,NA,NA,NA,NA,NA,NA,NA,NA,NA,NA,"1 ","3 ","5 ",NA,"1 ",3,"1 ",5,"3 "
"531",20374,4665,4201,40204,"9","10","v5","N",42,2,"2 ",NA,NA,NA,NA,NA,NA,NA,NA,NA,NA,NA,"1 ","3 ","13 ",NA,"3 ",NA,"1 ",NA,"3 "
"532",20375,4665,4201,40204,"9","10","v5","N",42,3,"2 ",NA,NA,NA,NA,NA,NA,NA,NA,NA,NA,NA,"1 ","3 ","12 ",NA,"3 ",NA,"1 ",NA,"3 "
"533",20376,4665,4201,40204,"9","10","v5","N",42,4,"2 ",NA,NA,NA,NA,NA,NA,NA,NA,NA,NA,NA,"1 ","3 ","5 ",NA,"3 ",NA,"1 ",NA,"3 "
"534",20380,4667,4201,40204,"9","8","v5","N",42,3,"2 ",NA,NA,NA,NA,NA,NA,NA,NA,NA,NA,NA,"1 ","3 ","13 ",NA,"1 ",1,"1 ",2,"3 "
"535",20396,4671,4201,40204,"9","4","v5","N",42,5,"2 ",NA,NA,NA,NA,NA,NA,NA,NA,NA,NA,NA,"1 ","2 ","16 ",NA,"1 ",1,"1 ",2,"3 "
"536",20402,4672,4101,40204,"9","3","v5","N",42,3,"1 ",1,NA,NA,NA,NA,NA,NA,NA,NA,"0","0","1 ","3 ","7 ",NA,"1 ",1,"1 ",2,"3 "
"537",20403,4672,4101,40204,"9","3","v5","N",42,4,"1 ",1,NA,NA,NA,NA,NA,NA,NA,NA,"0","0","1 ","3 ","4 ",NA,"1 ",1,"1 ",2,"3 "
"538",20493,4684,3101,30102,"8","8","v5","N",51,5,"1 ",1,NA,NA,NA,NA,NA,NA,NA,NA,"0","0","1 ","2 ","13 ",4,"2 ",NA,"2 ",NA,"3 "
"539",20498,4684,3101,30102,"8","8","v5","N",51,10,"1 ",1,NA,NA,NA,NA,NA,NA,NA,NA,"0","0","1 ","2 ","9 ",NA,"2 ",NA,"1 ",3,"3 "
"540",20562,4692,3101,30102,"8","19","v5","N",51,6,"1 ",1,NA,NA,NA,NA,NA,NA,NA,NA,"729133171","0","1 ","3 ","14 ",NA,"1 ",1,"1 ",2,"3 "
"541",20563,4692,3101,30102,"8","19","v5","N",51,7,"1 ",1,NA,NA,NA,NA,NA,NA,NA,NA,"735335193","0","1 ","3 ","14 ",NA,"1 ",1,"1 ",2,"3 "
"542",20564,4692,3101,30102,"8","19","v5","N",51,8,"1 ",1,NA,NA,NA,NA,NA,NA,NA,NA,"728007943","0","1 ","3 ","12 ",NA,"1 ",1,"1 ",2,"3 "
"543",20621,4705,4103,40602,"4","6","v5","N",42,3,"1 ",1,NA,NA,NA,NA,NA,NA,NA,NA,"05157592","0","1 ","3 ","8 ",NA,"1 ",1,"1 ",2,"3 "
"544",20626,4706,4103,40602,"4","5","v5","N",42,4,"2 ",NA,NA,NA,NA,NA,NA,NA,NA,NA,NA,NA,"1 ","3 ","12 ",NA,"1 ",1,"1 ",2,"3 "
"545",20627,4706,4103,40602,"4","5","v5","N",42,5,"1 ",1,NA,NA,NA,NA,NA,NA,NA,NA,"0","0","1 ","3 ","7 ",NA,"1 ",1,"1 ",2,"3 "
"546",20660,4713,5203,50609,"1","9","v5","N",51,6,"2 ",NA,NA,NA,NA,NA,NA,NA,NA,NA,NA,NA,"1 ","2 ","13 ",7,"1 ",2,"1 ",1,"3 "
"547",20661,4713,5203,50609,"1","9","v5","N",51,7,"2 ",NA,NA,NA,NA,NA,NA,NA,NA,NA,NA,NA,"1 ","2 ","14 ",6,"1 ",2,"1 ",1,"3 "
"548",20669,4715,5203,50609,"1","5","v5","Y",51,2,"2 ",NA,NA,NA,NA,NA,NA,NA,NA,NA,NA,NA,"1 ","2 ","8 ",1,"2 ",NA,"3 ",NA,"3 "
"549",20670,4715,5203,50609,"1","5","v5","Y",51,3,"2 ",NA,NA,NA,NA,NA,NA,NA,NA,NA,NA,NA,"1 ","2 ","12 ",4,"1 ",2,"1 ",1,"3 "
"550",20685,4717,7207,70813,"19","7","v5","N",74,3,"2 ",NA,NA,NA,NA,NA,NA,NA,NA,NA,NA,NA,"1 ","1 ",NA,4,"1 ",1,"1 ",2,"3 "
"551",20687,4717,7207,70813,"19","7","v5","N",74,5,"2 ",NA,NA,NA,NA,NA,NA,NA,NA,NA,NA,NA,"1 ","2 ","7 ",6,"1 ",1,"1 ",4,"3 "
"552",20689,4717,7207,70813,"19","7","v5","N",74,7,"2 ",NA,NA,NA,NA,NA,NA,NA,NA,NA,NA,NA,"1 ","2 ","12 ",NA,NA,1,"1 ",2,"3 "
"553",20718,4724,1211,11306,"5","1","v5","Y",13,4,"2 ",NA,NA,NA,NA,NA,NA,NA,NA,NA,NA,NA,"1 ","3 ","14 ",NA,"1 ",1,"1 ",2,"3 "
"554",20808,4750,3114,31303,"7","9","v5","N",58,3,"1 ",1,NA,NA,NA,NA,NA,NA,NA,NA,"0","0","1 ","2 ","13 ",NA,"1 ",1,"1 ",2,"3 "
"555",20880,4767,5103,50609,"1","4","v5","N",51,3,"1 ",1,NA,NA,NA,NA,NA,NA,NA,NA,"00","00","1 ","2 ","12 ",4,"1 ",1,"1 ",2,"3 "
"556",20881,4767,5103,50609,"1","4","v5","N",51,4,"1 ",1,NA,NA,NA,NA,NA,NA,NA,NA,"00","00","1 ","2 ","12 ",3,"1 ",1,"1 ",2,"3 "
"557",20882,4767,5103,50609,"1","4","v5","N",51,5,"1 ",1,NA,NA,NA,NA,NA,NA,NA,NA,"00","08","1 ","3 ","9 ",NA,"1 ",3,"1 ",4,"3 "
"558",20883,4767,5103,50609,"1","4","v5","N",51,6,"1 ",1,NA,NA,NA,NA,NA,NA,NA,NA,"00","00","2 ","3 ","1 ",NA,"1 ",3,"1 ",4,"3 "
"559",20895,4770,1112,11309,"4","7","v5","N",24,3,"1 ",1,NA,NA,NA,NA,NA,NA,NA,NA,"743997155","0","1 ","2 ","14 ",3,"1 ",3,"1 ",4,"3 "
"560",20905,4771,1112,11309,"4","8","v5","N",24,7,"1 ",1,NA,NA,NA,NA,NA,NA,NA,NA,"0","0","1 ","2 ","13 ",NA,"1 ",1,"1 ",2,"4 "
"561",20943,4779,1112,11309,"4","12","v5","N",24,2,"1 ",1,NA,NA,NA,NA,NA,NA,NA,NA,"721039454","0","1 ","2 ","15 ",NA,"3 ",NA,"1 ",1,"3 "
"562",20944,4779,1112,11309,"4","12","v5","N",24,3,"1 ",1,NA,NA,NA,NA,NA,NA,NA,NA,"00","0","1 ","2 ",NA,NA,"3 ",NA,"1 ",1,"3 "
"563",20962,4784,1112,11309,"4","14","v5","N",24,1,"1 ",1,NA,NA,NA,NA,NA,NA,NA,NA,"0074268","0","3 ",NA,NA,1,"2 ",NA,"2 ",NA,"3 "
"564",21099,4803,1112,11309,"4","12","v5","N",23,1,"2 ",NA,NA,NA,NA,NA,NA,NA,NA,NA,NA,NA,"3 ",NA,NA,2,"3 ",NA,"3 ",NA,"3 "
"565",21105,4804,1104,10804,"9","6","v5","N",14,3,"1 ",1,NA,NA,NA,NA,NA,NA,NA,NA,NA,NA,"1 ","2 ","13 ",4,"1 ",1,"1 ",2,"3 "
"566",21106,4804,1104,10804,"9","6","v5","N",14,4,"1 ",1,NA,NA,NA,NA,NA,NA,NA,NA,NA,NA,"1 ","2 ","13 ",3,"2 ",NA,"2 ",NA,"3 "
"567",21107,4804,1104,10804,"9","6","v5","N",14,5,"1 ",1,NA,NA,NA,NA,NA,NA,NA,NA,NA,NA,"1 ","3 ","5 ",NA,"1 ",3,"1 ",4,"3 "
"568",21108,4804,1104,10804,"9","6","v5","N",14,6,"2 ",NA,NA,NA,NA,NA,NA,NA,NA,NA,NA,NA,"1 ","3 ","1 ",NA,"1 ",3,"1 ",4,"3 "
"569",21215,4826,5103,50609,"1","2","v5","N",51,3,"1 ",1,NA,NA,NA,NA,NA,NA,NA,NA,"00","00","1 ","2 ","11 ",4,"1 ",2,"1 ",1,"3 "
"570",21252,4834,1211,11306,"5","1","v5","N",13,3,"2 ",NA,NA,NA,NA,NA,NA,NA,NA,NA,NA,NA,"1 ","3 ","14 ",NA,"1 ",1,"1 ",2,"3 "
"571",21253,4834,1211,11306,"5","1","v5","N",13,4,"2 ",NA,NA,NA,NA,NA,NA,NA,NA,NA,NA,NA,"1 ","3 ","14 ",NA,"1 ",1,"1 ",2,"3 "
"572",21272,4836,2110,20807,"26","11","v5","N",27,8,"2 ",NA,NA,NA,NA,NA,NA,NA,NA,NA,NA,NA,"1 ","2 ","7 ",9,"1 ",1,"1 ",2,"3 "
"573",21292,4838,2110,20807,"26","13","v5","N",27,3,"1 ",1,NA,NA,NA,NA,NA,NA,NA,NA,"787678382",NA,"1 ","2 ","8 ",NA,"1 ",1,"1 ",2,"3 "
"574",21333,4846,1211,11306,"5","1","v5","N",14,3,"2 ",NA,NA,NA,NA,NA,NA,NA,NA,NA,NA,NA,"1 ","2 ","13 ",NA,"1 ",1,"1 ",2,"4 "
"575",21369,4854,1111,11306,"5","8","v5","N",13,5,"1 ",1,NA,NA,NA,NA,NA,NA,NA,NA,NA,NA,"1 ","2 ","14 ",NA,"1 ",1,"1 ",2,"3 "
"576",21378,4856,5103,50609,"1","1","v5","N",51,4,"1 ",1,NA,NA,NA,NA,NA,NA,NA,NA,"00","00","1 ","2 ","9 ",3,"1 ",1,"1 ",2,"3 "
"577",21414,4863,3210,30909,"10","9","v5","N",53,5,"2 ",NA,NA,NA,NA,NA,NA,NA,NA,NA,NA,NA,"1 ","2 ","13 ",NA,"1 ",2,"1 ",3,"3 "
"578",21437,4868,5201,50403,"3","9","v5","N",51,1,"2 ",NA,NA,NA,NA,NA,NA,NA,NA,NA,NA,NA,"1 ","2 ","12 ",2,"3 ",NA,"3 ",2,"3 "
"579",21441,4868,5201,50403,"3","9","v5","N",51,5,"2 ",NA,NA,NA,NA,NA,NA,NA,NA,NA,NA,NA,"1 ","3 ","12 ",NA,"1 ",3,"1 ",4,"3 "
"580",21447,4869,3341,30704,"4","1","v5","N",52,4,"2 ",NA,NA,NA,NA,NA,NA,NA,NA,NA,NA,NA,"1 ","2 ","13 ",5,"3 ",NA,"3 ",6,"3 "
"581",21448,4869,3341,30704,"4","1","v5","N",52,5,"2 ",NA,NA,NA,NA,NA,NA,NA,NA,NA,NA,NA,"1 ","2 ","13 ",4,"3 ",NA,"1 ",6,"3 "
"582",21449,4869,3341,30704,"4","1","v5","N",52,6,"2 ",1,NA,NA,NA,NA,NA,NA,NA,NA,NA,NA,"3 ",NA,NA,NA,"3 ",NA,"3 ",NA,"3 "
"583",21518,4885,6104,60608,"3","13","v5","N",62,5,"1 ",1,NA,NA,NA,NA,NA,NA,NA,NA,"057339192",NA,"1 ","3 ","13 ",NA,"1 ",1,"1 ",2,"3 "
"584",21585,4899,3210,30909,"10","3","v5","N",53,4,"2 ",NA,NA,NA,NA,NA,NA,NA,NA,NA,NA,NA,"1 ","3 ","13 ",NA,"1 ",1,"1 ",2,"3 "
"585",21591,4900,1112,11309,"4","4","v5","Y",21,6,"1 ",1,NA,NA,NA,NA,NA,NA,NA,NA,"080153032","0","1 ","3 ","13 ",NA,"1 ",1,"1 ",2,"3 "
"586",21603,4902,1112,11309,"4","6","v5","Y",21,8,"2 ",1,NA,NA,NA,NA,NA,NA,NA,NA,NA,NA,"1 ","3 ","13 ",7,"2 ",NA,"2 ",NA,"3 "
"587",21615,4904,2210,20807,"26","15","v5","N",28,5,"2 ",NA,NA,NA,4,NA,NA,NA,NA,NA,NA,NA,"1 ","2 ","5 ",6,"1 ",1,"1 ",2,"3 "
"588",21645,4908,4101,40204,"9","9","v5","N",41,4,"1 ",1,NA,NA,NA,NA,NA,NA,NA,NA,"059919322","0","1 ","3 ","8 ",NA,"1 ",1,"1 ",2,"3 "
"589",21646,4908,4101,40204,"9","9","v5","N",41,5,"1 ",1,NA,NA,NA,NA,NA,NA,NA,NA,"055382935","0","1 ","3 ","4 ",NA,"1 ",1,"1 ",2,"3 "
"590",21654,4910,4101,40204,"9","7","v5","N",41,3,"1 ",1,NA,NA,NA,NA,NA,NA,NA,NA,"037723766","0","1 ","3 ","12 ",NA,"1 ",1,"1 ",2,"3 "
"591",21655,4910,4101,40204,"9","7","v5","N",41,4,"1 ",1,NA,NA,NA,NA,NA,NA,NA,NA,"056451474","0","1 ","3 ","2 ",NA,"1 ",1,"1 ",2,"3 "
"592",21659,4911,4101,40204,"9","6","v5","N",41,4,"2 ",NA,NA,NA,NA,NA,NA,NA,NA,NA,NA,NA,"3 ","3 ","7 ",NA,"1 ",3,"1 ",2,"3 "
"593",21664,4913,4201,40204,"9","4","v5","N",41,3,"2 ",NA,NA,NA,NA,NA,NA,NA,NA,NA,NA,NA,"1 ","3 ","8 ",NA,"1 ",1,"1 ",2,"3 "
"594",21671,4915,4201,40204,"9","2","v5","N",41,4,"2 ",NA,NA,NA,NA,NA,NA,NA,NA,NA,NA,NA,"1 ","2 ","13 ",NA,"1 ",1,"1 ",2,"3 "
"595",21709,4924,4204,40605,"6","2","v5","N",41,3,"2 ",NA,NA,NA,NA,NA,NA,NA,NA,NA,NA,NA,"1 ","2 ","13 ",4,"1 ",1,"1 ",NA,"3 "
"596",21740,4932,4201,40204,"9","5","v5","N",44,2,"2 ",NA,NA,NA,NA,NA,NA,NA,NA,NA,NA,NA,"1 ","2 ","13 ",3,"2 ",NA,"1 ",1,"3 "
"597",21741,4932,4201,40204,"9","5","v5","N",44,3,"2 ",NA,NA,NA,NA,NA,NA,NA,NA,NA,NA,NA,"1 ","2 ","13 ",2,"3 ",NA,"3 ",NA,"3 "
"598",21742,4932,4201,40204,"9","5","v5","N",44,4,"2 ",NA,NA,NA,NA,NA,NA,NA,NA,NA,NA,NA,"1 ","3 ","2 ",NA,"1 ",2,"1 ",3,"3 "
"599",21745,4933,4201,40204,"9","6","v5","N",44,3,"2 ",NA,NA,NA,NA,NA,NA,NA,NA,NA,NA,NA,"1 ","3 ","11 ",NA,"1 ",1,"1 ",2,"3 "
"600",21746,4933,4201,40204,"9","6","v5","N",44,4,"2 ",NA,NA,NA,NA,NA,NA,NA,NA,NA,NA,NA,"1 ","3 ","9 ",NA,"1 ",1,"1 ",2,"3 "
"601",21752,4935,4201,40204,"9","8","v5","N",44,3,"2 ",NA,NA,NA,NA,NA,NA,NA,NA,NA,NA,NA,"1 ","3 ","11 ",NA,"1 ",1,"1 ",2,"3 "
"602",21753,4935,4201,40204,"9","8","v5","N",44,4,"2 ",NA,NA,NA,NA,NA,NA,NA,NA,NA,NA,NA,"1 ","3 ","10 ",NA,"1 ",1,"1 ",2,"3 "
"603",21758,4937,4101,40204,"9","10","v5","N",44,3,"1 ",1,NA,NA,NA,NA,NA,NA,NA,NA,"049313106",NA,"1 ",NA,"8 ",NA,"1 ",1,"1 ",2,"3 "
"604",21766,4939,3384,30608,"30","5","v5","N",91,2,"2 ",NA,NA,NA,NA,NA,NA,NA,NA,NA,NA,NA,"1 ","2 ","9 ",3,"3 ",NA,"1 ",4,"3 "
"605",21767,4939,3384,30608,"30","5","v5","N",91,3,"2 ",NA,NA,NA,NA,NA,NA,NA,NA,NA,NA,NA,"3 ",NA,NA,2,"2 ",NA,"3 ",NA,"3 "
"606",21768,4939,3384,30608,"30","5","v5","N",91,4,"2 ",NA,NA,NA,NA,NA,NA,NA,NA,NA,NA,NA,"3 ",NA,NA,NA,"3 ",NA,"3 ",NA,"3 "
"607",21773,4940,3384,30608,"30","17","v5","N",92,4,"2 ",NA,NA,NA,NA,NA,NA,NA,NA,NA,NA,NA,"2 ","1 ",NA,5,"3 ",NA,"3 ",NA,"3 "
"608",21774,4940,3384,30608,"30","17","v5","N",92,5,"2 ",NA,NA,NA,NA,NA,NA,NA,NA,NA,NA,NA,"3 ",NA,NA,4,"3 ",NA,"3 ",NA,"3 "
"609",21791,4944,2110,20807,"26","11","v5","N",25,4,"1 ",1,NA,NA,NA,NA,NA,NA,NA,NA,"770198052",NA,"1 ","2 ","9 ",NA,"1 ",1,"1 ",2,"3 "
"610",21792,4944,2110,20807,"26","11","v5","N",25,5,"1 ",1,NA,NA,NA,NA,NA,NA,NA,NA,"765153815",NA,"1 ","2 ","11 ",NA,"1 ",1,"1 ",2,"3 "
"611",21826,4951,3385,30608,"19","15","v5","N",92,2,"2 ",NA,NA,NA,NA,NA,NA,NA,NA,NA,NA,NA,"1 ","2 ","3 ",3,"3 ",NA,"3 ",NA,"3 "
"612",21827,4951,3385,30608,"19","15","v5","N",92,3,"2 ",NA,NA,NA,NA,NA,NA,NA,NA,NA,NA,NA,"1 ","2 ","4 ",2,"3 ",NA,"3 ",NA,"3 "
"613",21828,4951,3385,30608,"19","15","v5","N",92,4,"2 ",NA,NA,NA,NA,NA,NA,NA,NA,NA,NA,NA,"1 ","2 ","12 ",5,"1 ",2,"1 ",3,"3 "
"614",21829,4951,3385,30608,"19","15","v5","N",92,5,"2 ",NA,NA,NA,NA,NA,NA,NA,NA,NA,NA,NA,"1 ","2 ","13 ",4,"2 ",NA,"2 ",NA,"3 "
"615",21830,4951,3385,30608,"19","15","v5","N",92,6,"2 ",NA,NA,NA,NA,NA,NA,NA,NA,NA,NA,NA,"1 ","2 ","14 ",NA,"1 ",2,"1 ",3,"3 "
"616",21831,4951,3385,30608,"19","15","v5","N",92,7,"2 ",NA,NA,NA,NA,NA,NA,NA,NA,NA,NA,NA,"1 ","3 ","13 ",NA,"1 ",4,"1 ",5,"3 "
"617",21832,4951,3385,30608,"19","15","v5","N",92,8,"2 ",NA,NA,NA,NA,NA,NA,NA,NA,NA,NA,NA,"1 ","3 ","13 ",NA,"1 ",4,"1 ",5,"3 "
"618",21844,4954,3114,31303,"7","11","v5","N",57,4,"1 ",1,NA,NA,NA,NA,NA,NA,NA,NA,"0","0","1 ","3 ","11 ",NA,"2 ",NA,"2 ",NA,"3 "
"619",21850,4956,3312,31304,"16","13","v5","N",57,2,"2 ",NA,NA,NA,NA,NA,NA,NA,NA,NA,NA,NA,"2 ","1 ",NA,1,"2 ",NA,"2 ",NA,"3 "
"620",21851,4956,3312,31304,"16","13","v5","N",57,3,"2 ",NA,NA,NA,NA,NA,NA,NA,NA,NA,NA,NA,"1 ","3 ","8 ",NA,"2 ",NA,"2 ",NA,"3 "
"621",21852,4956,3312,31304,"16","13","v5","N",57,4,"2 ",NA,NA,NA,NA,NA,NA,NA,NA,NA,NA,NA,"1 ","2 ","13 ",NA,"2 ",NA,"2 ",NA,"3 "
"622",21858,4957,4109,41007,"4","11","v5","N",44,6,"1 ",1,NA,NA,NA,NA,NA,NA,NA,NA,NA,NA,"1 ","3 ","13 ",NA,"1 ",2,"1 ",1,"3 "
"623",21868,4960,3103,30212,"2","7","v5","N",53,3,"1 ",NA,NA,NA,NA,NA,NA,NA,NA,NA,"012949300","0","1 ","2 ","13 ",NA,"1 ",1,"1 ",2,"3 "
"624",21873,4961,3203,30212,"2","6","v5","N",53,4,"2 ",NA,NA,NA,NA,NA,NA,NA,NA,NA,NA,NA,"1 ","3 ","12 ",NA,"1 ",1,"1 ",2,"3 "
"625",21906,4968,7108,70901,"3","12","v5","N",72,2,"2 ",NA,NA,NA,NA,NA,NA,NA,NA,NA,NA,NA,"1 ","2 ","13 ",1,"2 ",NA,"2 ",NA,"3 "
"626",21970,4977,6104,60608,"6","14","v5","N",62,3,"1 ",1,NA,NA,NA,NA,NA,NA,NA,NA,"748627924",NA,"1 ","2 ","13 ",NA,NA,2,"1 ",1,"3 "
"627",21971,4977,6104,60608,"6","14","v5","N",62,4,"1 ",1,NA,NA,NA,NA,NA,NA,NA,NA,"748627924",NA,"1 ","3 ","13 ",NA,"1 ",2,"1 ",1,"3 "
"628",21972,4977,6104,60608,"6","14","v5","N",62,5,"1 ",1,NA,NA,NA,NA,NA,NA,NA,NA,"748627924",NA,"1 ","3 ","10 ",NA,"1 ",2,"1 ",1,"3 "
"629",21974,4978,3388,30608,"29","15","v5","N",93,1,"2 ",NA,NA,NA,NA,NA,NA,NA,NA,NA,NA,NA,"1 ","2 ","12 ",2,"2 ",NA,"2 ",NA,"3 "
"630",21975,4978,3388,30608,"29","15","v5","N",93,2,"2 ",NA,NA,NA,NA,NA,NA,NA,NA,NA,NA,NA,"1 ","2 ","6 ",1,"2 ",NA,"2 ",NA,"3 "
"631",21977,4978,3388,30608,"29","15","v5","N",93,4,"2 ",NA,NA,NA,NA,NA,NA,NA,NA,NA,NA,NA,"1 ","2 ","13 ",NA,"1 ",1,"1 ",2,"3 "
"632",21979,4979,3388,30608,"29","16","v5","N",93,1,"2 ",NA,NA,NA,NA,NA,NA,NA,NA,NA,NA,NA,"1 ","2 ","5 ",2,"3 ",NA,"3 ",NA,"3 "
"633",21980,4979,3388,30608,"29","16","v5","N",93,2,"2 ",NA,NA,NA,NA,NA,NA,NA,NA,NA,NA,NA,"1 ","1 ",NA,1,"3 ",NA,"3 ",NA,"3 "
"634",21981,4979,3388,30608,"29","16","v5","N",93,3,"2 ",NA,NA,NA,NA,NA,NA,NA,NA,NA,NA,NA,"1 ","2 ","14 ",4,"1 ",1,"1 ",2,"3 "
"635",21982,4979,3388,30608,"29","16","v5","N",93,4,"2 ",NA,NA,NA,NA,NA,NA,NA,NA,NA,NA,NA,"1 ","2 ","14 ",3,"2 ",NA,"2 ",NA,"3 "
"636",21983,4979,3388,30608,"29","16","v5","N",93,5,"2 ",NA,NA,NA,NA,NA,NA,NA,NA,NA,NA,NA,"1 ","2 ","3 ",NA,"1 ",3,"1 ",4,"3 "
"637",22008,4983,7108,70901,"3","12","v5","N",71,3,"1 ",1,NA,NA,NA,NA,NA,NA,NA,NA,"756978854","0","3 ",NA,NA,1,"2 ",NA,"2 ",NA,"3 "
"638",22009,4983,7108,70901,"3","12","v5","N",71,4,"1 ",1,NA,NA,NA,NA,NA,NA,NA,NA,"747529974","0","1 ","2 ","13 ",NA,"2 ",NA,"1 ",1,"3 "
"639",22026,4986,6204,60608,"3","15","v5","N",62,3,"2 ",NA,NA,NA,NA,NA,NA,NA,NA,NA,NA,NA,"1 ","2 ","11 ",NA,"2 ",NA,"2 ",NA,"3 "
"640",22051,4991,4101,40204,"9","7","v5","N",43,3,"1 ",1,NA,NA,NA,NA,NA,NA,NA,NA,NA,NA,"1 ","3 ","10 ",NA,"1 ",1,"1 ",2,"3 "
"641",22052,4991,4101,40204,"9","7","v5","N",43,4,"1 ",1,NA,NA,NA,NA,NA,NA,NA,NA,NA,NA,"1 ","3 ","8 ",NA,"1 ",1,"1 ",2,"3 "
"642",22071,4995,4103,40602,"4","3","v5","N",43,4,"1 ",1,NA,NA,NA,NA,NA,NA,NA,NA,"061667056","0","1 ","2 ","13 ",NA,"1 ",1,"1 ",2,"3 "
"643",22091,4999,4103,40602,"4","6","v5","N",43,2,"2 ",NA,NA,NA,NA,NA,NA,NA,NA,NA,NA,NA,"1 ","2 ","11 ",1,"1 ",5,"1 ",6,"3 "
"644",22136,5009,4101,40204,"9","4","v5","N",44,4,"1 ",1,NA,NA,NA,NA,NA,NA,NA,NA,"051730420",NA,"1 ","3 ","13 ",NA,"1 ",1,"1 ",2,"3 "
"645",22216,5025,3203,30212,"2","11","v5","N",52,3,"2 ",NA,NA,NA,NA,NA,NA,NA,NA,NA,NA,NA,"1 ","3 ","12 ",NA,"1 ",1,"1 ",2,"3 "
"646",22217,5025,3203,30212,"2","11","v5","N",52,4,"2 ",NA,NA,NA,NA,NA,NA,NA,NA,NA,NA,NA,"1 ","2 ","12 ",3,"2 ",NA,"2 ",NA,"3 "
"647",22218,5025,3203,30212,"2","11","v5","N",52,5,"2 ",NA,NA,NA,NA,NA,NA,NA,NA,NA,NA,NA,"1 ","2 ","13 ",NA,"1 ",1,"1 ",2,"3 "
"648",22223,5026,3103,30212,"2","16","v5","N",51,4,"1 ",1,NA,NA,NA,NA,NA,NA,NA,NA,"0","0","1 ","3 ","13 ",NA,"2 ",NA,"2 ",NA,"3 "
"649",22226,5027,3103,30212,"2","17","v5","N",51,3,"1 ",1,NA,NA,NA,NA,NA,NA,NA,NA,"859463150","0","1 ","2 ","13 ",4,"1 ",1,"1 ",2,"3 "
"650",22232,5028,3203,30212,"2","16","v5","N",51,4,"2 ",NA,NA,NA,NA,NA,NA,NA,NA,NA,NA,NA,"1 ","2 ","12 ",6,"2 ",NA,"2 ",NA,"3 "
"651",22233,5028,3203,30212,"2","16","v5","N",51,5,"2 ",NA,NA,NA,NA,NA,NA,NA,NA,NA,NA,NA,"3 ",NA,NA,NA,"2 ",NA,"2 ",NA,"3 "
"652",22245,5031,7208,70901,"3","16","v5","N",71,3,"2 ",NA,NA,NA,NA,NA,NA,NA,NA,NA,NA,NA,"1 ","2 ","14 ",NA,"2 ",NA,"1 ",1,"3 "
"653",22249,5031,7208,70901,"3","16","v5","N",71,7,"2 ",NA,NA,NA,NA,NA,NA,NA,NA,NA,NA,NA,"1 ","2 ","13 ",NA,"3 ",NA,"2 ",NA,"3 "
"654",22352,5051,2207,20613,"4","2","v5","N",25,3,"2 ",NA,NA,NA,NA,NA,NA,NA,NA,NA,NA,NA,"3 ",NA,NA,1,"3 ",NA,"3 ",NA,"4 "
"655",22353,5051,2207,20613,"4","2","v5","N",25,4,"2 ",NA,NA,NA,NA,NA,NA,NA,NA,NA,NA,NA,"3 ",NA,NA,1,"3 ",NA,"3 ",NA,"4 "
"656",22384,5056,2208,20614,"1","4","v5","Y",27,1,"2 ",NA,NA,NA,NA,NA,NA,NA,NA,NA,NA,NA,"1 ","2 ","15 ",2,"3 ",NA,"3 ",NA,"3 "
"657",22385,5056,2208,20614,"1","4","v5","Y",27,2,"2 ",NA,NA,NA,NA,NA,NA,NA,NA,NA,NA,NA,"1 ","2 ","15 ",2,"3 ",NA,"3 ",NA,"3 "
"658",22386,5056,2208,20614,"1","4","v5","Y",27,3,"2 ",NA,NA,NA,NA,NA,NA,NA,NA,NA,NA,NA,"1 ","2 ","15 ",2,"3 ",1,"3 ",2,"3 "
"659",22436,5065,3103,30212,"2","1","v5","N",54,3,"1 ",1,NA,NA,NA,NA,NA,NA,NA,NA,"0","0","1 ","2 ","11 ",4,"1 ",1,"1 ",2,"3 "
"660",22437,5065,3103,30212,"2","1","v5","N",54,4,"1 ",1,NA,NA,NA,NA,NA,NA,NA,NA,"0","0","1 ","2 ","14 ",3,"2 ",NA,"2 ",NA,"3 "
"661",22438,5065,3103,30212,"2","1","v5","N",54,5,"1 ",1,NA,NA,NA,NA,NA,NA,NA,NA,"0","0","1 ","3 ","1 ",NA,"1 ",3,"1 ",4,"3 "
"662",22439,5065,3103,30212,"2","1","v5","N",54,6,"1 ",1,NA,NA,NA,NA,NA,NA,NA,NA,"0","0","1 ","3 ","1 ",NA,"1 ",3,"1 ",4,"3 "
"663",22450,5068,3103,30212,"2","2","v5","N",54,3,"1 ",1,NA,NA,NA,NA,NA,NA,NA,NA,"061956985","0","1 ","2 ","13 ",NA,"1 ",1,"1 ",2,"3 "
"664",22451,5068,3103,30212,"2","2","v5","N",54,4,"1 ",1,NA,NA,NA,NA,NA,NA,NA,NA,"0","0","1 ","3 ","13 ",NA,"1 ",1,"1 ",2,"3 "
"665",22458,5070,3203,30212,"2","1","v5","N",54,3,"2 ",NA,NA,NA,NA,NA,NA,NA,NA,NA,NA,NA,"1 ","2 ","8 ",4,"1 ",1,"1 ",2,"3 "
"666",22459,5070,3203,30212,"2","1","v5","N",54,4,"2 ",NA,NA,NA,NA,NA,NA,NA,NA,NA,NA,NA,"1 ","2 ","6 ",3,"2 ",NA,"2 ",NA,"3 "
"667",22477,5074,5421,50802,"10","19","v5","N",51,3,"1 ",1,NA,NA,NA,NA,NA,NA,NA,NA,"00","00","1 ","2 ","13 ",NA,"1 ",2,"1 ",1,"3 "
"668",22488,5076,6104,60608,"6","1","v5","N",64,4,"1 ",1,NA,NA,NA,NA,NA,NA,NA,NA,"088073764","0","1 ","3 ","14 ",3,"3 ",NA,"3 ",NA,"3 "
"669",22489,5076,6104,60608,"6","1","v5","N",64,5,"1 ",1,NA,NA,NA,NA,NA,NA,NA,NA,"088073764","0","1 ","3 ","14 ",NA,"1 ",1,"1 ",2,"3 "
"670",22490,5076,6104,60608,"6","1","v5","N",64,6,"1 ",1,NA,NA,NA,NA,NA,NA,NA,NA,"088073764","0","3 ",NA,NA,NA,"1 ",3,"1 ",2,"3 "
"671",22498,5078,6104,60608,"6","2","v5","N",64,4,"1 ",1,NA,NA,NA,NA,NA,NA,NA,NA,"782326392","0","1 ","3 ","14 ",NA,"1 ",1,"1 ",2,"3 "
"672",22507,5080,6204,60608,"3","8","v5","N",64,3,"2 ",NA,NA,NA,NA,NA,NA,NA,NA,NA,NA,NA,"1 ","3 ","13 ",NA,"1 ",1,"1 ",2,"3 "
"673",22552,5089,3110,30909,"10","12","v5","N",54,4,"1 ",1,NA,NA,NA,NA,NA,NA,NA,NA,"013957580","0","1 ","2 ","6 ",1,"1 ",3,"3 ",NA,"3 "
"674",22640,5104,3103,30212,"1","12","v5","N",52,6,"1 ",1,NA,NA,NA,NA,NA,NA,NA,NA,"943264420",NA,"1 ","2 ","13 ",7,"1 ",1,"1 ",2,"3 "
"675",22641,5104,3103,30212,"1","12","v5","N",52,7,"1 ",1,NA,NA,NA,NA,NA,NA,NA,NA,"727206480",NA,"1 ","2 ","15 ",6,"2 ",NA,"2 ",NA,"3 "
"676",22642,5104,3103,30212,"1","12","v5","N",52,8,"2 ",NA,NA,NA,NA,NA,NA,NA,NA,NA,NA,NA,"3 ",NA,NA,NA,"1 ",6,"1 ",7,"3 "
"677",22646,5105,4103,40602,"4","8","v5","N",43,4,"2 ",NA,NA,NA,NA,NA,NA,NA,NA,NA,NA,NA,"1 ","2 ","13 ",NA,"1 ",1,"1 ",2,"4 "
"678",22650,5106,4203,40602,"4","10","v5","N",43,2,"2 ",NA,NA,NA,NA,NA,NA,NA,NA,NA,NA,NA,"3 ",NA,NA,1,"3 ",NA,"3 ",NA,"3 "
"679",22651,5106,4203,40602,"4","10","v5","N",43,3,"2 ",NA,NA,NA,NA,NA,NA,NA,NA,NA,NA,NA,"1 ","2 ","13 ",NA,"1 ",2,"1 ",1,"3 "
"680",22662,5108,4203,40602,"4","12","v5","N",43,8,"2 ",NA,NA,NA,NA,NA,NA,NA,NA,NA,NA,NA,"1 ","2 ","13 ",NA,"1 ",2,"1 ",1,"3 "
"681",22663,5108,4203,40602,"4","12","v5","N",43,9,"2 ",NA,NA,NA,NA,NA,NA,NA,NA,NA,NA,NA,"1 ","2 ","13 ",10,"1 ",2,"1 ",1,"3 "
"682",22664,5108,4203,40602,"4","12","v5","N",43,10,"2 ",NA,NA,NA,NA,NA,NA,NA,NA,NA,NA,NA,"1 ","2 ","13 ",9,"2 ",NA,"2 ",NA,"3 "
"683",22666,5109,4103,40602,"4","9","v5","N",43,2,"2 ",1,NA,NA,NA,NA,NA,NA,NA,NA,"680209110","0","1 ","3 ","11 ",NA,"3 ",NA,"1 ",1,"3 "
"684",22669,5110,2210,20807,"26","16","v5","N",26,3,"2 ",NA,NA,NA,NA,NA,NA,NA,NA,NA,NA,NA,"1 ","2 ","9 ",4,"1 ",1,"1 ",2,"3 "
"685",22675,5110,2210,20807,"26","16","v5","N",26,9,"2 ",NA,NA,NA,NA,NA,NA,NA,NA,NA,NA,NA,"1 ","2 ","8 ",NA,"1 ",1,"1 ",2,"3 "
"686",22679,5111,2210,20807,"26","17","v5","N",26,3,"2 ",NA,NA,NA,NA,NA,NA,NA,NA,NA,NA,NA,"1 ","2 ","6 ",4,"1 ",1,"1 ",2,"3 "
"687",22680,5111,2210,20807,"26","17","v5","N",26,4,"2 ",NA,NA,NA,NA,NA,NA,NA,NA,NA,NA,NA,"3 ",NA,NA,3,"2 ",NA,"2 ",NA,"3 "
"688",22681,5111,2210,20807,"26","17","v5","N",26,5,"2 ",NA,NA,NA,NA,NA,NA,NA,NA,NA,NA,NA,"3 ",NA,NA,NA,"1 ",3,"1 ",4,"3 "
"689",22682,5111,2210,20807,"26","17","v5","N",26,6,"2 ",NA,NA,NA,NA,NA,NA,NA,NA,NA,NA,NA,"3 ",NA,NA,NA,"1 ",3,"1 ",4,"3 "
"690",22713,5116,2110,20807,"26","11","v5","N",26,2,"1 ",1,NA,NA,NA,NA,NA,NA,NA,NA,"715652545",NA,"1 ","2 ","6 ",3,"3 ",NA,"1 ",1,"3 "
"691",22715,5116,2110,20807,"26","11","v5","N",26,4,"2 ",NA,NA,NA,NA,NA,NA,NA,NA,NA,NA,NA,"1 ","3 ","11 ",NA,"1 ",2,"1 ",3,"3 "
"692",22717,5116,2110,20807,"26","11","v5","N",26,6,"2 ",NA,NA,NA,NA,NA,NA,NA,NA,NA,NA,NA,"1 ","3 ","5 ",NA,"1 ",2,"1 ",3,"3 "
"693",22780,5125,4209,41007,"4","16","v5","N",44,3,"2 ",NA,NA,NA,NA,NA,NA,NA,NA,NA,NA,NA,"1 ","3 ","11 ",NA,"1 ",2,"1 ",1,"3 "
"694",22880,5146,4201,40204,"9","6","v5","N",43,2,"2 ",NA,NA,NA,NA,NA,NA,NA,NA,NA,NA,NA,"1 ","2 ","13 ",NA,"3 ",NA,"1 ",1,"3 "
"695",22895,5148,4101,40204,"9","8","v5","N",43,5,"2 ",NA,NA,NA,NA,NA,NA,NA,NA,NA,NA,NA,"1 ","3 ","10 ",NA,"1 ",4,"2 ",NA,"3 "
"696",22910,5150,6204,60608,"6","3","v5","N",64,4,"2 ",NA,NA,NA,NA,NA,NA,NA,NA,NA,NA,NA,"1 ","2 ","10 ",5,"1 ",1,"1 ",2,"3 "
"697",22911,5150,6204,60608,"6","3","v5","N",64,5,"2 ",NA,NA,NA,NA,NA,NA,NA,NA,NA,NA,NA,"1 ","2 ","14 ",4,"2 ",NA,"2 ",NA,"3 "
"698",22913,5150,6204,60608,"6","3","v5","N",64,7,"2 ",NA,NA,NA,NA,NA,NA,NA,NA,NA,NA,NA,"1 ","3 ","5 ",NA,"1 ",4,"1 ",5,"3 "
"699",22935,5155,6204,60608,"3","6","v5","N",64,3,"2 ",NA,NA,NA,NA,NA,NA,NA,NA,NA,NA,NA,"1 ","3 ","13 ",NA,"1 ",1,"1 ",2,"3 "
"700",22942,5156,6204,60608,"6","7","v5","N",64,5,"2 ",NA,NA,NA,NA,NA,NA,NA,NA,NA,NA,NA,"1 ","2 ","13 ",NA,"1 ",3,"1 ",4,"3 "
"701",22946,5157,6104,60608,"3","16","v5","N",62,3,"2 ",NA,NA,NA,NA,NA,NA,NA,NA,NA,NA,NA,"1 ","2 ","11 ",NA,"1 ",1,"1 ",2,"3 "
"702",22953,5158,6104,60608,"6","17","v5","N",62,5,"2 ",NA,NA,NA,NA,NA,NA,NA,NA,NA,NA,NA,"1 ","2 ","13 ",4,"2 ",NA,"2 ",NA,"3 "
"703",22962,5160,3103,30212,"2","6","v5","N",53,3,"1 ",1,NA,NA,NA,NA,NA,NA,NA,NA,NA,"0","1 ","2 ","12 ",4,"1 ",1,"1 ",2,"3 "
"704",22963,5160,3103,30212,"2","6","v5","N",53,4,"1 ",1,NA,NA,NA,NA,NA,NA,NA,NA,NA,"0","1 ","2 ","13 ",3,"2 ",NA,"2 ",NA,"3 "
"705",22964,5160,3103,30212,"2","6","v5","N",53,5,"2 ",NA,NA,NA,NA,NA,NA,NA,NA,NA,NA,NA,"3 ","3 ","1 ",NA,"1 ",3,"1 ",4,"3 "
"706",22965,5160,3103,30212,"2","6","v5","N",53,6,"1 ",NA,NA,NA,NA,NA,NA,NA,NA,NA,NA,"0","1 ","3 ","13 ",NA,"1 ",1,"1 ",2,"3 "
"707",22967,5161,6104,60608,"6","19","v5","N",62,2,"2 ",NA,NA,NA,NA,NA,NA,NA,NA,NA,NA,NA,"1 ","2 ","14 ",3,"3 ",NA,"1 ",1,"3 "
"708",22968,5161,6104,60608,"6","19","v5","N",62,3,"1 ",1,NA,NA,NA,NA,NA,NA,NA,NA,"680567090",NA,"1 ","2 ","11 ",2,"2 ",NA,"2 ",NA,"3 "
"709",22975,5162,3103,30212,"2","8","v5","N",53,3,"1 ",1,NA,NA,NA,NA,NA,NA,NA,NA,"0","0","1 ","2 ","13 ",4,"1 ",1,"1 ",2,"3 "
"710",22976,5162,3103,30212,"2","8","v5","N",53,4,"1 ",1,NA,NA,NA,NA,NA,NA,NA,NA,"0","0","1 ","2 ","13 ",3,"3 ",NA,"2 ",NA,"3 "
"711",22977,5162,3103,30212,"2","8","v5","N",53,5,"1 ",1,NA,NA,NA,NA,NA,NA,NA,NA,"0","0","1 ","3 ","5 ",NA,"1 ",3,"1 ",4,"3 "
"712",22978,5162,3103,30212,"2","8","v5","N",53,6,"2 ",1,NA,NA,NA,NA,NA,NA,NA,NA,"0","0","3 ",NA,NA,NA,"1 ",3,"1 ",4,"3 "
"713",22979,5162,3103,30212,"2","8","v5","N",53,7,"2 ",NA,NA,NA,NA,NA,NA,NA,NA,NA,NA,NA,"3 ",NA,NA,NA,"1 ",3,"1 ",4,"3 "
"714",23001,5167,3203,30212,"2","7","v5","N",53,2,"2 ",NA,NA,NA,NA,NA,NA,NA,NA,NA,NA,NA,"1 ","2 ","8 ",3,"2 ",NA,"1 ",1,"3 "
"715",23006,5168,3103,30212,"1","9","v5","N",53,2,"1 ",1,NA,NA,NA,NA,NA,NA,NA,NA,"782867002","0","2 ","2 ","2 ",3,"3 ",NA,"1 ",1,"3 "
"716",23008,5168,3103,30212,"1","9","v5","N",53,4,"1 ",1,NA,NA,NA,NA,NA,NA,NA,NA,"755450021","0","1 ","2 ","13 ",NA,"1 ",2,"1 ",3,"3 "
"717",23010,5169,3203,30212,"1","8","v5","N",53,1,"2 ",NA,NA,NA,NA,NA,NA,NA,NA,NA,NA,NA,"1 ","2 ","8 ",2,"3 ",NA,"2 ",NA,"3 "
"718",23013,5169,3203,30212,"1","8","v5","N",53,4,"2 ",NA,NA,NA,NA,NA,NA,NA,NA,NA,NA,NA,"1 ","2 ","13 ",NA,"1 ",1,"1 ",2,"3 "
"719",23027,5171,4201,40204,"9","9","v5","N",43,3,"2 ",NA,NA,NA,NA,NA,NA,NA,NA,NA,NA,NA,"1 ","1 ",NA,4,"3 ",NA,"3 ",NA,"3 "
"720",23028,5171,4201,40204,"9","9","v5","N",43,4,"2 ",NA,NA,NA,NA,NA,NA,NA,NA,NA,NA,NA,"1 ","1 ",NA,3,"3 ",NA,"3 ",NA,"3 "
"721",23030,5171,4201,40204,"9","9","v5","N",43,6,"2 ",NA,NA,NA,NA,NA,NA,NA,NA,NA,NA,NA,"1 ","3 ","9 ",NA,"1 ",1,"1 ",2,"3 "
"722",23033,5171,4201,40204,"9","9","v5","N",43,9,"2 ",NA,NA,NA,NA,NA,NA,NA,NA,NA,NA,NA,"1 ","2 ","11 ",10,"2 ",NA,"2 ",NA,"3 "
"723",23034,5171,4201,40204,"9","9","v5","N",43,10,"2 ",NA,NA,NA,NA,NA,NA,NA,NA,NA,NA,NA,"1 ","2 ","13 ",9,"2 ",NA,"2 ",NA,"3 "
"724",23081,5179,5321,50802,"10","17","v5","N",51,1,"2 ",NA,NA,NA,NA,NA,NA,NA,NA,NA,NA,NA,"1 ","2 ","4 ",2,"3 ",NA,"3 ",NA,"3 "
"725",23082,5179,5321,50802,"10","17","v5","N",51,2,"2 ",NA,NA,NA,NA,NA,NA,NA,NA,NA,NA,NA,"3 ",NA,NA,1,"3 ",NA,"3 ",NA,"3 "
"726",23088,5180,2210,20807,"26","18","v5","N",28,3,"2 ",1,NA,NA,NA,NA,NA,NA,NA,NA,NA,NA,"1 ","2 ","8 ",4,"1 ",1,"1 ",2,"3 "
"727",23113,5185,3321,30608,"31","17","v5","N",93,2,"2 ",NA,NA,NA,NA,NA,NA,NA,NA,NA,NA,NA,"1 ","2 ","13 ",1,"2 ",NA,"2 ",NA,"3 "
"728",23114,5185,3321,30608,"31","17","v5","N",93,3,"2 ",NA,NA,NA,NA,NA,NA,NA,NA,NA,NA,NA,"1 ","3 ","2 ",NA,"1 ",1,"1 ",2,"3 "
"729",23115,5185,3321,30608,"31","17","v5","N",93,4,"2 ",NA,NA,NA,NA,NA,NA,NA,NA,NA,NA,NA,"1 ","2 ","12 ",5,"3 ",NA,"3 ",NA,"3 "
"730",23116,5185,3321,30608,"31","17","v5","N",93,5,"2 ",NA,NA,NA,NA,NA,NA,NA,NA,NA,NA,NA,"1 ","2 ","12 ",4,"3 ",NA,"3 ",NA,"3 "
"731",23124,5188,3321,30608,"31","16","v5","N",94,2,"2 ",NA,NA,NA,NA,NA,NA,NA,NA,NA,NA,NA,"3 ",NA,NA,3,"3 ",NA,"3 ",NA,"3 "
"732",23125,5188,3321,30608,"31","16","v5","N",94,3,"2 ",NA,NA,NA,NA,NA,NA,NA,NA,NA,NA,NA,"3 ",NA,NA,2,"3 ",NA,"3 ",NA,"3 "
"733",23143,5193,3421,30608,"31","20","v5","N",93,2,"2 ",NA,NA,NA,NA,NA,NA,NA,NA,NA,NA,NA,"1 ","2 ","14 ",1,"2 ",NA,"2 ",NA,"4 "
"734",23144,5193,3421,30608,"31","20","v5","N",93,3,"2 ",NA,NA,NA,NA,NA,NA,NA,NA,NA,NA,NA,"1 ","2 ","11 ",4,"2 ",NA,"3 ",NA,"3 "
"735",23145,5193,3421,30608,"31","20","v5","N",93,4,"2 ",NA,NA,NA,NA,NA,NA,NA,NA,NA,NA,NA,"1 ","2 ","5 ",3,"3 ",NA,"2 ",NA,"3 "
"736",23205,5207,3421,30608,"31","21","v5","N",93,5,"2 ",NA,NA,NA,NA,NA,NA,NA,NA,NA,NA,NA,"3 ",NA,NA,6,"3 ",NA,"3 ",NA,"3 "
"737",23206,5207,3421,30608,"31","21","v5","N",93,6,"2 ",NA,NA,NA,NA,NA,NA,NA,NA,NA,NA,NA,"3 ",NA,NA,5,"3 ",NA,"3 ",NA,"3 "
"738",23245,5215,3354,30608,"30","6","v5","N",91,4,"2 ",NA,NA,NA,NA,NA,NA,NA,NA,NA,NA,NA,"1 ","2 ","12 ",NA,"3 ",NA,"3 ",NA,"3 "
"739",23260,5218,3321,30608,"31","8","v5","N",91,5,"2 ",NA,NA,NA,NA,NA,NA,NA,NA,NA,NA,NA,"1 ","2 ","17 ",NA,"3 ",NA,"3 ",NA,"3 "
"740",23293,5227,7108,70901,"3","19","v5","N",71,4,"2 ",NA,NA,NA,NA,NA,NA,NA,NA,NA,NA,NA,"1 ","3 ","13 ",NA,"1 ",1,"1 ",2,"3 "
"741",23347,5238,4201,40204,"9","10","v5","N",43,2,"2 ",NA,NA,NA,NA,NA,NA,NA,NA,NA,NA,NA,"1 ","2 ","13 ",1,"2 ",NA,"2 ",NA,"3 "
"742",23348,5238,4201,40204,"9","10","v5","N",43,3,"2 ",NA,NA,NA,NA,NA,NA,NA,NA,NA,NA,NA,"1 ","2 ","13 ",NA,"1 ",2,"1 ",1,"3 "
"743",23349,5238,4201,40204,"9","10","v5","N",43,4,"2 ",NA,NA,NA,NA,NA,NA,NA,NA,NA,NA,NA,"1 ","3 ","13 ",NA,"1 ",2,"1 ",1,"3 "
"744",23405,5250,4201,40204,"9","13","v5","N",43,3,"2 ",NA,NA,NA,NA,NA,NA,NA,NA,NA,NA,NA,"1 ","2 ","5 ",2,"2 ",NA,"2 ",NA,"3 "
"745",23464,5258,4101,40204,"9","12","v5","N",43,3,"1 ",1,NA,NA,NA,NA,NA,NA,NA,NA,"053824536",NA,"1 ","3 ","5 ",NA,"1 ",2,"1 ",1,"3 "
"746",23554,5274,2110,20807,"26","20","v5","N",28,3,"1 ",1,NA,NA,NA,NA,NA,NA,NA,NA,"771656012",NA,"1 ","2 ","9 ",NA,"1 ",1,"1 ",2,"3 "
"747",23623,5284,3103,30212,"1","14","v5","N",52,5,"2 ",NA,NA,NA,NA,NA,NA,NA,NA,NA,NA,NA,"1 ","2 ","14 ",6,"2 ",NA,"2 ",NA,"3 "
"748",23639,5287,3103,30212,"2","13","v5","N",52,3,NA,NA,2,3,NA,NA,NA,NA,NA,NA,"0","0","1 ","2 ","14 ",NA,"1 ",1,"1 ",2,"3 "
"749",23640,5287,3103,30212,"2","13","v5","N",52,4,"1 ",1,NA,NA,NA,NA,NA,NA,NA,NA,"23877276",NA,"1 ","2 ","15 ",NA,"1 ",1,"1 ",2,"3 "
"750",23642,5287,3103,30212,"2","13","v5","N",52,6,"1 ",1,NA,NA,NA,NA,NA,NA,NA,NA,"0","0","3 ",NA,NA,NA,"3 ",NA,"3 ",NA,"3 "
"751",23671,5291,3203,30212,"1","12","v5","N",52,5,"2 ",NA,NA,NA,NA,NA,NA,NA,NA,NA,NA,NA,"1 ","2 ","13 ",6,"1 ",3,"1 ",4,"3 "
"752",23672,5291,3203,30212,"1","12","v5","N",52,6,"2 ",NA,NA,NA,NA,NA,NA,NA,NA,NA,NA,NA,"1 ","2 ","13 ",5,"2 ",NA,"2 ",NA,"3 "
"753",23674,5291,3203,30212,"1","12","v5","N",52,8,"2 ",NA,NA,NA,NA,NA,NA,NA,NA,NA,NA,NA,"1 ","2 ","14 ",7,"2 ",3,"2 ",4,"3 "
"754",23675,5291,3203,30212,"1","12","v5","N",52,9,"2 ",NA,NA,NA,NA,NA,NA,NA,NA,NA,NA,NA,"1 ","3 ","7 ",NA,"1 ",5,"1 ",6,"3 "
"755",23766,5308,7108,70901,"3","11","v5","N",72,3,"1 ",1,NA,NA,NA,NA,NA,NA,NA,NA,"0","0","1 ","3 ","13 ",NA,"1 ",1,"1 ",2,"3 "
"756",23775,5309,7108,70901,"3","16","v5","N",72,6,"1 ",1,NA,NA,NA,NA,NA,NA,NA,NA,"034094012","0","1 ","2 ","13 ",NA,"1 ",1,"1 ",2,"3 "
"757",23789,5312,7108,70901,"3","18","v5","Y",72,3,"2 ",NA,NA,NA,NA,NA,NA,NA,NA,NA,NA,NA,"1 ","2 ","13 ",4,"1 ",2,"1 ",4,"3 "
"758",23790,5312,7108,70901,"3","18","v5","Y",72,4,"2 ",NA,NA,NA,NA,NA,NA,NA,NA,NA,NA,NA,"1 ","2 ","13 ",3,"2 ",NA,"2 ",NA,"3 "
"759",23791,5312,7108,70901,"3","18","v5","Y",72,5,"1 ",1,NA,NA,NA,NA,NA,NA,NA,NA,"786325831","0","1 ","3 ","6 ",NA,"2 ",NA,"2 ",NA,"3 "
"760",23792,5312,7108,70901,"3","18","v5","Y",72,6,"1 ",1,NA,NA,NA,NA,NA,NA,NA,NA,"751373092","0","3 ",NA,NA,NA,"2 ",NA,"2 ",NA,"3 "
"761",23795,5313,7208,70901,"3","19","v5","N",72,2,"2 ",NA,NA,NA,NA,NA,NA,NA,NA,NA,NA,NA,"3 ",NA,NA,1,"3 ",NA,"3 ",NA,"3 "
"762",23796,5313,7208,70901,"3","19","v5","N",72,3,"2 ",NA,NA,NA,NA,NA,NA,NA,NA,NA,NA,NA,"1 ","2 ","11 ",4,"1 ",1,"1 ",2,"3 "
"763",23802,5314,7208,70901,"3","20","v5","N",72,3,"2 ",NA,NA,NA,NA,NA,NA,NA,NA,NA,NA,NA,"1 ","2 ","11 ",4,"1 ",1,"1 ",2,"3 "
"764",23803,5314,7208,70901,"3","20","v5","N",72,4,"2 ",NA,NA,NA,NA,NA,NA,NA,NA,NA,NA,NA,"1 ","2 ","13 ",3,"2 ",NA,"2 ",NA,"3 "
"765",23804,5314,7208,70901,"3","20","v5","N",72,5,"2 ",NA,NA,NA,NA,NA,NA,NA,NA,NA,NA,NA,"1 ","3 ","1 ",NA,"2 ",NA,"2 ",NA,"3 "
"766",23805,5314,7208,70901,"3","20","v5","N",72,6,"2 ",NA,NA,NA,NA,NA,NA,NA,NA,NA,NA,NA,"1 ","2 ","12 ",7,"1 ",1,"1 ",2,"3 "
"767",23806,5314,7208,70901,"3","20","v5","N",72,7,"2 ",NA,NA,NA,NA,NA,NA,NA,NA,NA,NA,NA,"1 ","2 ","12 ",6,"2 ",NA,"2 ",NA,"3 "
"768",23807,5314,7208,70901,"3","20","v5","N",72,8,"2 ",NA,NA,NA,NA,NA,NA,NA,NA,NA,NA,NA,"3 ",NA,NA,NA,"2 ",NA,"2 ",NA,"3 "
"769",23985,5351,1105,10805,"6","10","v5","N",11,5,"1 ",1,NA,NA,NA,NA,NA,NA,NA,NA,"23687565",NA,"1 ","3 ","6 ",NA,"1 ",3,"1 ",4,"3 "
"770",24125,5377,1105,10805,"6","12","v5","N",11,3,"1 ",1,NA,NA,NA,NA,NA,NA,NA,NA,"30551485",NA,"1 ","3 ","13 ",NA,"1 ",1,"1 ",2,"3 "
"771",24126,5377,1105,10805,"6","12","v5","N",11,4,"1 ",1,NA,NA,NA,NA,NA,NA,NA,NA,"59210115",NA,"1 ","3 ","12 ",NA,"1 ",1,"1 ",2,"3 "
"772",24135,5379,1205,10805,"6","13","v5","N",11,4,"2 ",NA,NA,NA,NA,NA,NA,NA,NA,NA,NA,NA,"1 ","3 ","13 ",5,"2 ",NA,"1 ",1,"3 "
"773",24136,5379,1205,10805,"6","13","v5","N",11,5,"2 ",NA,NA,NA,NA,NA,NA,NA,NA,NA,NA,NA,"1 ","3 ","13 ",4,"2 ",NA,"2 ",NA,"3 "
"774",24204,5390,2210,20807,"26","16","v5","N",27,3,"2 ",NA,NA,NA,NA,NA,NA,NA,NA,NA,NA,NA,"1 ","2 ","5 ",4,"1 ",1,"1 ",2,"3 "
"775",24283,5403,2210,20807,"26","20","v5","N",27,3,"2 ",NA,NA,NA,NA,NA,NA,NA,NA,NA,NA,NA,"1 ","2 ","7 ",NA,"1 ",1,"1 ",2,"3 "
"776",24345,5415,1105,10805,"3","17","v5","N",14,3,"1 ",1,NA,NA,NA,NA,NA,NA,NA,NA,"078055353",NA,"1 ","2 ","14 ",NA,"1 ",2,"1 ",1,"3 "
"777",24346,5415,1105,10805,"3","17","v5","N",14,4,"1 ",1,NA,NA,NA,NA,NA,NA,NA,NA,"095318296",NA,"1 ","2 ","13 ",NA,"1 ",2,"1 ",1,"3 "
"778",24404,5427,1205,10805,"3","17","v5","N",13,3,"2 ",NA,NA,NA,NA,NA,NA,NA,NA,NA,NA,NA,"1 ","3 ","13 ",NA,"1 ",1,"1 ",2,"3 "
"779",24434,5433,1105,10805,"6","23","v5","N",14,3,"1 ",1,NA,NA,NA,NA,NA,NA,NA,NA,"080931281",NA,"1 ","3 ","13 ",NA,"1 ",2,"1 ",1,"3 "
"780",24435,5433,1105,10805,"6","23","v5","N",14,4,"1 ",NA,NA,NA,NA,NA,NA,NA,NA,NA,"080931281",NA,"1 ","3 ","10 ",NA,"1 ",1,"1 ",1,"3 "
"781",24457,5437,1105,10805,"3","18","v5","N",13,3,"1 ",1,NA,NA,NA,NA,NA,NA,NA,NA,"095853752",NA,"1 ","3 ","14 ",NA,"1 ",2,"1 ",1,"3 "
"782",24458,5437,1105,10805,"3","18","v5","N",13,4,"1 ",1,NA,NA,NA,NA,NA,NA,NA,NA,"080759836",NA,"1 ","2 ","13 ",NA,"1 ",2,"1 ",1,"3 "
"783",24488,5443,1105,10805,"2","21","v5","N",14,3,"1 ",1,NA,NA,NA,NA,NA,NA,NA,NA,NA,NA,"1 ","3 ","14 ",NA,"1 ",1,"1 ",2,"3 "
"784",24489,5443,1105,10805,"2","21","v5","N",14,4,"1 ",1,NA,NA,NA,NA,NA,NA,NA,NA,"043951316",NA,"1 ","3 ","13 ",NA,"1 ",1,"1 ",2,"3 "
"785",24549,5455,1105,10805,"2","19","v5","N",14,4,"1 ",1,NA,NA,NA,NA,NA,NA,NA,NA,NA,NA,"1 ","3 ","10 ",NA,"1 ",2,"1 ",1,"3 "
"786",24550,5455,1105,10805,"2","19","v5","N",14,5,"1 ",1,NA,NA,NA,NA,NA,NA,NA,NA,NA,NA,"1 ","3 ","6 ",NA,"1 ",2,"1 ",1,"3 "
"787",24590,5464,1105,10805,"2","22","v5","N",14,4,"1 ",1,NA,NA,NA,NA,NA,NA,NA,NA,NA,NA,"1 ","3 ","13 ",NA,"1 ",2,"1 ",1,"3 "
"788",24591,5464,1105,10805,"2","22","v5","N",14,5,"1 ",1,NA,NA,NA,NA,NA,NA,NA,NA,NA,NA,"1 ","2 ","14 ",NA,"1 ",2,"1 ",1,"3 "
"789",24642,5476,3209,30803,"8","16","v5","N",55,5,"2 ",NA,NA,NA,NA,NA,NA,NA,NA,NA,NA,NA,"1 ","3 ","6 ",NA,"1 ",3,"1 ",4,"3 "
"790",24659,5480,3388,30608,"29","18","v5","N",92,3,"2 ",NA,NA,NA,NA,NA,NA,NA,NA,NA,NA,NA,"1 ","2 ","6 ",4,"2 ",NA,"3 ",NA,"3 "
"791",24660,5480,3388,30608,"29","18","v5","N",92,4,"2 ",NA,NA,NA,NA,NA,NA,NA,NA,NA,NA,NA,"2 ","1 ",NA,3,"3 ",NA,"3 ",NA,"3 "
"792",24668,5482,3209,30803,"8","19","v5","N",56,3,"2 ",NA,NA,NA,NA,NA,NA,NA,NA,NA,NA,NA,"1 ","2 ","13 ",NA,"1 ",1,"2 ",NA,"4 "
"793",24755,5494,1210,11303,"8","19","v5","N",22,3,"2 ",NA,NA,NA,NA,NA,NA,NA,NA,NA,NA,NA,"1 ","3 ","13 ",NA,"1 ",1,"1 ",2,"3 "
"794",24756,5494,1210,11303,"8","19","v5","N",22,4,"2 ",NA,NA,NA,NA,NA,NA,NA,NA,NA,NA,NA,"1 ","3 ","13 ",NA,"1 ",1,"1 ",2,"3 "
"795",24757,5494,1210,11303,"8","19","v5","N",22,5,"2 ",NA,NA,NA,NA,NA,NA,NA,NA,NA,NA,NA,"1 ","3 ","9 ",NA,"1 ",1,"1 ",2,"3 "
"796",24758,5494,1210,11303,"8","19","v5","N",22,6,"2 ",NA,NA,NA,NA,NA,NA,NA,NA,NA,NA,NA,"1 ","3 ","7 ",NA,"1 ",1,"1 ",2,"3 "
"797",24787,5500,1110,11303,"8","24","v5","N",22,3,"1 ",1,NA,NA,NA,NA,NA,NA,NA,NA,"030698603","0","1 ","2 ","12 ",NA,"1 ",2,"1 ",1,"3 "
"798",24807,5502,1210,11303,"8","26","v5","N",22,8,"2 ",NA,NA,NA,NA,NA,NA,NA,NA,NA,NA,NA,"1 ","2 ","8 ",9,"1 ",1,"1 ",2,"4 "
"799",24828,5506,3338,30608,"29","18","v5","N",94,2,"2 ",NA,2,NA,NA,NA,NA,NA,NA,NA,NA,NA,"1 ","2 ","14 ",1,"2 ",NA,"2 ",NA,"3 "
"800",24831,5507,1110,11303,"8","16","v5","N",24,3,"1 ",1,NA,NA,NA,NA,NA,NA,NA,NA,"0","0","1 ","3 ","13 ",NA,"1 ",1,"1 ",2,"3 "
"801",24850,5511,1110,11303,"8","20","v5","N",24,4,"2 ",NA,NA,NA,NA,NA,NA,NA,NA,NA,NA,NA,"1 ","2 ","13 ",NA,"1 ",1,"1 ",2,"3 "
"802",24851,5511,1110,11303,"8","20","v5","N",24,5,"1 ",1,NA,NA,NA,NA,NA,NA,NA,NA,"0","0","1 ","3 ","9 ",NA,"1 ",1,"1 ",2,"3 "
"803",24881,5517,3387,30608,"30","20","v5","N",94,4,"2 ",NA,NA,NA,NA,NA,NA,NA,NA,NA,NA,NA,"3 ",NA,NA,NA,"3 ",NA,"3 ",NA,"3 "
"804",24927,5527,3203,30212,"1","4","v5","N",54,4,"2 ",NA,NA,NA,NA,NA,NA,NA,NA,NA,NA,NA,"1 ","3 ","13 ",NA,"1 ",2,"1 ",3,"3 "
"805",24928,5527,3203,30212,"1","4","v5","N",54,5,"2 ",1,NA,NA,NA,NA,NA,NA,NA,NA,NA,NA,"1 ","3 ","13 ",NA,"1 ",2,"1 ",3,"3 "
"806",24960,5533,3103,30212,"1","4","v5","N",54,6,"1 ",1,NA,NA,NA,NA,NA,NA,NA,NA,"0","0","1 ","2 ","14 ",NA,"1 ",1,"1 ",2,"3 "
"807",24961,5533,3103,30212,"1","4","v5","N",54,7,"1 ",1,NA,NA,NA,NA,NA,NA,NA,NA,"0","0","1 ","2 ","13 ",NA,"1 ",1,"1 ",2,"3 "
"808",24991,5538,3421,30608,"31","19","v5","N",92,3,"2 ",NA,NA,NA,NA,NA,NA,NA,NA,NA,NA,NA,"1 ","2 ","14 ",4,"3 ",NA,"3 ",NA,"3 "
"809",24992,5538,3421,30608,"31","19","v5","N",92,4,"2 ",NA,NA,NA,NA,NA,NA,NA,NA,NA,NA,NA,"3 ","1 ",NA,3,"2 ",NA,"2 ",NA,"3 "
"810",24994,5538,3421,30608,"31","19","v5","N",92,6,"2 ",NA,NA,NA,NA,NA,NA,NA,NA,NA,NA,NA,"1 ","3 ","1 ",NA,"1 ",3,"1 ",4,"3 "
"811",24998,5539,3385,30608,"30","20","v5","N",92,4,"2 ",NA,NA,NA,NA,NA,NA,NA,NA,NA,NA,NA,"3 ",NA,NA,5,"3 ",NA,"3 ",NA,"3 "
"812",24999,5539,3385,30608,"30","20","v5","N",92,5,"2 ",NA,NA,NA,NA,NA,NA,NA,NA,NA,NA,NA,"3 ",NA,NA,4,"2 ",NA,"2 ",NA,"3 "
"813",25000,5539,3385,30608,"30","20","v5","N",92,6,"2 ",NA,NA,NA,NA,NA,NA,NA,NA,NA,NA,NA,"1 ","2 ","12 ",NA,"1 ",4,"1 ",5,"3 "
"814",25001,5539,3385,30608,"30","20","v5","N",92,7,"2 ",NA,NA,NA,NA,NA,NA,NA,NA,NA,NA,NA,"1 ","3 ","9 ",NA,"1 ",4,"1 ",5,"3 "
"815",25039,5544,3103,30212,"3","19","v5","N",52,5,"1 ",NA,2,NA,NA,NA,NA,NA,NA,NA,"16804771",NA,"1 ","2 ","14 ",4,"2 ",NA,"2 ",NA,"3 "
"816",25040,5544,3103,30212,"3","19","v5","N",52,6,"2 ",NA,NA,NA,NA,NA,NA,NA,NA,NA,NA,NA,"1 ","3 ","8 ",NA,"2 ",NA,"1 ",5,"3 "
"817",25041,5544,3103,30212,"3","19","v5","N",52,7,"2 ",NA,NA,NA,NA,NA,NA,NA,NA,NA,NA,NA,"1 ","3 ","7 ",NA,"2 ",NA,"1 ",5,"3 "
"818",25042,5544,3103,30212,"3","19","v5","N",52,8,NA,1,NA,NA,NA,NA,NA,NA,NA,NA,"64604153",NA,"1 ","2 ","13 ",9,"1 ",1,"1 ",2,"3 "
"819",25043,5544,3103,30212,"3","19","v5","N",52,9,"2 ",NA,NA,NA,NA,NA,NA,NA,NA,NA,NA,NA,"1 ","2 ","13 ",8,"2 ",NA,"2 ",NA,"3 "
"820",25044,5544,3103,30212,"3","19","v5","N",52,10,"2 ",NA,NA,NA,NA,NA,NA,NA,NA,NA,NA,NA,"1 ","2 ","8 ",NA,"1 ",8,"1 ",9,"3 "
"821",25045,5544,3103,30212,"3","19","v5","N",52,11,"2 ",NA,NA,NA,NA,NA,NA,NA,NA,NA,NA,NA,"3 ",NA,NA,NA,"1 ",8,"1 ",9,"3 "
"822",25084,5552,1205,10805,"2","20","v5","N",13,3,"2 ",NA,NA,NA,NA,NA,NA,NA,NA,NA,NA,NA,"1 ","2 ","13 ",NA,"1 ",2,"1 ",1,"3 "
"823",25151,5567,3203,30212,"2","5","v5","N",54,6,"2 ",NA,NA,NA,NA,NA,NA,NA,NA,NA,NA,NA,"1 ","2 ","13 ",NA,"1 ",1,"1 ",2,"3 "
"824",25152,5567,3203,30212,"2","5","v5","N",54,7,"2 ",NA,NA,NA,NA,NA,NA,NA,NA,NA,NA,NA,"1 ","2 ","13 ",NA,"1 ",1,"1 ",2,"3 "
"825",25175,5571,1110,11303,"8","20","v5","N",23,5,"2 ",NA,NA,NA,NA,NA,NA,NA,NA,NA,NA,NA,"1 ","3 ","13 ",NA,"1 ",1,"1 ",2,"3 "
"826",25177,5572,1210,11303,"8","21","v5","N",23,2,"1 ",1,NA,NA,NA,NA,NA,NA,NA,NA,"041590076","0","3 ",NA,NA,1,"3 ",NA,"3 ",NA,"3 "
"827",25180,5572,1210,11303,"8","21","v5","N",23,5,"1 ",1,NA,NA,NA,NA,NA,NA,NA,NA,"040951131","0","1 ","2 ","14 ",NA,"1 ",1,"2 ",NA,"3 "
"828",25192,5575,1205,10805,"2","25","v5","N",13,3,"2 ",NA,NA,NA,NA,NA,NA,NA,NA,NA,NA,NA,"1 ","3 ","12 ",NA,"1 ",2,"1 ",1,"3 "
"829",25197,5576,3203,30212,"2","2","v5","N",54,4,"2 ",NA,NA,NA,NA,NA,NA,NA,NA,NA,NA,NA,"1 ","2 ","13 ",NA,"1 ",1,"1 ",2,"3 "
"830",25252,5585,3203,30212,"1","18","v5","Y",51,6,"2 ",NA,NA,NA,NA,NA,NA,NA,NA,NA,NA,NA,"1 ","2 ","13 ",NA,"1 ",1,"1 ",2,"3 "
"831",25255,5586,3103,30212,"1","18","v5","Y",51,3,"1 ",1,NA,NA,NA,NA,NA,NA,NA,NA,"057422805","0","1 ","3 ","13 ",NA,"1 ",1,"1 ",2,"3 "
"832",25256,5586,3103,30212,"1","18","v5","Y",51,4,"1 ",1,NA,NA,NA,NA,NA,NA,NA,NA,"033713901","0","1 ","3 ","13 ",NA,"1 ",1,"1 ",2,"3 "
"833",25257,5586,3103,30212,"1","18","v5","Y",51,5,"1 ",1,NA,NA,NA,NA,NA,NA,NA,NA,"054988161","0","1 ","3 ","12 ",NA,"1 ",1,"1 ",2,"3 "
"834",25259,5587,3203,30212,"1","19","v5","Y",51,2,"2 ",NA,NA,NA,NA,NA,NA,NA,NA,NA,NA,NA,"1 ","3 ","9 ",NA,"3 ",NA,"1 ",1,"3 "
"835",25267,5588,3203,30212,"2","20","v5","Y",51,4,"2 ",NA,NA,NA,NA,NA,NA,NA,NA,NA,NA,NA,"1 ","1 ",NA,5,"1 ",1,"1 ",2,"3 "
"836",25268,5588,3203,30212,"2","20","v5","Y",51,5,"2 ",NA,NA,NA,NA,NA,NA,NA,NA,NA,NA,NA,"1 ","2 ","13 ",4,"2 ",NA,"2 ",NA,"3 "
"837",25269,5588,3203,30212,"2","20","v5","Y",51,6,"2 ",NA,NA,NA,NA,NA,NA,NA,NA,NA,NA,NA,"1 ","1 ",NA,NA,"2 ",NA,"2 ",NA,"3 "
"838",25270,5588,3203,30212,"2","20","v5","Y",51,7,"2 ",NA,NA,NA,NA,NA,NA,NA,NA,NA,NA,NA,"1 ","3 ","14 ",NA,"1 ",1,"1 ",2,"3 "
"839",25273,5589,3103,30212,"1","5","v5","Y",54,3,"1 ",1,NA,NA,NA,NA,NA,NA,NA,NA,"0","0","1 ","2 ","13 ",NA,"1 ",1,"1 ",2,"3 "
"840",25274,5589,3103,30212,"1","5","v5","Y",54,4,"1 ",1,NA,NA,NA,NA,NA,NA,NA,NA,"0","0","1 ","2 ","7 ",NA,"1 ",1,"1 ",2,"3 "
"841",25359,5614,7108,70901,"3","14","v5","Y",74,5,"1 ",1,NA,NA,NA,NA,NA,NA,NA,NA,"032447096","0","1 ","3 ","14 ",NA,"1 ",1,"1 ",2,"3 "
"842",25372,5617,7108,70901,"3","14","v5","Y",73,3,"1 ",1,NA,NA,NA,NA,NA,NA,NA,NA,"758268991","0","1 ","3 ","13 ",NA,"1 ",1,"1 ",2,"3 "
"843",25373,5617,7108,70901,"3","14","v5","Y",73,4,"1 ",1,NA,NA,NA,NA,NA,NA,NA,NA,"0","0","1 ","3 ","13 ",NA,"1 ",1,"1 ",2,"3 "
"844",25530,5638,3203,30212,"3","10","v5","N",54,3,"2 ",NA,NA,NA,NA,NA,NA,NA,NA,NA,NA,NA,"1 ","2 ","13 ",NA,"1 ",1,"3 ",NA,"3 "
"845",25538,5640,3203,30212,"3","10","v5","N",53,4,"2 ",NA,NA,NA,NA,NA,NA,NA,NA,NA,NA,NA,"1 ","2 ","12 ",NA,"1 ",1,"3 ",NA,"3 "
"846",25542,5641,3203,30212,"3","9","v5","N",53,3,"2 ",NA,NA,NA,NA,NA,NA,NA,NA,NA,NA,NA,"1 ","3 ","14 ",NA,"1 ",1,"1 ",2,"3 "
"847",25548,5642,3203,30212,"3","15","v5","N",53,5,"2 ",NA,NA,NA,NA,NA,NA,NA,NA,NA,NA,NA,"1 ","2 ","13 ",NA,"1 ",1,"1 ",2,"3 "
"848",25549,5642,3203,30212,"3","15","v5","N",53,6,"2 ",NA,NA,NA,NA,NA,NA,NA,NA,NA,NA,NA,"1 ","2 ","13 ",NA,"1 ",1,"1 ",2,"3 "
"849",25601,5650,4204,40605,"6","1","v5","N",42,5,"2 ",NA,NA,NA,NA,NA,NA,NA,NA,NA,NA,NA,"1 ","3 ","13 ",3,"3 ",NA,"2 ",NA,"3 "
"850",25656,5661,4203,40602,"4","1","v5","N",43,6,"2 ",NA,NA,NA,NA,NA,NA,NA,NA,NA,NA,NA,"1 ","1 ",NA,2,"2 ",NA,"2 ",NA,"4 "
"851",25715,5675,4109,41007,"4","14","v5","N",43,4,"2 ",NA,NA,NA,NA,NA,NA,NA,NA,NA,NA,NA,"3 ",NA,NA,3,"3 ",NA,"3 ",NA,"4 "
"852",25716,5675,4109,41007,"4","14","v5","N",43,5,"1 ",1,NA,NA,NA,NA,NA,NA,NA,NA,"711257315",NA,"1 ","3 ","11 ",NA,"1 ",2,"1 ",1,"3 "
"853",25721,5676,4209,41007,"4","15","v5","N",43,3,"1 ",NA,2,NA,NA,NA,NA,NA,NA,NA,NA,NA,"1 ","2 ","15 ",4,"1 ",1,"1 ",2,"3 "
"854",25722,5676,4209,41007,"4","15","v5","N",43,4,"2 ",NA,NA,NA,NA,NA,NA,NA,NA,NA,NA,NA,"1 ","3 ","14 ",3,"2 ",NA,"2 ",NA,"3 "
"855",25724,5676,4209,41007,"4","15","v5","N",43,6,"2 ",NA,NA,NA,NA,NA,NA,NA,NA,NA,NA,NA,"1 ","2 ","14 ",NA,"1 ",1,"1 ",2,"3 "
"856",25725,5676,4209,41007,"4","15","v5","N",43,7,"2 ",NA,NA,NA,NA,NA,NA,NA,NA,NA,NA,NA,"1 ","3 ","14 ",NA,"1 ",1,"1 ",2,"3 "
"857",25738,5679,4209,41007,"4","16","v5","N",43,3,"2 ",NA,NA,NA,NA,NA,NA,NA,NA,NA,NA,NA,"1 ","3 ","15 ",NA,"1 ",1,"1 ",NA,"3 "
"858",25740,5679,4209,41007,"4","16","v5","N",43,5,"2 ",NA,NA,NA,NA,NA,NA,NA,NA,NA,NA,NA,"1 ","3 ","13 ",NA,"1 ",1,"1 ",NA,"3 "
"859",25744,5680,5421,NA,"10","20","v5","N",51,4,"2 ",NA,NA,NA,NA,NA,NA,NA,NA,NA,NA,NA,"1 ","2 ","9 ",NA,"1 ",2,"1 ",1,"3 "
"860",25894,5711,5314,50808,"5","14","v5","N",53,2,"2 ",NA,NA,NA,NA,NA,NA,NA,NA,NA,NA,NA,"1 ","2 ","5 ",NA,"3 ",NA,"3 ",NA,"3 "
"861",25896,5712,5321,50802,"10","15","v5","N",53,2,"1 ",1,NA,NA,NA,NA,NA,NA,NA,NA,"0","0","1 ","2 ","6 ",3,"1 ",5,"3 ",NA,"3 "
"862",25897,5712,5321,50802,"10","15","v5","N",53,3,"1 ",1,NA,NA,NA,NA,NA,NA,NA,NA,"0","0","1 ","2 ","6 ",2,"1 ",5,"3 ",NA,"3 "
"863",25898,5712,5321,50802,"10","15","v5","N",53,4,"2 ",1,NA,NA,NA,NA,NA,NA,NA,NA,"0","0","1 ","2 ","13 ",NA,"1 ",2,"1 ",3,"3 "
"864",25899,5712,5321,50802,"10","15","v5","N",53,5,"1 ",1,NA,NA,NA,NA,NA,NA,NA,NA,"0","0","1 ","2 ","6 ",NA,"3 ",NA,"3 ",NA,"3 "
"865",25904,5713,5321,50802,"10","16","v5","N",53,4,"2 ",1,NA,NA,NA,NA,NA,NA,NA,NA,NA,NA,"1 ","3 ","13 ",NA,"2 ",NA,"1 ",1,"3 "
"866",25905,5713,5321,50802,"10","16","v5","N",53,5,"1 ",1,NA,NA,NA,NA,NA,NA,NA,NA,"0","0","1 ","2 ","15 ",NA,"1 ",2,"1 ",3,"3 "
"867",25934,5719,5414,NA,"5","21","v5","N",53,2,"1 ",1,NA,NA,NA,NA,NA,NA,NA,NA,"010448023","0","1 ","2 ","17 ",3,"3 ",NA,"3 ",NA,"3 "
"868",25935,5719,5414,NA,"5","21","v5","N",53,3,"1 ",1,NA,NA,NA,NA,NA,NA,NA,NA,"0","0","3 ",NA,NA,2,"3 ",NA,"3 ",NA,"3 "
"869",25936,5719,5414,NA,"5","21","v5","N",53,4,"1 ",1,NA,NA,NA,NA,NA,NA,NA,NA,"0","0","3 ",NA,NA,NA,"1 ",2,"1 ",3,"3 "
"870",25976,5730,5323,50808,"5","20","v5","N",54,3,"1 ",1,NA,NA,NA,NA,NA,NA,NA,NA,"0","0","1 ","3 ","14 ",NA,"1 ",2,"1 ",1,"3 "
"871",25977,5730,5323,50808,"5","20","v5","N",54,4,"1 ",1,NA,NA,NA,NA,NA,NA,NA,NA,"0","0","1 ","3 ","14 ",NA,"1 ",2,"1 ",1,"3 "
"872",25995,5735,5321,50802,"10","13","v5","N",54,2,"1 ",NA,2,NA,NA,NA,NA,NA,NA,NA,"0","0","1 ","2 ","13 ",1,"2 ",NA,"2 ",NA,"3 "
"873",25996,5735,5321,50802,"10","13","v5","N",54,3,"1 ",NA,2,NA,NA,NA,NA,NA,NA,NA,"0","0","1 ","3 ","6 ",NA,"1 ",1,"1 ",NA,"3 "
"874",25997,5735,5321,50802,"10","13","v5","N",54,4,"2 ",NA,NA,NA,NA,NA,NA,NA,NA,NA,NA,NA,"1 ","2 ","6 ",5,"2 ",NA,"2 ",NA,"3 "
"875",25998,5735,5321,50802,"10","13","v5","N",54,5,"2 ",NA,NA,NA,NA,NA,NA,NA,NA,NA,NA,NA,"1 ","2 ","13 ",4,"2 ",NA,"2 ",NA,"3 "
"876",26044,5746,5323,50808,"5","18","v5","N",52,3,"1 ",1,NA,NA,NA,NA,NA,NA,NA,NA,NA,NA,"1 ","3 ","14 ",NA,"1 ",2,"1 ",1,"3 "
"877",26045,5746,5323,50808,"5","18","v5","N",52,4,"1 ",1,NA,NA,NA,NA,NA,NA,NA,NA,NA,NA,"1 ","3 ","14 ",NA,"1 ",2,"1 ",1,"3 "
"878",26134,5764,2109,20703,"10","15","v5","N",25,3,"1 ",1,NA,NA,NA,NA,NA,NA,NA,NA,"055750682",NA,"1 ","3 ","14 ",NA,"1 ",1,"1 ",2,"3 "
"879",26135,5764,2109,20703,"10","15","v5","N",25,4,"1 ",1,NA,NA,NA,NA,NA,NA,NA,NA,"067352784",NA,"1 ","2 ","14 ",NA,"1 ",1,"1 ",2,"3 "
"880",26149,5767,4209,41007,"4","22","v5","N",42,3,"2 ",NA,NA,NA,NA,NA,NA,NA,NA,NA,NA,NA,"1 ","3 ","13 ",NA,"1 ",1,"1 ",2,"3 "
"881",26150,5767,4209,41007,"4","22","v5","N",42,4,"2 ",NA,NA,NA,NA,NA,NA,NA,NA,NA,NA,NA,"1 ","3 ","13 ",NA,"1 ",1,"1 ",2,"3 "
"882",26153,5768,4209,41007,"4","21","v5","N",42,3,"2 ",NA,NA,NA,NA,NA,NA,NA,NA,NA,NA,NA,"1 ","2 ","11 ",NA,"1 ",1,"1 ",2,"3 "
"883",26447,5820,4102,40504,"32","25","v5","N",93,3,"2 ",NA,NA,NA,NA,NA,NA,NA,NA,NA,NA,NA,"1 ","2 ","13 ",4,"1 ",1,"1 ",2,"3 "
"884",26521,5833,4109,41007,"4","11","v5","N",41,4,"1 ",1,NA,NA,NA,NA,NA,NA,NA,NA,"727028901",NA,"1 ","2 ","13 ",NA,"1 ",1,"1 ",2,"3 "
"885",26526,5834,4109,41007,"4","13","v5","N",41,4,"1 ",1,NA,NA,NA,NA,NA,NA,NA,NA,NA,NA,"1 ","2 ","14 ",NA,"1 ",2,"1 ",3,"3 "
"886",26527,5834,4109,41007,"4","13","v5","N",41,5,"1 ",1,NA,NA,NA,NA,NA,NA,NA,NA,"735621364",NA,"1 ","2 ","15 ",4,"2 ",NA,"2 ",NA,"3 "
"887",26528,5834,4109,41007,"4","13","v5","N",41,6,"2 ",NA,NA,NA,NA,NA,NA,NA,NA,NA,NA,NA,"3 ",NA,NA,NA,"1 ",4,"1 ",NA,"3 "
"888",26716,5868,4109,41007,"4","17","v5","N",44,6,"1 ",1,NA,NA,NA,NA,NA,NA,NA,NA,NA,NA,"1 ","3 ","13 ",NA,"1 ",1,"1 ",2,"3 "
"889",26728,5871,4209,41007,"4","18","v5","N",44,4,"2 ",NA,NA,NA,NA,NA,NA,NA,NA,NA,NA,NA,"1 ","3 ","14 ",NA,"1 ",1,"1 ",2,"3 "
"890",26751,5876,4109,41007,"4","19","v5","N",44,3,"1 ",1,NA,NA,NA,NA,NA,NA,NA,NA,NA,NA,"1 ","3 ","14 ",NA,"1 ",1,"1 ",2,"3 "
"891",26752,5876,4109,41007,"4","19","v5","N",44,4,"1 ",1,NA,NA,NA,NA,NA,NA,NA,NA,NA,NA,"1 ","3 ","13 ",NA,"1 ",1,"1 ",2,"3 "
"892",26753,5876,4109,41007,"4","19","v5","N",44,5,"1 ",1,NA,NA,NA,NA,NA,NA,NA,NA,NA,NA,"3 ",NA,NA,6,"3 ",NA,"3 ",NA,"3 "
"893",26754,5876,4109,41007,"4","19","v5","N",44,6,"1 ",1,NA,NA,NA,NA,NA,NA,NA,NA,NA,NA,"3 ",NA,NA,5,"3 ",NA,"3 ",NA,"3 "
"894",26761,5878,4209,41007,"4","20","v5","N",44,3,"2 ",NA,NA,NA,NA,NA,NA,NA,NA,NA,NA,NA,"1 ","3 ","13 ",NA,"1 ",2,"1 ",1,"3 "
"895",26765,5879,4209,41007,"4","21","v5","N",44,3,"2 ",NA,NA,NA,NA,NA,NA,NA,NA,NA,NA,NA,"1 ","3 ","13 ",NA,"1 ",1,"1 ",2,"3 "
"896",26766,5879,4209,41007,"4","21","v5","N",44,4,"2 ",NA,NA,NA,NA,NA,NA,NA,NA,NA,NA,NA,"1 ","3 ","11 ",NA,"1 ",1,"1 ",2,"3 "
"897",26772,5880,4109,41007,"4","17","v5","N",43,6,"1 ",1,NA,NA,NA,NA,NA,NA,NA,NA,NA,NA,"1 ","3 ","13 ",NA,"1 ",1,"1 ",3,"3 "
"898",26776,5881,4109,41007,"4","18","v5","N",43,4,"2 ",1,NA,NA,NA,NA,NA,NA,NA,NA,NA,NA,"1 ","2 ","15 ",6,"1 ",1,"1 ",2,"3 "
"899",26780,5881,4109,41007,"4","18","v5","N",43,8,"1 ",1,NA,NA,NA,NA,NA,NA,NA,NA,NA,NA,"1 ","2 ","14 ",4,"2 ",NA,"2 ",NA,"3 "
"900",26790,5883,4109,41007,"4","20","v5","N",43,4,"2 ",NA,NA,NA,NA,NA,NA,NA,NA,NA,NA,NA,"1 ","2 ","11 ",NA,"1 ",1,"1 ",2,"3 "
"901",26791,5883,4109,41007,"4","20","v5","N",43,5,"2 ",NA,NA,NA,NA,NA,NA,NA,NA,NA,NA,NA,"1 ","3 ","8 ",NA,"1 ",1,"1 ",2,"3 "
"902",26803,5885,4109,41007,"4","22","v5","N",43,4,"1 ",1,NA,NA,NA,NA,NA,NA,NA,NA,"080113036","0","1 ","3 ","13 ",NA,"1 ",2,"1 ",1,"3 "
"903",26859,5891,2109,20703,"10","21","v5","N",26,5,"2 ",NA,NA,NA,NA,NA,NA,NA,NA,NA,NA,NA,"1 ","2 ","8 ",6,"1 ",1,"1 ",2,"3 "
"904",26860,5891,2109,20703,"10","21","v5","N",26,6,"2 ",NA,NA,NA,NA,NA,NA,NA,NA,NA,NA,NA,"1 ","2 ","6 ",5,"2 ",NA,"2 ",NA,"3 "
"905",26861,5891,2109,20703,"10","21","v5","N",26,7,"2 ",NA,NA,NA,NA,NA,NA,NA,NA,NA,NA,NA,"1 ","3 ","5 ",NA,"1 ",5,"1 ",6,"3 "
"906",26862,5891,2109,20703,"10","21","v5","N",26,8,"2 ",NA,NA,NA,NA,NA,NA,NA,NA,NA,NA,NA,"1 ","3 ","4 ",NA,"1 ",5,"1 ",6,"3 "
"907",26863,5891,2109,20703,"10","21","v5","N",26,9,"2 ",NA,NA,NA,NA,NA,NA,NA,NA,NA,NA,NA,"1 ","3 ","3 ",NA,"1 ",5,"1 ",6,"3 "
"908",26864,5891,2109,20703,"10","21","v5","N",26,10,"2 ",NA,NA,NA,NA,NA,NA,NA,NA,NA,NA,NA,"3 ",NA,NA,NA,"1 ",5,"1 ",6,"3 "
"909",26865,5891,2109,20703,"10","21","v5","N",26,11,"1 ",1,NA,NA,NA,NA,NA,NA,NA,NA,"727062512",NA,"1 ","2 ","15 ",12,"1 ",1,"1 ",2,"3 "
"910",26866,5891,2109,20703,"10","21","v5","N",26,12,"1 ",1,NA,NA,NA,NA,NA,NA,NA,NA,"715831314",NA,"1 ","2 ","13 ",11,"2 ",NA,"2 ",NA,"3 "
"911",26867,5891,2109,20703,"10","21","v5","N",26,13,"1 ",1,NA,NA,NA,NA,NA,NA,NA,NA,"732932281",NA,"3 ",NA,NA,NA,"1 ",11,"1 ",12,"3 "
"912",26870,5892,2209,20703,"10","22","v5","N",26,3,"2 ",NA,NA,NA,NA,NA,NA,NA,NA,NA,NA,NA,"1 ","2 ","10 ",NA,"1 ",NA,"1 ",1,"3 "
"913",26875,5892,2209,20703,"10","22","v5","N",26,8,"2 ",NA,NA,NA,NA,NA,NA,NA,NA,NA,NA,NA,"1 ","2 ","9 ",NA,"1 ",5,"1 ",6,"3 "
"914",26939,5902,2209,20703,"7","27","v5","N",26,3,"2 ",NA,NA,NA,NA,NA,NA,NA,NA,NA,NA,NA,"1 ","2 ","13 ",NA,"1 ",1,"1 ",2,"3 "
"915",27001,5912,2110,20807,"20","19","v5","Y",26,3,"1 ",1,NA,NA,NA,NA,NA,NA,NA,NA,"733146514",NA,"1 ","3 ","16 ",NA,"1 ",1,"1 ",2,"3 "
"916",27017,5915,2210,20807,"26","15","v5","Y",26,3,"2 ",NA,NA,NA,NA,NA,NA,NA,NA,NA,NA,NA,"1 ","3 ","12 ",4,"1 ",1,"1 ",2,"3 "
"917",27018,5915,2210,20807,"26","15","v5","Y",26,4,"2 ",NA,NA,NA,NA,NA,NA,NA,NA,NA,NA,NA,"1 ","2 ","13 ",NA,"2 ",NA,"2 ",NA,"3 "
"918",27019,5915,2210,20807,"26","15","v5","Y",26,5,"2 ",NA,NA,NA,NA,NA,NA,NA,NA,NA,NA,NA,"3 ",NA,NA,NA,"1 ",NA,"1 ",4,"3 "
"919",27079,5924,2410,20612,"3","3","v5","Y",26,5,"1 ",1,NA,NA,NA,NA,NA,NA,NA,NA,"732176653",NA,"1 ","3 ","14 ",NA,"1 ",1,"1 ",2,"3 "
"920",27153,5938,1101,10207,"7","14","v5","N",11,3,"1 ",1,NA,NA,NA,NA,NA,NA,NA,NA,"772466984",NA,"1 ","3 ","12 ",NA,"1 ",1,"1 ",2,"3 "
"921",27184,5944,7109,70909,"3","21","v5","N",72,6,"1 ",1,NA,NA,NA,NA,NA,NA,NA,NA,"0","0","1 ","2 ","13 ",NA,"3 ",NA,"1 ",1,"3 "
"922",27194,5946,7109,70909,"3","23","v5","N",72,5,"1 ",1,NA,NA,NA,NA,NA,NA,NA,NA,"755317286","0","1 ","3 ","6 ",NA,"2 ",NA,"1 ",2,"3 "
"923",27195,5946,7109,70909,"3","23","v5","N",72,6,"1 ",1,NA,NA,NA,NA,NA,NA,NA,NA,"787759195","0","1 ","3 ","3 ",NA,"2 ",NA,"1 ",2,"3 "
"924",27241,5954,4102,40504,"32","11","v5","N",91,4,"1 ",1,NA,NA,NA,NA,NA,NA,NA,NA,"046732265",NA,"1 ","2 ","13 ",5,"1 ",2,"1 ",1,"3 "
"925",27242,5954,4102,40504,"32","11","v5","N",91,5,"2 ",NA,NA,NA,NA,NA,NA,NA,NA,NA,NA,NA,"1 ","2 ","9 ",4,"2 ",NA,"2 ",NA,"3 "
"926",27243,5954,4102,40504,"32","11","v5","N",91,6,"1 ",1,NA,NA,NA,NA,NA,NA,NA,NA,"063252313",NA,"1 ","3 ","4 ",NA,"1 ",4,"1 ",5,"3 "
"927",27244,5954,4102,40504,"32","11","v5","N",91,7,"2 ",NA,NA,NA,NA,NA,NA,NA,NA,NA,NA,NA,"1 ","3 ","1 ",NA,"1 ",4,"1 ",5,"3 "
"928",27245,5954,4102,40504,"32","11","v5","N",91,8,"1 ",1,NA,NA,NA,NA,NA,NA,NA,NA,"082642696",NA,"1 ","2 ","13 ",NA,"1 ",2,"1 ",1,"3 "
"929",27298,5963,4102,40504,"32","13","v5","N",91,4,"1 ",1,NA,NA,NA,NA,NA,NA,NA,NA,"651628460",NA,"1 ","2 ","11 ",NA,"1 ",2,"2 ",NA,"3 "
"930",27485,5997,6104,60608,"3","14","v5","N",63,3,"1 ",1,NA,NA,NA,NA,NA,NA,NA,NA,"053648464",NA,"1 ","3 ","13 ",NA,"1 ",1,"1 ",2,"3 "
"931",27495,5999,6104,60608,"3","16","v5","N",63,3,"1 ",1,NA,NA,NA,NA,NA,NA,NA,NA,"753200431",NA,"1 ","3 ","13 ",NA,"1 ",1,"1 ",2,"3 "
"932",27496,5999,6104,60608,"3","16","v5","N",63,4,"1 ",1,NA,NA,NA,NA,NA,NA,NA,NA,"753200431",NA,"1 ","3 ","12 ",NA,"1 ",1,"1 ",2,"3 "
"933",27499,6000,6204,60608,"3","17","v5","N",63,3,"2 ",NA,NA,NA,NA,NA,NA,NA,NA,NA,NA,NA,"1 ","3 ","11 ",NA,"1 ",1,"1 ",2,"3 "
"934",27546,6008,6104,60608,"3","4","v5","Y",61,3,"1 ",1,NA,NA,NA,NA,NA,NA,NA,NA,"788951391",NA,"1 ","3 ","14 ",NA,"1 ",1,"1 ",2,"3 "
"935",27548,6008,6104,60608,"3","4","v5","Y",61,5,"1 ",1,NA,NA,NA,NA,NA,NA,NA,NA,"788951391",NA,"1 ","3 ","14 ",4,"2 ",NA,"2 ",NA,"3 "
"936",27552,6009,6204,60608,"3","5","v5","Y",61,2,"2 ",NA,NA,NA,NA,NA,NA,NA,NA,NA,NA,NA,"3 ","2 ",NA,1,"3 ",NA,"2 ",NA,"4 "
"937",27566,6011,6104,60608,"6","7","v5","N",61,4,"2 ",NA,NA,NA,NA,NA,NA,NA,NA,NA,NA,NA,"1 ","3 ","13 ",NA,"1 ",1,"1 ",2,"3 "
"938",27582,6014,6204,60608,"6","9","v5","N",61,3,"2 ",NA,NA,NA,NA,NA,NA,NA,NA,NA,NA,NA,"1 ","3 ","13 ",NA,"1 ",1,"1 ",2,"3 "
"939",27583,6014,6204,60608,"6","9","v5","N",61,4,"2 ",NA,NA,NA,NA,NA,NA,NA,NA,NA,NA,NA,"1 ","2 ","13 ",NA,"1 ",1,"1 ",2,"3 "
"940",27621,6021,7108,70901,"3","17","v5","N",74,3,"1 ",1,NA,NA,NA,NA,NA,NA,NA,NA,"010627083","0","1 ","3 ","15 ",2,"1 ",1,"1 ",2,"3 "
"941",27624,6021,7108,70901,"3","17","v5","N",74,6,"1 ",1,NA,NA,NA,NA,NA,NA,NA,NA,"073325836","0","1 ","3 ","13 ",NA,"1 ",1,"1 ",2,"3 "
"942",27627,6022,7208,70901,"3","18","v5","N",74,3,"2 ",NA,NA,NA,NA,NA,NA,NA,NA,NA,NA,NA,"1 ","2 ","7 ",NA,"1 ",1,"1 ",2,"3 "
"943",27630,6022,7208,70901,"3","18","v5","N",74,6,"2 ",NA,NA,NA,NA,NA,NA,NA,NA,NA,NA,NA,"1 ","3 ","13 ",NA,"1 ",1,"1 ",2,"3 "
"944",27813,6048,2107,20613,"4","9","v5","Y",25,2,"1 ",1,NA,NA,NA,NA,NA,NA,NA,NA,"032291394",NA,"1 ","2 ","6 ",3,"1 ",1,"3 ",NA,"3 "
"945",27816,6048,2107,20613,"4","9","v5","Y",25,5,"1 ",1,NA,NA,NA,NA,NA,NA,NA,NA,"044741395",NA,"1 ","3 ","3 ",NA,"2 ",NA,"1 ",3,"3 "
"946",27831,6050,2207,20613,"5","8","v5","N",25,5,"2 ",NA,NA,NA,NA,NA,NA,NA,NA,NA,NA,NA,"3 ",NA,NA,NA,"1 ",4,"1 ",4,"3 "
"947",27836,6051,2207,20613,"5","6","v5","N",27,3,"2 ",NA,NA,NA,NA,NA,NA,NA,NA,NA,NA,NA,"1 ","2 ","6 ",4,"1 ",1,"1 ",2,"3 "
"948",27888,6060,4102,40504,"32","30","v5","N",93,3,"1 ",1,NA,NA,NA,NA,NA,NA,NA,NA,"710529422",NA,"1 ","2 ","14 ",4,"1 ",1,"1 ",2,"3 "
"949",27889,6060,4102,40504,"32","30","v5","N",93,4,"1 ",1,NA,NA,NA,NA,NA,NA,NA,NA,"763163973",NA,"1 ","2 ","14 ",4,"2 ",NA,"2 ",NA,"3 "
"950",27954,6071,4202,40504,"32","32","v5","N",93,6,"2 ",NA,NA,NA,NA,NA,NA,NA,NA,NA,NA,NA,"1 ","2 ","13 ",7,"1 ",1,"1 ",2,"3 "
"951",27955,6071,4202,40504,"32","32","v5","N",93,7,"2 ",NA,NA,NA,NA,NA,NA,NA,NA,NA,NA,NA,"1 ","2 ","13 ",6,"3 ",NA,"2 ",NA,"3 "
"952",28033,6081,6104,60608,"3","9","v5","N",64,6,"1 ",1,NA,NA,NA,NA,NA,NA,NA,NA,"083381616","0","1 ","3 ","13 ",NA,"1 ",1,"1 ",2,"3 "
"953",28037,6082,6204,60608,"1","10","v5","N",64,3,"2 ",NA,NA,NA,NA,NA,NA,NA,NA,NA,NA,NA,"1 ","3 ","14 ",NA,"1 ",1,"1 ",2,"3 "
"954",28041,6083,4109,41007,"4","24","v5","Y",43,3,"1 ",1,NA,NA,NA,NA,NA,NA,NA,NA,NA,NA,"1 ","3 ","13 ",NA,"1 ",1,"1 ",2,"3 "
"955",28104,6097,2109,20703,"2","31","v5","Y",28,3,"1 ",1,NA,NA,NA,NA,NA,NA,NA,NA,"730347472",NA,"1 ","2 ","15 ",4,"1 ",1,"1 ",2,"3 "
"956",28197,6117,6203,60602,"4","1","v5","N",64,3,"2 ",NA,NA,NA,NA,NA,NA,NA,NA,NA,NA,NA,"1 ","2 ","14 ",4,"1 ",1,"1 ",2,"3 "
"957",28198,6117,6203,60602,"4","1","v5","N",64,4,"2 ",NA,NA,NA,NA,NA,NA,NA,NA,NA,NA,NA,"1 ","2 ","13 ",3,"2 ",NA,"2 ",NA,"3 "
"958",28200,6117,6203,60602,"4","1","v5","N",64,6,"2 ",NA,NA,NA,NA,NA,NA,NA,NA,NA,NA,NA,"1 ","2 ","2 ",NA,"1 ",3,"1 ",4,"3 "
"959",28204,6118,3102,30207,"9","5","v5","N",54,4,"1 ",1,NA,NA,NA,NA,NA,NA,NA,NA,"857672410","0","1 ","2 ","13 ",NA,"1 ",1,"1 ",2,"3 "
"960",28222,6123,3202,30207,"9","2","v5","N",54,3,"2 ",NA,NA,NA,NA,NA,NA,NA,NA,NA,NA,NA,"1 ","2 ","14 ",4,"1 ",2,"1 ",1,"3 "
"961",28223,6123,3202,30207,"9","2","v5","N",54,4,"2 ",NA,NA,NA,NA,NA,NA,NA,NA,NA,NA,NA,"1 ","2 ","13 ",3,"2 ",NA,"2 ",NA,"3 "
"962",28224,6123,3202,30207,"9","2","v5","N",54,5,"2 ",NA,NA,NA,NA,NA,NA,NA,NA,NA,NA,NA,"2 ","3 ","1 ",NA,"1 ",3,"1 ",4,"3 "
"963",28324,6145,7209,70909,"3","25","v5","N",71,3,"2 ",NA,NA,NA,NA,NA,NA,NA,NA,NA,NA,NA,"1 ","3 ","13 ",NA,"2 ",NA,"1 ",1,"3 "
"964",28330,6146,7109,70909,"3","26","v5","N",71,5,"2 ",NA,NA,NA,NA,NA,NA,NA,NA,NA,NA,NA,"1 ","3 ","12 ",NA,"2 ",NA,"1 ",4,"3 "
"965",28341,6148,7209,70909,"3","28","v5","N",71,4,"2 ",NA,NA,NA,NA,NA,NA,NA,NA,NA,NA,NA,"1 ","3 ","6 ",NA,"1 ",1,"1 ",2,"3 "
"966",28345,6149,7109,70909,"3","29","v5","N",71,3,"2 ",NA,NA,NA,NA,NA,NA,NA,NA,NA,NA,NA,"1 ","3 ","13 ",NA,"1 ",1,"1 ",2,"3 "
"967",28399,6158,7109,70909,"3","26","v5","N",72,2,"1 ",1,NA,NA,NA,NA,NA,NA,NA,NA,"0","0","1 ","3 ","15 ",1,"2 ",NA,"1 ",5,"3 "
"968",28400,6158,7109,70909,"3","26","v5","N",72,3,"1 ",1,NA,NA,NA,NA,NA,NA,NA,NA,"750556796","0","1 ","2 ","13 ",NA,"2 ",NA,"1 ",1,"3 "
"969",28401,6158,7109,70909,"3","26","v5","N",72,4,"1 ",1,NA,NA,NA,NA,NA,NA,NA,NA,"768505076","0","1 ","3 ","13 ",NA,"2 ",NA,"1 ",1,"3 "
"970",28405,6159,7109,70909,"3","27","v5","N",72,3,"1 ",1,NA,NA,NA,NA,NA,NA,NA,NA,"783599401","0","1 ","3 ","12 ",NA,"2 ",NA,"1 ",1,"3 "
"971",28422,6162,7209,70909,"3","30","v5","N",72,3,"2 ",NA,NA,NA,NA,NA,NA,NA,NA,NA,NA,NA,"1 ","2 ","14 ",4,"1 ",2,"1 ",1,"3 "
"972",28496,6176,4202,40504,"32","15","v5","N",91,4,"2 ",NA,NA,NA,NA,NA,NA,NA,NA,NA,NA,NA,"1 ","2 ","9 ",NA,"1 ",6,"1 ",5,"3 "
"973",28592,6193,4209,41007,"4","23","v5","N",43,4,"2 ",NA,NA,NA,NA,NA,NA,NA,NA,NA,NA,NA,"1 ","2 ","13 ",3,"2 ",2,"2 ",1,"4 "
"974",28625,6200,4204,40605,"6","4","v5","N",43,5,"1 ",1,NA,NA,NA,NA,NA,NA,NA,NA,"755695835","0","1 ","2 ","13 ",NA,"1 ",2,"1 ",1,"3 "
"975",28626,6200,4204,40605,"6","4","v5","N",43,6,"2 ",1,NA,NA,NA,NA,NA,NA,NA,NA,NA,NA,"1 ","2 ","13 ",NA,"1 ",2,"1 ",1,"3 "
"976",28639,6204,3202,30207,"9","1","v5","N",54,3,"2 ",NA,NA,NA,NA,NA,NA,NA,NA,NA,NA,NA,"1 ","2 ","13 ",NA,"1 ",1,"1 ",2,"3 "
"977",28642,6205,3208,30802,"27","26","v5","Y",55,3,"2 ",NA,NA,NA,NA,NA,NA,NA,NA,NA,NA,NA,"1 ","2 ","5 ",NA,"3 ",NA,"1 ",1,"3 "
"978",28862,6248,2209,20703,"7","26","v5","N",27,3,"2 ",NA,NA,NA,NA,NA,NA,NA,NA,NA,NA,NA,"1 ","2 ","15 ",NA,"1 ",1,"1 ",2,"3 "
"979",28863,6248,2209,20703,"7","26","v5","N",27,4,"2 ",NA,NA,NA,NA,NA,NA,NA,NA,NA,NA,NA,"1 ","2 ","12 ",NA,"1 ",1,"1 ",2,"3 "
"980",28927,6261,2209,20703,"2","30","v5","N",27,2,"2 ",NA,NA,NA,NA,NA,NA,NA,NA,NA,NA,NA,"1 ","3 ","14 ",NA,"3 ",NA,"1 ",1,"3 "
"981",29135,6292,2108,20614,"2","6","v5","N",27,6,"1 ",1,NA,NA,NA,NA,NA,NA,NA,NA,"727534684",NA,"1 ","3 ","13 ",NA,"1 ",1,"1 ",2,"3 "
"982",29136,6292,2108,20614,"2","6","v5","N",27,7,"2 ",NA,NA,NA,NA,NA,NA,NA,NA,NA,NA,NA,"1 ","3 ","13 ",NA,"1 ",1,"1 ",2,"3 "
"983",29157,6295,3102,NA,"9","6","v5","N",53,3,"2 ",NA,NA,NA,NA,NA,NA,NA,NA,NA,NA,NA,"1 ","2 ","9 ",4,"1 ",1,"1 ",2,"3 "
"984",29158,6295,3102,NA,"9","6","v5","N",53,4,"2 ",NA,NA,NA,NA,NA,NA,NA,NA,NA,NA,NA,"1 ","2 ","9 ",3,"2 ",NA,"2 ",NA,"3 "
"985",29159,6295,3102,NA,"9","6","v5","N",53,5,"1 ",1,NA,NA,NA,NA,NA,NA,NA,NA,"0","0","1 ","3 ","12 ",NA,"1 ",3,"1 ",4,"3 "
"986",29160,6295,3102,NA,"9","6","v5","N",53,6,"1 ",1,NA,NA,NA,NA,NA,NA,NA,NA,"0","0","1 ","3 ","6 ",NA,"1 ",3,"1 ",4,"3 "
"987",29162,6295,3102,NA,"9","6","v5","N",53,8,"2 ",NA,NA,NA,NA,NA,NA,NA,NA,NA,NA,NA,"1 ","2 ","11 ",7,"2 ",NA,"2 ",NA,"3 "
"988",29291,6309,2209,20703,"2","33","v5","N",27,3,"2 ",NA,NA,NA,NA,NA,NA,NA,NA,NA,NA,NA,"1 ","2 ","14 ",NA,"1 ",1,"1 ",2,"3 "
"989",29292,6309,2209,20703,"2","33","v5","N",27,4,"2 ",NA,NA,NA,NA,NA,NA,NA,NA,NA,NA,NA,"1 ","3 ","13 ",NA,"1 ",1,"1 ",2,"3 "
"990",29321,6315,3112,31206,"15","34","v5","N",27,1,"1 ",1,NA,NA,NA,NA,NA,NA,NA,NA,"052662326",NA,"1 ","2 ","7 ",2,"3 ",NA,"2 ",NA,"3 "
"991",29349,6320,3202,30207,"9","6","v5","N",53,4,"2 ",NA,NA,NA,NA,NA,NA,NA,NA,NA,NA,NA,"1 ","2 ","15 ",NA,"1 ",2,"1 ",3,"3 "
"992",29350,6320,3202,30207,"9","6","v5","N",53,5,"2 ",NA,NA,NA,NA,NA,NA,NA,NA,NA,NA,NA,"1 ","3 ","14 ",NA,"1 ",2,"1 ",3,"3 "
"993",29387,6326,3102,30207,"9","8","v5","N",53,6,"1 ",1,NA,NA,NA,NA,NA,NA,NA,NA,"0","0","1 ","2 ","14 ",NA,"1 ",NA,"1 ",2,"3 "
"994",29388,6326,3102,30207,"9","8","v5","N",53,7,"1 ",1,NA,NA,NA,NA,NA,NA,NA,NA,"0","0","1 ","3 ","13 ",NA,"1 ",NA,"1 ",2,"3 "
"995",29418,6332,3202,30207,"9","7","v5","N",53,5,"2 ",NA,NA,NA,NA,NA,NA,NA,NA,NA,NA,NA,"1 ","3 ","13 ",NA,"1 ",2,"1 ",1,"3 "
"996",29612,6366,3202,30207,"9","18","v5","N",51,6,"2 ",NA,NA,NA,NA,NA,NA,NA,NA,NA,NA,NA,"1 ","2 ","5 ",NA,"1 ",1,"1 ",2,"3 "
"997",29613,6366,3202,30207,"9","18","v5","N",51,7,"2 ",NA,NA,NA,NA,NA,NA,NA,NA,NA,NA,NA,"1 ","2 ","4 ",NA,"1 ",1,"1 ",2,"3 "
"998",29665,6378,3102,30207,"9","9","v5","N",53,3,"1 ",1,NA,NA,NA,NA,NA,NA,NA,NA,"0","0","1 ","2 ","10 ",4,"1 ",1,"1 ",2,"3 "
"999",29666,6378,3102,30207,"9","9","v5","N",53,4,"1 ",1,NA,NA,NA,NA,NA,NA,NA,NA,"0",NA,"1 ","2 ","13 ",3,"2 ",NA,"2 ",NA,"3 "
"1000",29667,6378,3102,30207,"9","9","v5","N",53,5,"1 ",1,NA,NA,NA,NA,NA,NA,NA,NA,"0","0","3 ",NA,NA,NA,"1 ",3,"1 ",4,"3 "
"1001",29680,6381,3202,30207,"9","8","v5","N",53,3,"2 ",NA,NA,NA,NA,NA,NA,NA,NA,NA,NA,NA,"1 ","2 ","9 ",4,"3 ",NA,"1 ",1,"3 "
"1002",29754,6403,7109,70909,"3","24","v5","N",73,3,"1 ",1,NA,NA,NA,NA,NA,NA,NA,NA,"784522502","0","1 ","3 ","13 ",NA,"1 ",1,"1 ",2,"3 "
"1003",29811,6419,4204,40605,"6","3","v5","N",41,1,"2 ",NA,NA,NA,NA,NA,NA,NA,NA,NA,NA,NA,"1 ","2 ","6 ",2,"2 ",NA,"3 ",NA,"4 "
"1004",29813,6419,4204,40605,"6","3","v5","N",41,3,"2 ",NA,NA,NA,NA,NA,NA,NA,NA,NA,NA,NA,"1 ","2 ","13 ",NA,"1 ",1,"1 ",2,"3 "
"1005",29828,6422,4103,40602,"4","5","v5","N",41,4,"2 ",NA,NA,NA,NA,NA,NA,NA,NA,NA,NA,NA,"1 ","3 ","13 ",NA,"1 ",2,"1 ",1,"3 "
"1006",29856,6427,4203,40602,"4","7","v5","N",41,4,"2 ",NA,NA,NA,NA,NA,NA,NA,NA,NA,NA,NA,"1 ","3 ","13 ",NA,"1 ",1,"1 ",2,"3 "
"1007",29857,6427,4203,40602,"4","7","v5","N",41,5,"2 ",NA,NA,NA,NA,NA,NA,NA,NA,NA,NA,NA,"1 ","3 ","12 ",NA,"1 ",1,"1 ",2,"3 "
"1008",29860,6428,4204,40605,"6","5","v5","N",41,3,"2 ",NA,NA,NA,NA,NA,NA,NA,NA,NA,NA,NA,"1 ","3 ","14 ",NA,"1 ",1,"1 ",2,"3 "
"1009",29861,6428,4204,40605,"6","5","v5","N",41,4,"2 ",NA,NA,NA,NA,NA,NA,NA,NA,NA,NA,NA,"1 ","1 ",NA,NA,"1 ",1,"1 ",2,"3 "
"1010",29863,6429,4204,40605,"6","4","v5","N",41,2,"2 ",NA,NA,NA,NA,NA,NA,NA,NA,NA,NA,NA,"1 ","2 ","14 ",3,"2 ",NA,"1 ",1,"3 "
"1011",29864,6429,4204,40605,"6","4","v5","N",41,3,"2 ",NA,NA,NA,NA,NA,NA,NA,NA,NA,NA,NA,"1 ","2 ","14 ",2,"2 ",NA,"2 ",NA,"3 "
"1012",29865,6429,4204,40605,"6","4","v5","N",41,4,"2 ",NA,NA,NA,NA,NA,NA,NA,NA,NA,NA,NA,"1 ","3 ","1 ",NA,"1 ",2,"1 ",3,"3 "
"1013",30008,6462,4204,40605,"6","1","v5","N",43,3,"2 ",NA,NA,NA,NA,NA,NA,NA,NA,NA,NA,NA,"1 ","3 ","15 ",NA,"1 ",2,"1 ",1,"3 "
"1014",30027,6466,4104,40605,"6","3","v5","N",42,2,NA,1,NA,NA,NA,NA,NA,NA,NA,NA,NA,NA,NA,NA,NA,NA,NA,NA,NA,NA,"4 "
"1015",30028,6466,4104,40605,"6","3","v5","N",42,3,NA,1,NA,NA,NA,NA,NA,NA,NA,NA,"067375173","0","1 ","2 ","11 ",2,"2 ",NA,"2 ",NA,"4 "
"1016",30033,6467,4104,40605,"6","4","v5","N",42,3,"1 ",1,NA,NA,NA,NA,NA,NA,NA,NA,"050546543","0","1 ","2 ","15 ",4,"1 ",1,"1 ",2,"4 "
"1017",30035,6467,4104,40605,"6","4","v5","N",42,5,"1 ",1,NA,NA,NA,NA,NA,NA,NA,NA,"0","0","1 ","3 ","15 ",NA,"1 ",1,"1 ",2,"3 "
"1018",30059,6473,4204,40605,"6","6","v5","N",42,1,"2 ",NA,NA,NA,NA,NA,NA,NA,NA,NA,NA,NA,"1 ","2 ","9 ",2,"3 ",NA,"3 ",NA,"4 "
"1019",30061,6473,4204,40605,"6","6","v5","N",42,3,"2 ",NA,NA,NA,NA,NA,NA,NA,NA,NA,NA,NA,"1 ","3 ","12 ",NA,"1 ",1,"1 ",2,"3 "
"1020",30106,6483,4204,40605,"6","3","v5","N",43,5,"2 ",NA,NA,NA,NA,NA,NA,NA,NA,NA,NA,NA,"1 ","2 ","10 ",NA,NA,NA,NA,NA,"3 "
"1021",30115,6485,4204,40605,"6","6","v5","N",43,4,"2 ",NA,NA,NA,NA,NA,NA,NA,NA,NA,NA,NA,"1 ","2 ","15 ",NA,"1 ",5,"1 ",2,"3 "
"1022",30254,6515,4108,41003,"4","27","v5","N",43,3,"1 ",1,NA,NA,NA,NA,NA,NA,NA,NA,"092404583",NA,"1 ","2 ","16 ",NA,"1 ",1,"1 ",2,"3 "
"1023",30283,6524,1101,10207,"7","16","v5","N",11,3,"1 ",1,NA,NA,NA,NA,NA,NA,NA,NA,"45884893",NA,"1 ","3 ","13 ",NA,"1 ",1,"1 ",2,"3 "
"1024",30605,6595,1201,10207,"7","31","v5","N",13,5,"2 ",NA,NA,NA,NA,NA,NA,NA,NA,NA,NA,NA,"1 ","2 ","13 ",NA,"1 ",2,"1 ",3,"3 "
"1025",30622,6598,1101,10207,"7","32","v5","N",13,5,"1 ",1,NA,NA,NA,NA,NA,NA,NA,NA,"770716494",NA,"1 ","2 ","17 ",NA,"2 ",NA,"2 ",NA,"3 "
"1026",30789,6629,4108,41003,"4","30","v5","N",43,5,"2 ",NA,NA,NA,NA,NA,NA,NA,NA,NA,NA,NA,"1 ","2 ","13 ",3,"2 ",NA,"2 ",NA,"3 "
"1027",30833,6639,4109,41007,"4","12","v5","N",42,3,"1 ",1,NA,NA,NA,NA,NA,NA,NA,NA,"731872886","0","1 ","3 ","13 ",NA,"2 ",NA,"1 ",2,"3 "
"1028",31197,6710,4108,41003,"4","22","v5","Y",44,5,"1 ",1,NA,NA,NA,NA,NA,NA,NA,NA,"071972983",NA,NA,"3 ","13 ",NA,"1 ",1,"1 ",2,"3 "
"1029",31573,6788,4208,41003,"4","9847646761","v5","N",44,3,"2 ",NA,NA,NA,NA,NA,NA,NA,NA,NA,NA,NA,"1 ","3 ","14 ",NA,"1 ",NA,"3 ",NA,"3 "
"1030",31574,6788,4208,41003,"4","9847646761","v5","N",44,4,"2 ",NA,NA,NA,NA,NA,NA,NA,NA,NA,NA,NA,"1 ","3 ","13 ",NA,"1 ",NA,"1 ",2,"3 "
"1031",31869,6847,4108,41003,"4","24","v5","N",44,3,"1 ",1,NA,NA,NA,NA,NA,NA,NA,NA,"715587482",NA,"1 ","2 ","13 ",NA,"1 ",2,"1 ",1,"3 "
"1032",31887,6851,3102,30207,"9","17","v5","N",51,4,"1 ",1,2,NA,NA,NA,NA,NA,NA,NA,"0","0","1 ","2 ","14 ",1,"3 ",NA,"1 ",3,"3 "
"1033",31888,6851,3102,30207,"9","17","v5","N",51,5,"1 ",1,NA,NA,NA,NA,NA,NA,NA,NA,"022020950","0","1 ","3 ","12 ",NA,"2 ",NA,"1 ",1,"3 "
"1034",31893,6852,3202,30207,"9","16","v5","N",51,5,"2 ",NA,NA,NA,NA,NA,NA,NA,NA,NA,NA,NA,"1 ","2 ","11 ",1,"3 ",NA,"2 ",NA,"3 "
"1035",31915,6856,3102,30207,"9","11","v5","N",52,3,"2 ",1,NA,NA,NA,NA,NA,NA,NA,NA,"0","0","1 ","2 ","13 ",4,"1 ",2,"1 ",1,"3 "
"1036",31916,6856,3102,30207,"9","11","v5","N",52,4,"1 ",1,NA,NA,NA,NA,NA,NA,NA,NA,"0","0","1 ","2 ","12 ",3,"2 ",NA,"2 ",NA,"3 "
"1037",31917,6856,3102,30207,"9","11","v5","N",52,5,"2 ",NA,NA,NA,NA,NA,NA,NA,NA,NA,NA,NA,"2 ","3 ","1 ",NA,"1 ",3,"1 ",4,"3 "
"1038",31919,6856,3102,30207,"9","11","v5","N",52,7,"1 ",1,NA,NA,NA,NA,NA,NA,NA,NA,"0","0","1 ","2 ","13 ",NA,"1 ",2,"1 ",1,"3 "
"1039",31929,6858,3112,31206,"15","34","v5","N",28,3,"2 ",NA,NA,NA,NA,NA,NA,NA,NA,NA,NA,NA,"1 ","2 ","15 ",NA,"1 ",1,"1 ",2,"3 "
"1040",31991,6867,3202,30207,"9","11","v5","N",52,5,"2 ",NA,NA,NA,NA,NA,NA,NA,NA,NA,NA,NA,"1 ","2 ","12 ",6,"1 ",1,"1 ",2,"3 "
"1041",31992,6867,3202,30207,"9","11","v5","N",52,6,"2 ",NA,NA,NA,NA,NA,NA,NA,NA,NA,NA,NA,"1 ","2 ","13 ",5,"2 ",NA,"2 ",NA,"3 "
"1042",31993,6867,3202,30207,"9","11","v5","N",52,7,"2 ",NA,NA,NA,NA,NA,NA,NA,NA,NA,NA,NA,"1 ","3 ","1 ",NA,"1 ",5,"1 ",6,"3 "
"1043",32031,6874,3112,31206,"15","21","v5","N",25,4,"2 ",NA,NA,NA,NA,NA,NA,NA,NA,NA,NA,NA,"1 ","3 ","12 ",NA,"1 ",1,"1 ",2,"3 "
"1044",32045,6876,3112,31206,"15","22","v5","N",25,6,"2 ",NA,NA,NA,NA,NA,NA,NA,NA,NA,NA,NA,"3 ",NA,NA,NA,"2 ",NA,"2 ",NA,"3 "
"1045",32087,6882,3112,31206,"15","24","v5","N",25,5,"1 ",1,NA,NA,NA,NA,NA,NA,NA,NA,"059957796",NA,"1 ","2 ","9 ",6,"2 ",NA,"2 ",NA,"3 "
"1046",32112,6887,3202,30207,"9","20","v5","N",51,5,"2 ",NA,NA,NA,NA,NA,NA,NA,NA,NA,NA,NA,"1 ","3 ","9 ",NA,"1 ",2,"1 ",1,"3 "
"1047",32311,6923,3202,30207,"10","15","v5","N",54,3,"2 ",NA,NA,NA,NA,NA,NA,NA,NA,NA,NA,NA,"1 ","2 ","13 ",NA,"1 ",1,"1 ",2,"3 "
"1048",32350,6929,4208,41003,"4","29","v5","N",42,4,"2 ",NA,NA,NA,NA,NA,NA,NA,NA,NA,NA,NA,"1 ","2 ","12 ",NA,"1 ",1,"1 ",2,"4 "
"1049",32371,6933,4208,41003,"4","31","v5","N",42,4,"2 ",NA,NA,NA,NA,NA,NA,NA,NA,NA,NA,NA,"1 ","3 ","12 ",NA,"1 ",1,"1 ",2,"3 "
"1050",32405,6941,4208,41003,"4","32","v5","N",42,3,"2 ",NA,NA,NA,NA,NA,NA,NA,NA,NA,NA,NA,"1 ","3 ","13 ",NA,"1 ",1,"1 ",2,"3 "
"1051",32406,6941,4208,41003,"4","32","v5","N",42,4,"2 ",NA,NA,NA,NA,NA,NA,NA,NA,NA,NA,NA,"1 ","3 ","13 ",NA,"1 ",1,"1 ",2,"3 "
"1052",32442,6950,4208,41003,"4","20","v5","N",41,4,"2 ",NA,NA,NA,NA,NA,NA,NA,NA,NA,NA,NA,"1 ","2 ","13 ",NA,"1 ",1,"1 ",2,"3 "
"1053",32459,6954,4108,41003,"4","22","v5","N",41,4,"1 ",1,NA,NA,NA,NA,NA,NA,NA,NA,"661986560",NA,"1 ","2 ","14 ",NA,NA,1,"1 ",2,"3 "
"1054",32550,6973,4102,40504,"32","23","v5","N",92,3,"1 ",1,NA,NA,NA,NA,NA,NA,NA,NA,NA,NA,"3 ",NA,NA,NA,"3 ",NA,"3 ",NA,"3 "
"1055",32686,7001,3202,NA,"9","12","v5","Y",52,6,"2 ",1,NA,NA,NA,NA,NA,NA,NA,NA,NA,NA,"1 ","2 ","9 ",NA,"1 ",1,"1 ",2,"3 "
"1056",32698,7003,3104,30512,"6","30","v5","Y",55,5,"1 ",1,NA,NA,NA,NA,NA,NA,NA,NA,"000000000","00","1 ","2 ","9 ",6,"1 ",1,"1 ",6,"3 "
"1057",32699,7003,3104,30512,"6","30","v5","Y",55,6,"1 ",1,NA,NA,NA,NA,NA,NA,NA,NA,"000000000","00","3 ",NA,NA,5,"2 ",NA,"2 ",NA,"3 "
"1058",32700,7003,3104,30512,"6","30","v5","Y",55,7,"1 ",1,NA,NA,NA,NA,NA,NA,NA,NA,"000000000","00","3 ",NA,NA,NA,"1 ",5,"1 ",6,"3 "
"1059",32750,7015,2101,20110,"1","29","v5","Y",22,3,"2 ",NA,NA,NA,NA,NA,NA,NA,NA,NA,NA,NA,"1 ","3 ","12 ",NA,"1 ",1,"1 ",2,"3 "
"1060",32753,7016,2101,20110,"7","30","v5","Y",22,2,"1 ",1,NA,NA,NA,NA,NA,NA,NA,NA,"744406471","0","1 ","2 ","14 ",3,"1 ",1,"3 ",NA,"3 "
"1061",32756,7016,2101,20110,"7","30","v5","Y",22,5,"1 ",1,NA,NA,NA,NA,NA,NA,NA,NA,"078560226","0","1 ","2 ","15 ",NA,"1 ",2,"1 ",3,"3 "
"1062",32757,7016,2101,20110,"7","30","v5","Y",22,6,"1 ",1,NA,NA,NA,NA,NA,NA,NA,NA,"083297885","0","1 ","2 ","12 ",NA,"1 ",2,"1 ",3,"3 "
"1063",32760,7016,2101,20110,"7","30","v5","Y",22,9,"1 ",1,NA,NA,NA,NA,NA,NA,NA,NA,"095067442","0","1 ","3 ","13 ",NA,"1 ",7,"1 ",8,"3 "
"1064",32761,7016,2101,20110,"7","30","v5","Y",22,10,"1 ",1,NA,NA,NA,NA,NA,NA,NA,NA,"097039810","0","1 ","3 ","12 ",NA,"1 ",7,"1 ",8,"3 "
"1065",32762,7016,2101,20110,"7","30","v5","Y",22,11,"1 ",1,NA,NA,NA,NA,NA,NA,NA,NA,"093748303","0","1 ","3 ","12 ",NA,"1 ",7,"1 ",8,"3 "
"1066",32819,7025,2101,20110,"1","28","v5","N",23,6,"1 ",1,NA,NA,NA,NA,NA,NA,NA,NA,"00","00","1 ","2 ","13 ",NA,"1 ",3,"1 ",4,"3 "
"1067",32896,7039,1101,10207,"7","42","v5","N",12,3,"2 ",NA,NA,NA,NA,NA,NA,NA,NA,NA,NA,NA,"1 ","2 ","17 ",NA,"2 ",NA,"1 ",2,"3 "
"1068",32997,7059,3104,30512,"1","34","v5","N",56,5,"1 ",1,NA,NA,NA,NA,NA,NA,NA,NA,"025939826",NA,"3 ",NA,NA,NA,"2 ",NA,"2 ",1,"3 "
"1069",33037,7069,3104,30512,"6","35","v5","N",56,3,"1 ",1,NA,NA,NA,NA,NA,NA,NA,NA,"753122672",NA,"1 ","2 ","5 ",4,"1 ",1,"1 ",2,"3 "
"1070",33038,7069,3104,30512,"6","35","v5","N",56,4,"1 ",1,NA,NA,NA,NA,NA,NA,NA,NA,"753553695",NA,"1 ","2 ","10 ",3,"2 ",3,"2 ",4,"3 "
"1071",33039,7069,3104,30512,"6","35","v5","N",56,5,"1 ",1,NA,NA,NA,NA,NA,NA,NA,NA,"771456022",NA,"3 ",NA,NA,NA,"1 ",3,"1 ",4,"3 "
"1072",33067,7076,7205,70601,"1","32","v5","Y",74,4,"2 ",NA,NA,NA,NA,NA,NA,NA,NA,NA,NA,NA,"1 ","3 ","3 ",NA,"1 ",2,"1 ",3,"3 "
"1073",33078,7078,3101,30102,"8","12","v5","N",52,4,"1 ",1,NA,NA,NA,NA,NA,NA,NA,NA,"652972110",NA,"1 ","2 ","12 ",3,"2 ",NA,"2 ",NA,"3 "
"1074",33079,7078,3101,30102,"8","12","v5","N",52,5,"1 ",1,NA,NA,NA,NA,NA,NA,NA,NA,NA,"604087250","1 ","3 ","1 ",NA,"1 ",3,"1 ",4,"3 "
"1075",33080,7078,3101,30102,"8","12","v5","N",52,6,"1 ",1,NA,NA,NA,NA,NA,NA,NA,NA,"023139841",NA,"1 ","3 ",NA,NA,"1 ",1,"1 ",2,"3 "
"1076",33111,7083,2101,20110,"7","26","v5","N",24,3,"2 ",NA,NA,NA,NA,NA,NA,NA,NA,NA,NA,NA,"1 ","2 ","11 ",3,"1 ",1,"1 ",2,"4 "
"1077",33130,7086,2201,20110,"1","27","v5","N",24,3,"2 ",NA,NA,NA,NA,NA,NA,NA,NA,NA,NA,NA,"1 ","2 ","13 ",3,"1 ",1,"1 ",2,"3 "
"1078",33131,7086,2201,20110,"1","27","v5","N",24,4,"2 ",NA,NA,NA,NA,NA,NA,NA,NA,NA,NA,NA,"1 ","3 ","12 ",NA,"1 ",1,"1 ",2,"3 "
"1079",33136,7087,2101,20110,"1","28","v5","N",24,3,"1 ",1,NA,NA,NA,NA,NA,NA,NA,NA,"754275443","0","1 ","3 ","2 ",NA,"1 ",1,"1 ",2,"3 "
"1080",33151,7090,2101,20110,"1","32","v5","N",24,2,"1 ",1,NA,NA,NA,NA,NA,NA,NA,NA,"717233812","0","1 ","2 ","11 ",2,"2 ",NA,"2 ",NA,"3 "
"1081",33155,7090,2101,20110,"1","32","v5","N",24,6,"1 ",1,NA,NA,NA,NA,NA,NA,NA,NA,"0","0","1 ","3 ","12 ",NA,"1 ",2,"1 ",1,"3 "
"1082",33159,7091,2201,20110,"1","33","v5","N",24,4,"2 ",NA,NA,NA,NA,NA,NA,NA,NA,NA,NA,NA,"1 ","2 ","11 ",4,"2 ",NA,"2 ",NA,"3 "
"1083",33160,7091,2201,20110,"1","33","v5","N",24,5,"2 ",NA,NA,NA,NA,NA,NA,NA,NA,NA,NA,NA,"1 ","3 ","1 ",NA,"1 ",3,"1 ",4,"3 "
"1084",33164,7092,2101,20110,"1","34","v5","N",24,3,"1 ",1,NA,NA,NA,NA,NA,NA,NA,NA,"0","0","1 ","2 ","14 ",3,"1 ",1,"1 ",2,"3 "
"1085",33166,7092,2101,20110,"1","34","v5","N",24,5,"1 ",1,NA,NA,NA,NA,NA,NA,NA,NA,"0","0","1 ","3 ","5 ",NA,"1 ",3,"1 ",4,"3 "
"1086",33216,7102,7109,70909,"3","23","v5","Y",73,4,"1 ",1,NA,NA,NA,NA,NA,NA,NA,NA,"003563431","0","1 ","3 ","13 ",NA,"1 ",1,"1 ",2,"3 "
"1087",33255,7111,3202,30207,"9","17","v5","N",51,5,"2 ",NA,NA,NA,NA,NA,NA,NA,NA,NA,NA,NA,"1 ","2 ","6 ",6,"2 ",2,"1 ",1,"3 "
"1088",33278,7114,3102,30207,"9","19","v5","N",51,4,"1 ",1,NA,NA,NA,NA,NA,NA,NA,NA,"0","0","1 ","2 ","5 ",3,"1 ",2,"1 ",1,"3 "
"1089",33279,7114,3102,30207,"9","19","v5","N",51,5,"1 ",1,NA,NA,NA,NA,NA,NA,NA,NA,"0","8","1 ","3 ","10 ",NA,"2 ",NA,"1 ",3,"3 "
"1090",33280,7114,3102,30207,"9","19","v5","N",51,6,"2 ",NA,NA,NA,NA,NA,NA,NA,NA,NA,NA,NA,"1 ","2 ","10 ",7,"1 ",2,"1 ",1,"3 "
"1091",33281,7114,3102,30207,"9","19","v5","N",51,7,"2 ",NA,NA,NA,NA,NA,NA,NA,NA,NA,NA,NA,"1 ","2 ","4 ",6,"2 ",NA,"3 ",NA,"3 "
"1092",33282,7114,3102,30207,"9","19","v5","N",51,8,"2 ",NA,NA,NA,NA,NA,NA,NA,NA,NA,NA,NA,"1 ","3 ","1 ",NA,"2 ",2,"2 ",NA,"3 "
"1093",33316,7118,3102,30207,"9","16","v5","N",51,6,"1 ",1,NA,NA,NA,NA,NA,NA,NA,NA,"0","0","1 ","2 ","13 ",2,"2 ",NA,"1 ",1,"3 "
"1094",33339,7122,7105,70601,"1","31","v5","Y",72,3,"1 ",1,NA,NA,NA,NA,NA,NA,NA,NA,"0","0","1 ","2 ","13 ",NA,"1 ",1,"1 ",2,"3 "
"1095",33343,7122,7105,70601,"1","31","v5","Y",72,7,"1 ",1,NA,NA,NA,NA,NA,NA,NA,NA,"0","0","3 ",NA,NA,NA,"3 ",NA,"3 ",NA,"3 "
"1096",33358,7125,7208,70901,"3","32","v5","Y",72,5,"2 ",NA,NA,NA,NA,NA,NA,NA,NA,NA,NA,NA,"1 ","3 ","13 ",NA,"1 ",1,"1 ",2,"3 "
"1097",33413,7134,3112,31206,"15","38","v5","N",28,2,"1 ",1,NA,NA,NA,NA,NA,NA,NA,NA,"723812213",NA,"1 ","2 ","13 ",1,"2 ",NA,"2 ",NA,"3 "
"1098",33424,7136,3212,31206,"15","39","v5","N",28,3,"2 ",NA,NA,NA,NA,NA,NA,NA,NA,NA,NA,NA,"1 ","2 ","6 ",4,"1 ",1,"1 ",2,"3 "
"1099",33427,7136,3212,31206,"15","39","v5","N",28,6,"2 ",NA,NA,NA,NA,NA,NA,NA,NA,NA,NA,NA,"1 ","2 ","9 ",NA,"1 ",1,"1 ",2,"3 "
"1100",33442,7139,3212,31206,"15","42","v5","N",28,3,"2 ",NA,NA,NA,NA,NA,NA,NA,NA,NA,NA,NA,"1 ","2 ","13 ",NA,"1 ",1,"1 ",2,"4 "
"1101",33487,7147,3104,30512,"1","36","v5","N",56,3,"1 ",1,NA,NA,NA,NA,NA,NA,NA,NA,"054406704",NA,"1 ","2 ","6 ",4,"2 ",NA,"1 ",2,"3 "
"1102",33488,7147,3104,30512,"1","36","v5","N",56,4,"1 ",1,NA,NA,NA,NA,NA,NA,NA,NA,"009087260",NA,"3 ",NA,NA,3,"2 ",NA,"2 ",NA,"3 "
"1103",33490,7147,3104,30512,"1","36","v5","N",56,6,"1 ",1,NA,NA,NA,NA,NA,NA,NA,NA,"031352635",NA,"1 ","3 ","2 ",NA,"2 ",NA,"2 ",NA,"3 "
"1104",33607,7175,3103,30212,"3","10","v5","N",54,4,"1 ",1,NA,NA,NA,NA,NA,NA,NA,NA,"721097156","0","1 ","2 ","13 ",NA,"1 ",1,"1 ",2,"3 "
"1105",33694,7190,1210,11303,"8","8","v5","Y",21,3,"2 ",NA,NA,NA,NA,NA,NA,NA,NA,NA,NA,NA,"1 ","3 ","8 ",NA,"1 ",1,"1 ",2,"3 "
"1106",33719,7194,2101,20110,"1","28","v5","N",22,3,"1 ",1,NA,NA,NA,NA,NA,NA,NA,NA,"722785011","0","1 ","2 ","14 ",4,"1 ",1,"1 ",2,"3 "
"1107",33722,7194,2101,20110,"1","28","v5","N",22,6,"2 ",NA,NA,NA,NA,NA,NA,NA,NA,NA,NA,NA,"1 ","3 ","2 ",NA,"1 ",3,"1 ",4,"3 "
"1108",33911,7225,2101,20110,"1","36","v5","N",22,3,"1 ",1,NA,NA,NA,NA,NA,NA,NA,NA,"764813029","0","1 ","2 ","7 ",2,"3 ",1,"2 ",NA,"3 "
"1109",33912,7225,2101,20110,"1","36","v5","N",22,4,"1 ",1,NA,NA,NA,NA,NA,NA,NA,NA,"765564015","0","1 ","3 ","5 ",NA,"1 ",2,"1 ",3,"3 "
"1110",33913,7225,2101,20110,"1","36","v5","N",22,5,"1 ",1,NA,NA,NA,NA,NA,NA,NA,NA,"771293795","0","1 ","3 ","2 ",NA,"1 ",2,"1 ",3,"3 "
"1111",33997,7241,2101,20110,"1","34","v5","N",22,4,"2 ",NA,NA,NA,NA,NA,NA,NA,NA,NA,NA,NA,"1 ","3 ","13 ",NA,"1 ",1,"3 ",NA,"3 "
"1112",34102,7260,3212,31206,"15","2","v6","N",27,2,"2 ",NA,NA,NA,NA,NA,NA,NA,NA,NA,NA,NA,"3 ",NA,NA,1,"3 ",NA,"2 ",NA,"4 "
"1113",34435,7328,5205,50901,"9","29","v5","N",53,2,"2 ",NA,NA,NA,NA,NA,NA,NA,NA,NA,NA,NA,"1 ","3 ","13 ",NA,"2 ",NA,"1 ",1,"3 "
"1114",34447,7330,5205,50901,"9","30","v5","N",53,5,"2 ",NA,NA,NA,NA,NA,NA,NA,NA,NA,NA,NA,"1 ","2 ","12 ",NA,"1 ",1,"1 ",2,"3 "
"1115",34514,7343,5105,50901,"9","19","v5","N",52,3,"1 ",1,NA,NA,NA,NA,NA,NA,NA,NA,"0","0","1 ","3 ","13 ",NA,"1 ",2,"1 ",1,"3 "
"1116",34652,7368,5205,50901,"9","22","v5","N",52,3,"1 ",1,NA,NA,NA,NA,NA,NA,NA,NA,NA,NA,"1 ","2 ","14 ",NA,"1 ",2,"1 ",1,"3 "
"1117",34653,7368,5205,50901,"9","22","v5","N",52,4,"1 ",1,NA,NA,NA,NA,NA,NA,NA,NA,NA,NA,"1 ","2 ","14 ",NA,"1 ",2,"1 ",1,"3 "
"1118",34879,7412,5205,50901,"9","26","v5","N",52,3,"2 ",NA,NA,NA,NA,NA,NA,NA,NA,NA,NA,NA,"1 ","3 ","14 ",NA,"1 ",1,"1 ",2,"3 "
"1119",35018,7441,5205,50901,"9","24","v5","N",54,5,"2 ",NA,NA,NA,NA,NA,NA,NA,NA,NA,NA,NA,"1 ","3 ","14 ",NA,"1 ",3,"1 ",4,"3 "
"1120",35114,7465,5205,50901,"9","28","v5","N",54,2,"2 ",NA,NA,NA,NA,NA,NA,NA,NA,NA,NA,NA,"1 ","2 ","11 ",3,"2 ",NA,"2 ",NA,"3 "
"1121",35159,7474,1110,11303,"8","9","v5","N",21,3,"1 ",1,NA,NA,NA,NA,NA,NA,NA,NA,"000952136","0","1 ","2 ","13 ",NA,"1 ",1,"1 ",2,"3 "
"1122",35202,7481,1110,11303,"8","13","v5","N",21,3,"2 ",NA,NA,NA,NA,NA,NA,NA,NA,NA,NA,NA,"1 ","3 ","8 ",NA,"1 ",1,"1 ",2,"3 "
"1123",35203,7481,1110,11303,"8","13","v5","N",21,4,"2 ",NA,NA,NA,NA,NA,NA,NA,NA,NA,NA,NA,"1 ","3 ","6 ",NA,"1 ",1,"1 ",2,"3 "
"1124",35206,7481,1110,11303,"8","13","v5","N",21,7,"1 ",1,NA,NA,NA,NA,NA,NA,NA,NA,"730562976","0","1 ","3 ","12 ",NA,"1 ",5,"1 ",6,"3 "
"1125",35207,7481,1110,11303,"8","13","v5","N",21,8,"2 ",NA,NA,NA,NA,NA,NA,NA,NA,NA,NA,NA,"1 ","3 ","12 ",NA,"1 ",6,"1 ",6,"3 "
"1126",35208,7481,1110,11303,"8","13","v5","N",21,9,"2 ",NA,NA,NA,NA,NA,NA,NA,NA,NA,NA,NA,"1 ","3 ","8 ",NA,"1 ",5,"1 ",6,"3 "
"1127",35214,7482,1210,11303,"8","14","v5","N",21,4,"2 ",NA,NA,NA,NA,NA,NA,NA,NA,NA,NA,NA,"1 ","3 ","12 ",NA,"1 ",1,"1 ",2,"3 "
"1128",35215,7482,1210,11303,"8","14","v5","N",21,5,"2 ",NA,NA,NA,NA,NA,NA,NA,NA,NA,NA,NA,"1 ","3 ","10 ",NA,"1 ",1,"1 ",2,"3 "
"1129",35216,7482,1210,11303,"8","14","v5","N",21,6,"2 ",NA,NA,NA,NA,NA,NA,NA,NA,NA,NA,NA,"1 ","3 ","5 ",NA,"1 ",1,"1 ",2,"3 "
"1130",35224,7484,1110,11303,"8","15","v5","N",21,3,"1 ",1,NA,NA,NA,NA,NA,NA,NA,NA,"063103261","0","1 ","3 ","13 ",NA,"1 ",1,"1 ",2,"3 "
"1131",35226,7484,1110,11303,"8","15","v5","N",21,5,"1 ",1,NA,NA,NA,NA,NA,NA,NA,NA,"033660045","0","1 ","3 ","11 ",NA,"1 ",1,"1 ",2,"3 "
"1132",35229,7485,1210,11303,"8","16","v5","N",21,3,"2 ",NA,NA,NA,NA,NA,NA,NA,NA,NA,NA,NA,"1 ","3 ","13 ",NA,"1 ",1,"1 ",2,"3 "
"1133",35230,7485,1210,11303,"8","16","v5","N",21,4,"2 ",NA,NA,NA,NA,NA,NA,NA,NA,NA,NA,NA,"1 ","2 ","12 ",NA,"1 ",1,"1 ",2,"3 "
"1134",35234,7486,2101,20110,"1","17","v5","N",21,2,"1 ",1,NA,NA,NA,NA,NA,NA,NA,NA,"742148455","0","1 ","2 ","12 ",1,"2 ",NA,"2 ",NA,"3 "
"1135",35235,7486,2101,20110,"1","17","v5","N",21,3,"1 ",1,NA,NA,NA,NA,NA,NA,NA,NA,"742489134","0","1 ","3 ","8 ",NA,"1 ",1,"1 ",2,"3 "
"1136",35236,7486,2101,20110,"1","17","v5","N",21,4,"2 ",1,NA,NA,NA,NA,NA,NA,NA,NA,"0","0","1 ","3 ","6 ",NA,"1 ",1,"1 ",2,"3 "
"1137",35255,7489,2201,20110,"1","18","v5","N",21,3,"2 ",NA,NA,NA,NA,NA,NA,NA,NA,NA,NA,NA,"1 ","3 ","12 ",NA,"1 ",1,"1 ",2,"3 "
"1138",35262,7490,2101,20110,"1","19","v5","N",21,3,"2 ",NA,NA,NA,NA,NA,NA,NA,NA,NA,NA,NA,"1 ","2 ","13 ",4,"1 ",1,"1 ",2,"3 "
"1139",35263,7490,2101,20110,"1","19","v5","N",21,4,"2 ",NA,NA,NA,NA,NA,NA,NA,NA,NA,"0",NA,"1 ","2 ","9 ",3,"3 ",NA,"3 ",NA,"3 "
"1140",35264,7490,2101,20110,"1","19","v5","N",21,5,"2 ",NA,NA,NA,NA,NA,NA,NA,NA,NA,NA,NA,"1 ","3 ","12 ",NA,"1 ",3,"1 ",4,"3 "
"1141",35265,7490,2101,20110,"1","19","v5","N",21,6,"2 ",NA,NA,NA,NA,NA,NA,NA,NA,NA,NA,NA,"1 ","3 ","7 ",NA,"1 ",3,"1 ",4,"3 "
"1142",35266,7490,2101,20110,"1","19","v5","N",21,7,"2 ",NA,NA,NA,NA,NA,NA,NA,NA,NA,NA,NA,"3 ",NA,NA,NA,"1 ",3,"1 ",4,"3 "
"1143",35267,7490,2101,20110,"1","19","v5","N",21,8,"1 ",1,NA,NA,NA,NA,NA,NA,NA,NA,"745023182","0","1 ","2 ","15 ",9,"1 ",1,"1 ",2,"3 "
"1144",35268,7490,2101,20110,"1","19","v5","N",21,9,"1 ",1,NA,NA,NA,NA,NA,NA,NA,NA,"0","0","1 ","2 ","14 ",8,"2 ",NA,"2 ",NA,"3 "
"1145",35269,7490,2101,20110,"1","19","v5","N",21,10,"1 ",1,NA,NA,NA,NA,NA,NA,NA,NA,"743210860","0","1 ","3 ","6 ",NA,"1 ",8,"1 ",9,"3 "
"1146",35270,7490,2101,20110,"1","19","v5","N",21,11,"1 ",1,NA,NA,NA,NA,NA,NA,NA,NA,"785365265","0","3 ",NA,NA,NA,"1 ",8,"1 ",9,"3 "
"1147",35283,7492,2101,20110,"1","20","v5","N",21,3,"1 ",1,NA,NA,NA,NA,NA,NA,NA,NA,"743002525","0","1 ","2 ","14 ",NA,"1 ",1,"1 ",2,"3 "
"1148",35284,7492,2101,20110,"1","20","v5","N",21,4,"1 ",1,NA,NA,NA,NA,NA,NA,NA,NA,"744184225","0","1 ","2 ","14 ",NA,"1 ",1,"1 ",2,"3 "
"1149",35285,7492,2101,20110,"1","20","v5","N",21,5,"1 ",1,NA,NA,NA,NA,NA,NA,NA,NA,"710852925","0","1 ","3 ","13 ",NA,"1 ",1,"1 ",2,"3 "
"1150",35286,7492,2101,20110,"1","20","v5","N",21,6,"1 ",1,NA,NA,NA,NA,NA,NA,NA,NA,"758591960","0","1 ","2 ","16 ",7,"1 ",10,"3 ",NA,"3 "
"1151",35287,7492,2101,20110,"1","20","v5","N",21,7,"1 ",1,NA,NA,NA,NA,NA,NA,NA,NA,"749633990","0","1 ","2 ","13 ",6,"3 ",NA,"2 ",NA,"3 "
"1152",35288,7492,2101,20110,"1","20","v5","N",21,8,"1 ",1,NA,NA,NA,NA,NA,NA,NA,NA,"788797586","0","1 ","3 ","1 ",NA,"1 ",6,"1 ",7,"3 "
"1153",35289,7492,2101,20110,"1","20","v5","N",21,9,"1 ",1,NA,NA,NA,NA,NA,NA,NA,NA,"769078391","0","3 ",NA,NA,NA,"1 ",6,"1 ",7,"3 "
"1154",35301,7495,2101,20110,"1","21","v5","N",21,3,"1 ",1,NA,NA,NA,NA,NA,NA,NA,NA,"763028862","0","1 ","2 ","14 ",NA,"1 ",1,"1 ",2,"3 "
"1155",35302,7495,2101,20110,"1","21","v5","N",21,4,"1 ",1,NA,NA,NA,NA,NA,NA,NA,NA,"0","0","1 ","2 ","14 ",NA,"1 ",1,"1 ",2,"3 "
"1156",35311,7497,2201,20110,"7","23","v5","N",21,3,"2 ",NA,NA,NA,NA,NA,NA,NA,NA,NA,NA,NA,"1 ","3 ","8 ",NA,"1 ",1,"1 ",2,"3 "
"1157",35312,7497,2201,20110,"7","23","v5","N",21,4,"2 ",NA,NA,NA,NA,NA,NA,NA,NA,NA,NA,NA,"1 ","3 ","6 ",NA,"1 ",1,"1 ",2,"3 "
"1158",35335,7500,2201,20110,"1","26","v5","N",21,8,"2 ",NA,NA,NA,NA,NA,NA,NA,NA,NA,NA,NA,"1 ","2 ","7 ",7,"2 ",NA,"2 ",NA,"3 "
"1159",35336,7500,2201,20110,"1","26","v5","N",21,9,"2 ",NA,NA,NA,NA,NA,NA,NA,NA,NA,NA,NA,"1 ","3 ","12 ",NA,"1 ",7,"1 ",8,"3 "
"1160",35337,7500,2201,20110,"1","26","v5","N",21,10,"2 ",NA,NA,NA,NA,NA,NA,NA,NA,NA,NA,NA,"1 ","3 ","5 ",NA,"1 ",7,"1 ",8,"3 "
"1161",35380,7507,4103,40602,"4","4","v5","N",42,4,"1 ",1,NA,NA,NA,NA,NA,NA,NA,NA,"0","0","1 ","3 ","13 ",NA,"1 ",1,"1 ",2,"3 "
"1162",35428,7517,4204,40605,"6","5","v5","N",43,3,"2 ",NA,NA,NA,NA,NA,NA,NA,NA,NA,NA,NA,"1 ","3 ","13 ",NA,"1 ",2,"1 ",1,"3 "
"1163",35557,7542,2108,20614,"1","5","v5","N",27,11,"1 ",1,NA,NA,NA,NA,NA,NA,NA,NA,"035822576",NA,"1 ","2 ","13 ",12,"3 ",NA,"1 ",10,"3 "
"1164",35558,7542,2108,20614,"1","5","v5","N",27,12,"2 ",NA,NA,NA,NA,NA,NA,NA,NA,NA,NA,NA,"1 ","2 ","13 ",11,"2 ",NA,"2 ",NA,"3 "
"1165",35559,7542,2108,20614,"1","5","v5","N",27,13,"2 ",NA,NA,NA,NA,NA,NA,NA,NA,NA,NA,NA,"1 ","3 ","6 ",NA,"1 ",11,"1 ",12,"3 "
"1166",35560,7542,2108,20614,"1","5","v5","N",27,14,"2 ",NA,NA,NA,NA,NA,NA,NA,NA,NA,NA,NA,"1 ","3 ","1 ",NA,"1 ",11,"1 ",12,"3 "
"1167",35561,7542,2108,20614,"1","5","v5","N",27,15,"2 ",NA,NA,NA,NA,NA,NA,NA,NA,NA,NA,NA,"1 ","2 ","13 ",16,"3 ",NA,"1 ",10,"3 "
"1168",35588,7545,5105,50901,"9","23","v5","N",51,6,"2 ",NA,NA,NA,NA,NA,NA,NA,NA,NA,NA,NA,"1 ","2 ","11 ",7,"1 ",1,"1 ",2,"3 "
"1169",35589,7545,5105,50901,"9","23","v5","N",51,7,"1 ",1,NA,NA,NA,NA,NA,NA,NA,NA,"096403355","00","1 ","2 ","11 ",6,"2 ",NA,"2 ",NA,"3 "
"1170",35590,7545,5105,50901,"9","23","v5","N",51,8,"1 ",1,NA,NA,NA,NA,NA,NA,NA,NA,"095764174","00","1 ","3 ","2 ",NA,"1 ",6,"1 ",7,"3 "
"1171",35591,7545,5105,50901,"9","23","v5","N",51,9,"2 ",NA,NA,NA,NA,NA,NA,NA,NA,NA,NA,NA,"3 ","1 ",NA,NA,"1 ",6,"1 ",7,"3 "
"1172",35618,7551,5205,50901,"9","26","v5","N",51,3,"2 ",NA,NA,NA,NA,NA,NA,NA,NA,NA,NA,NA,"1 ","2 ","13 ",NA,"1 ",2,"1 ",1,"3 "
"1173",35619,7551,5205,50901,"9","26","v5","N",51,4,"2 ",NA,NA,NA,NA,NA,NA,NA,NA,NA,NA,NA,"1 ","3 ","11 ",NA,"1 ",2,"1 ",1,"3 "
"1174",35832,7597,5205,50901,"9","32","v5","N",51,4,"2 ",NA,NA,NA,NA,NA,NA,NA,NA,NA,NA,NA,"1 ","2 ","13 ",3,"1 ",1,"1 ",2,"3 "
"1175",35856,7601,4203,40602,"4","3","v5","N",42,5,"2 ",NA,NA,NA,NA,NA,NA,NA,NA,NA,NA,NA,"1 ","3 ","13 ",NA,"1 ",NA,"1 ",2,"3 "
"1176",35863,7603,4102,40504,"32","1","v5","N",42,1,"1 ",1,NA,NA,NA,NA,NA,NA,NA,NA,"012856126","0","1 ","2 ","12 ",2,"2 ",NA,"2 ",NA,"4 "
"1177",36462,7723,3102,30207,"9","3","v5","N",54,4,"2 ",NA,NA,NA,NA,NA,NA,NA,NA,NA,NA,NA,"1 ","2 ","10 ",NA,"3 ",NA,"3 ",NA,"3 "
"1178",36463,7723,3102,30207,"9","3","v5","N",54,5,"2 ",NA,NA,NA,NA,NA,NA,NA,NA,NA,NA,NA,"1 ","2 ","12 ",8,"2 ",NA,"2 ",NA,"3 "
"1179",36464,7723,3102,30207,"9","3","v5","N",54,6,"2 ",NA,NA,NA,NA,NA,NA,NA,NA,NA,NA,NA,"1 ","3 ","11 ",NA,"1 ",8,"1 ",5,"3 "
"1180",36465,7723,3102,30207,"9","3","v5","N",54,7,"2 ",NA,NA,NA,NA,NA,NA,NA,NA,NA,NA,NA,"1 ","3 ","8 ",NA,"1 ",8,"1 ",5,"3 "
"1181",36552,7741,3202,30207,"9","14","v5","N",54,3,"2 ",NA,NA,NA,NA,NA,NA,NA,NA,NA,NA,NA,"1 ","2 ","14 ",4,"1 ",1,"1 ",2,"3 "
"1182",36553,7741,3202,30207,"9","14","v5","N",54,4,"2 ",NA,NA,NA,NA,NA,NA,NA,NA,NA,NA,NA,"1 ","2 ","14 ",3,"2 ",NA,"2 ",NA,"3 "
"1183",36554,7741,3202,30207,"9","14","v5","N",54,5,"2 ",NA,NA,NA,NA,NA,NA,NA,NA,NA,NA,NA,"1 ","3 ","1 ",NA,"1 ",3,"1 ",4,"3 "
"1184",36555,7741,3202,30207,"9","14","v5","N",54,6,"2 ",NA,NA,NA,NA,NA,NA,NA,NA,NA,NA,NA,"3 ",NA,NA,NA,"1 ",3,"1 ",4,"3 "
"1185",36571,7745,3102,30207,"9","14","v5","N",54,3,"1 ",1,NA,NA,NA,NA,NA,NA,NA,NA,"0","0","1 ","3 ","11 ",NA,"2 ",NA,"2 ",NA,"3 "
"1186",36594,7749,3102,30207,"9","4","v5","N",54,4,"1 ",1,NA,NA,NA,NA,NA,NA,NA,NA,"0","0","1 ","3 ","13 ",NA,"1 ",1,"1 ",2,"3 "
"1187",36595,7749,3102,30207,"9","4","v5","N",54,5,"1 ",1,NA,NA,NA,NA,NA,NA,NA,NA,"0","0","1 ","2 ","13 ",NA,"1 ",1,"1 ",2,"3 "
"1188",36596,7749,3102,30207,"9","4","v5","N",54,6,"1 ",1,NA,NA,NA,NA,NA,NA,NA,NA,"0","0","3 ",NA,NA,1,"3 ",NA,"3 ",NA,"3 "
"1189",36806,7798,3202,30207,"10","13","v5","N",52,3,"2 ",NA,NA,NA,NA,NA,NA,NA,NA,NA,NA,NA,"1 ","2 ","9 ",4,"1 ",1,"1 ",2,"3 "
"1190",36807,7798,3202,30207,"10","13","v5","N",52,4,"2 ",NA,NA,NA,NA,NA,NA,NA,NA,NA,NA,NA,"1 ","2 ","12 ",3,"2 ",3,"2 ",4,"3 "
"1191",36808,7798,3202,30207,"10","13","v5","N",52,5,"2 ",NA,NA,NA,NA,NA,NA,NA,NA,NA,NA,NA,"1 ","3 ","2 ",NA,"1 ",3,"1 ",4,"3 "
"1192",36809,7798,3202,30207,"10","13","v5","N",52,6,"2 ",NA,NA,NA,NA,NA,NA,NA,NA,NA,NA,NA,"3 ",NA,NA,NA,"1 ",3,"1 ",4,"3 "
"1193",36885,7814,3210,30909,"10","10","v5","N",53,3,"2 ",NA,NA,NA,NA,NA,NA,NA,NA,NA,NA,NA,"1 ","2 ","14 ",4,"1 ",1,"1 ",2,"3 "
"1194",36922,7820,3202,30207,"10","10","v5","N",53,3,"2 ",NA,NA,NA,NA,NA,NA,NA,NA,NA,NA,NA,"1 ","3 ","14 ",NA,"1 ",1,"1 ",2,"3 "
"1195",36923,7820,3202,30207,"10","10","v5","N",53,4,"2 ",NA,NA,NA,NA,NA,NA,NA,NA,NA,NA,NA,"1 ","2 ","14 ",NA,"1 ",1,"1 ",2,"3 "
"1196",37567,7938,3110,30909,"10","18","v5","N",51,4,"1 ",1,NA,NA,NA,NA,NA,NA,NA,NA,"0","0","1 ","2 ","13 ",NA,"1 ",1,"1 ",2,"3 "
"1197",37886,8000,5303,50901,"2","32","v5","Y",52,4,"1 ",1,NA,NA,NA,NA,NA,NA,NA,NA,"0","0","1 ","2 ","14 ",NA,"1 ",1,"1 ",2,"3 "
"1198",39095,8236,7105,70601,"1","31","v5","N",71,2,"2 ",NA,NA,NA,NA,NA,NA,NA,NA,NA,NA,NA,"1 ","2 ","14 ",1,"2 ",NA,"2 ",NA,"3 "
"1199",39096,8236,7105,70601,"1","31","v5","N",71,3,"1 ",1,NA,NA,NA,NA,NA,NA,NA,NA,"099639341","0","1 ","3 ","9 ",NA,"2 ",NA,"1 ",1,"3 "
"1200",39097,8236,7105,70601,"1","31","v5","N",71,4,"1 ",1,NA,NA,NA,NA,NA,NA,NA,NA,"088388226","0","1 ","3 ","7 ",NA,"2 ",NA,"1 ",1,"3 "
"1201",39098,8236,7105,70601,"1","31","v5","N",71,5,"1 ",1,NA,NA,NA,NA,NA,NA,NA,NA,"0","0","1 ","3 ","1 ",NA,"2 ",NA,"1 ",1,"3 "
"1202",39110,8239,7205,70601,"1","32","v5","N",71,2,"2 ",NA,NA,NA,NA,NA,NA,NA,NA,NA,NA,NA,"1 ","2 ","12 ",3,"3 ",NA,"3 ",NA,"3 "
"1203",39111,8239,7205,70601,"1","32","v5","N",71,3,"2 ",NA,NA,NA,NA,NA,NA,NA,NA,NA,NA,NA,"3 ",NA,NA,2,"2 ",NA,"2 ",NA,"3 "
"1204",39112,8239,7205,70601,"1","32","v5","N",71,4,"2 ",NA,NA,NA,NA,NA,NA,NA,NA,NA,NA,NA,"1 ","2 ","14 ",5,"2 ",NA,"2 ",NA,"3 "
"1205",39113,8239,7205,70601,"1","32","v5","N",71,5,"2 ",NA,NA,NA,NA,NA,NA,NA,NA,NA,NA,NA,"1 ","2 ","13 ",4,"2 ",NA,"2 ",NA,"3 "
"1206",39128,8244,7105,70601,"1","34","v5","N",71,3,"1 ",1,NA,NA,NA,NA,NA,NA,NA,NA,"719341711","0","1 ","2 ","13 ",4,"1 ",1,"1 ",4,"3 "
"1207",39129,8244,7105,70601,"1","34","v5","N",71,4,"1 ",1,NA,NA,NA,NA,NA,NA,NA,NA,"731180892","0","1 ","2 ","13 ",3,"2 ",3,"2 ",NA,"3 "
"1208",39130,8244,7105,70601,"1","34","v5","N",71,5,"1 ",1,NA,NA,NA,NA,NA,NA,NA,NA,"732486410","0","1 ","3 ","2 ",NA,"2 ",NA,"2 ",NA,"3 "
"1209",39172,8253,7205,70601,"1","38","v5","N",71,3,"2 ",NA,NA,NA,NA,NA,NA,NA,NA,NA,NA,NA,"1 ","3 ","12 ",NA,"1 ",1,"1 ",2,"3 "
"1210",39173,8253,7205,70601,"1","38","v5","N",71,4,"2 ",NA,NA,NA,NA,NA,NA,NA,NA,NA,NA,NA,"1 ","3 ","7 ",NA,"1 ",1,"1 ",2,"3 "
"1211",39174,8253,7205,70601,"1","38","v5","N",71,5,"2 ",NA,NA,NA,NA,NA,NA,NA,NA,NA,NA,NA,"1 ","3 ","2 ",NA,"1 ",1,"1 ",2,"3 "
"1212",39292,8274,7105,70601,"1","34","v5","N",72,7,"2 ",NA,NA,NA,NA,NA,NA,NA,NA,NA,NA,NA,"1 ","3 ","14 ",NA,"1 ",1,"1 ",2,"3 "
"1213",39303,8276,7205,70601,"1","35","v5","N",72,4,"2 ",NA,NA,NA,NA,NA,NA,NA,NA,NA,NA,NA,"1 ","3 ","6 ",NA,"2 ",NA,"1 ",2,"3 "
"1214",39308,8277,7105,70601,"1","36","v5","N",72,3,"1 ",1,NA,NA,NA,NA,NA,NA,NA,NA,"007123104","0","1 ","3 ","8 ",NA,"1 ",1,"1 ",2,"3 "
"1215",39309,8277,7105,70601,"1","36","v5","N",72,4,"1 ",1,NA,NA,NA,NA,NA,NA,NA,NA,"006609562","0","1 ","3 ","5 ",NA,"1 ",1,"1 ",2,"3 "
"1216",39310,8277,7105,70601,"1","36","v5","N",72,5,"1 ",1,NA,NA,NA,NA,NA,NA,NA,NA,"0","0","3 ",NA,NA,NA,"3 ",NA,"3 ",NA,"3 "
"1217",39313,8278,7205,70601,"1","37","v5","N",72,3,"2 ",NA,NA,NA,NA,NA,NA,NA,NA,NA,NA,NA,"1 ","3 ","7 ",NA,"1 ",1,"1 ",2,"3 "
"1218",39314,8278,7205,70601,"1","37","v5","N",72,4,"2 ",NA,NA,NA,NA,NA,NA,NA,NA,NA,NA,NA,"1 ","3 ","3 ",NA,"1 ",1,"1 ",2,"3 "
"1219",39316,8278,7205,70601,"1","37","v5","N",72,6,"2 ",NA,NA,NA,NA,NA,NA,NA,NA,NA,NA,NA,"1 ","3 ","2 ",NA,"1 ",1,"1 ",2,"3 "
