"","ID","total_hh_income","net_farm_income","net_remittance_received","cash_assistance_received","total_non_agri_income","rent_annual","other_income_annual","total_income","total_food_annual","net_expense_education","total_cost_chronic_inpatient","total_cost_chronic_outpatient","total_cost_acute","reported_oop","reimbursed_amount","total_health_cost","total_expenditure","income_expenditure_ratio"
"1",651,46500,0,0,0,0,0,0,46500,254800,0,0,0,0,25000,5000,0,254800,0.182496075353218
"2",660,0,-35200,420000,130800,0,0,0,515600,195260,34500,0,0,910,0,0,910,230670,2.23522781462696
"3",662,6e+05,0,0,0,0,0,0,6e+05,273260,0,0,0,0,20000,0,0,273260,2.19571104442655
"4",683,318000,0,0,0,0,0,1000,319000,115440,45000,0,0,0,0,0,0,160440,1.98828222388432
"5",685,293000,0,0,0,0,0,500,293500,216840,187800,0,0,0,0,0,0,404640,0.725336101225781
"6",694,0,-300,1500000,0,0,0,0,1499700,109200,5450,0,600,0,0,0,600,115250,13.0125813449024
"7",695,0,-45000,0,0,0,0,0,-45000,209300,0,0,0,0,6000,0,0,209300,-0.215002388915432
"8",696,0,0,0,36000,0,0,0,36000,228800,0,0,0,0,5000,0,0,228800,0.157342657342657
"9",700,0,-46900,0,96000,0,0,0,49100,336908,0,0,21766,0,13000,0,21766,358674,0.136893111850873
"10",702,904000,-66700,0,0,12200,0,813800,1663300,295100,39300,0,0,0,10000,0,0,334400,4.97398325358852
"11",709,70000,-19600,0,24000,188000,0,0,262400,114920,0,0,5200,0,40000,15000,5200,120120,2.18448218448218
"12",723,0,50000,9e+05,0,0,0,3500,953500,307320,0,0,27000,0,70000,2000,27000,334320,2.85205790859057
"13",733,572000,0,0,0,0,0,0,572000,365300,76700,0,0,300,12000,0,300,442300,1.29323988243274
"14",735,1011400,0,2e+05,0,0,90000,6000,1307400,256360,37700,0,0,0,0,0,0,294060,4.44603142215874
"15",736,261000,76350,0,48000,0,0,35700,421050,277680,0,0,0,0,9000,0,0,277680,1.51631374243734
"16",746,17500,-1050,0,136000,0,0,600,153050,237380,25780,0,5600,0,7000,0,5600,268760,0.569467182616461
"17",748,0,0,0,0,25000,0,1500,26500,225160,50000,0,0,0,0,0,0,275160,0.0963076028492513
"18",752,1900000,695600,-4050000,0,0,0,6000,-1448400,578188,222100,0,1347240,250,1300000,180000,1347490,2147778,-0.674371373577716
"19",762,0,0,0,48000,0,204000,204000,456000,586560,127346,0,50600,0,1e+05,0,50600,764506,0.596463598716034
"20",768,455000,6000,1400000,0,48000,0,3e+05,2209000,461760,114500,0,1200,0,6e+06,0,1200,577460,3.82537318602154
"21",770,0,51100,0,0,0,0,2000,53100,191360,29000,0,0,0,312000,120000,0,220360,0.240969322926121
"22",800,945500,0,0,0,0,0,1e+05,1045500,217360,57600,0,0,0,50000,25000,0,274960,3.80237125400058
"23",829,0,0,0,0,97080,0,0,97080,138320,0,0,7350,0,50000,0,7350,145670,0.666437838951054
"24",839,480000,0,0,0,0,0,331,480331,224120,74600,0,0,600,1000,0,600,299320,1.60474074569023
"25",840,0,85201,60000,0,0,0,0,145201,890552,200,0,0,1500,0,0,1500,892252,0.162735415555247
"26",841,155400,35351,0,0,0,0,0,190751,227344,0,0,2320,0,80000,20000,2320,229664,0.830565521805768
"27",842,44000,8301,0,0,0,0,0,52301,421200,0,0,0,610,0,0,610,421810,0.123991844669401
"28",855,0,6552,480000,38500,0,0,0,525052,185120,0,0,0,0,1000,0,0,185120,2.83627917026793
"29",856,0,-9500,7e+05,96000,0,0,0,786500,273520,0,0,0,0,70000,0,0,273520,2.8754752851711
"30",857,0,56501,0,0,0,0,0,56501,283920,0,0,15000,0,15000,0,15000,298920,0.18901712832865
"31",861,0,28350,47000,48000,0,0,8400,131750,254488,0,0,19960,0,60000,10000,19960,274448,0.480054509415263
"32",862,0,164520,3640000,0,2733000,0,0,6537520,415740,0,4000,40780,0,180000,11000,44780,460520,14.1959524016329
"33",864,0,20200,0,96000,1200,0,0,117400,454220,92000,4500,31500,0,57500,47000,36000,582220,0.201641990999966
"34",867,5543000,12500,0,33000,-18000,0,0,5570500,327080,0,0,8750,0,40000,0,8750,335830,16.5872614120239
"35",876,0,244250,0,0,96000,0,0,340250,346320,0,0,0,600,7e+05,1e+05,600,346920,0.980773665398363
"36",877,0,-20400,0,36000,17500,0,0,33100,229840,0,0,0,0,0,0,0,229840,0.144013226592412
"37",878,0,68000,-1600000,96000,0,0,720000,-716000,602680,0,0,13200,600,5000,0,13800,616480,-1.16143264988321
"38",879,80000,-102400,-50000,0,0,18000,644750,590350,213200,185500,0,29150,0,30000,0,29150,427850,1.37980600677808
"39",889,288000,-498,0,0,0,0,0,287502,236132,34650,9225,9225,0,45000,0,18450,289232,0.994018642473862
"40",890,60000,-100,-1e+05,0,720000,0,6000,685900,320580,31160,0,0,0,24000,0,0,351740,1.95001990106329
"41",894,0,-35000,-750000,48000,-386000,120000,445210,-557790,588120,119000,0,4500,0,50000,0,4500,711620,-0.783831258255811
"42",906,0,0,0,0,0,0,22000,22000,279240,69000,0,0,0,9000,7000,0,348240,0.0631748219618654
"43",907,895000,0,-1200000,0,80000,336000,391500,502500,353600,0,0,15000,0,15000,0,15000,368600,1.36326641345632
"44",909,495000,0,0,24000,33000,0,85000,637000,1072240,0,0,120000,9000,135000,0,129000,1201240,0.530285371782491
"45",911,0,51800,-3500000,0,0,3e+06,345800,-102400,387660,0,0,0,0,170500,14000,0,387660,-0.264148996543363
"46",914,5445000,0,0,0,0,0,3000,5448000,187200,0,0,415500,40,3e+05,20000,415540,602740,9.03872316421674
"47",920,0,0,-2977000,48000,113200,0,0,-2815800,204880,0,0,0,0,5e+05,0,0,204880,-13.743654822335
"48",938,0,0,0,96000,0,0,625000,721000,238940,0,0,7200,2200,0,0,9400,248340,2.90327776435532
"49",993,0,2e+05,0,48000,0,108000,10000,366000,364624,57200,0,182300,0,150000,0,182300,604124,0.605835887996504
"50",1001,2089000,0,0,0,0,0,45000,2134000,852800,0,0,113200,0,1050000,5,113200,966000,2.20910973084886
"51",1003,1254040,0,0,0,0,0,110095,1364135,3484000,0,0,1500,0,50000,35000,1500,3485500,0.391374264811361
"52",1011,0,0,0,0,137000,0,0,137000,244140,47240,0,0,0,3000,0,0,291380,0.470176401949345
"53",1013,363000,-26200,480000,0,0,0,0,816800,244400,49700,0,0,0,10000,0,0,294100,2.77728663719823
"54",1021,266400,19250,15500,0,57600,0,7000,365750,147160,0,25820,50105,0,1e+05,550,75925,223085,1.63950960396262
"55",1031,0,15800,6e+05,0,0,0,5000,620800,477360,70000,0,0,0,1e+05,0,0,547360,1.134171294943
"56",1037,19500,4300,0,36000,0,0,100,59900,335920,34000,0,0,750,30000,40000,750,370670,0.161599266193649
"57",1045,880000,0,0,52500,0,0,3000,935500,667680,3500,0,0,0,2e+05,0,0,671180,1.39381388003218
"58",1069,0,0,0,48000,483000,120000,0,651000,513240,27008,0,2400,800,0,0,3200,543448,1.19790669944503
"59",1071,0,0,0,0,388800,0,27000,415800,458640,19900,0,0,0,0,0,0,478540,0.868892882517658
"60",1073,440000,0,0,0,0,0,14200,454200,301080,116000,0,0,500,500,0,500,417580,1.08769577087025
"61",1078,0,-33850,0,48000,0,0,46500,60650,241800,8000,0,17760,0,20000,40000,17760,267560,0.226678128270295
"62",1090,0,17000,0,0,-276000,0,144500,-114500,764400,222000,0,0,0,310000,0,0,986400,-0.116078669910787
"63",1095,0,252000,-350000,0,204000,0,22000,128000,228800,72250,0,8120,370,50000,0,8490,309540,0.413516831427279
"64",1105,216500,1434500,2480000,0,0,0,10000,4141000,458640,0,0,0,500,80000,120000,500,459140,9.01903558827373
"65",1297,0,-26400,715000,0,0,0,100,688700,139100,0,0,0,1400,15000,5000,1400,140500,4.9017793594306
"66",1302,0,82600,-50000,0,0,0,200,32800,228800,80600,0,0,1860,80000,50000,1860,311260,0.105378140461351
"67",1311,180000,45100,0,0,0,0,0,225100,182780,9000,0,40100,5350,70000,0,45450,237230,0.948868186991527
"68",1427,0,0,1300000,0,0,0,204000,1504000,527696,900,0,0,0,13000,10400,0,528596,2.8452731386541
"69",1451,0,0,725000,0,0,0,0,725000,315640,43200,0,0,0,15000,0,0,358840,2.02039906364954
"70",1455,437726,0,0,48000,0,0,0,485726,433160,0,0,0,0,25000,20000,0,433160,1.12135469572444
"71",1463,250000,6300,620000,48000,0,0,0,924300,218660,46800,0,0,0,35000,0,0,265460,3.4818805093046
"72",1471,0,1495400,5e+05,0,0,0,300,1995700,226720,0,0,7020,0,20000,11000,7020,233740,8.53811927783007
"73",1524,888000,-3998,0,0,0,0,725000,1609002,281320,27300,0,0,0,2e+05,2e+05,0,308620,5.21353768388309
"74",1529,452000,4000,-80000,0,0,0,20000,396000,234000,11700,0,0,0,7500,0,0,245700,1.61172161172161
"75",1531,426000,105000,-5e+05,0,0,0,0,31000,487500,28850,0,0,0,3500,0,0,516350,0.060036796746393
"76",1535,0,0,0,0,0,0,400,400,163020,23000,0,0,0,2e+05,0,0,186020,0.00215030641866466
"77",1537,1909000,39000,0,6000,0,0,150000,2104000,179504,44600,0,25100,0,6100,0,25100,249204,8.44288213672333
"78",1539,84000,0,0,48000,0,0,0,132000,67080,-7700,0,0,1000,1500,0,1000,60380,2.18615435574694
"79",1540,50000,34000,-50000,0,0,0,600,34600,201812,0,0,0,0,0,12000,0,201812,0.171446692961766
"80",1542,2280000,97650,-2975000,0,0,0,384005,-213345,369200,0,0,600,0,0,1200,600,369800,-0.576919956733369
"81",1544,20000,18500,-3e+05,48000,0,0,5,-213495,212680,6000,0,4400,0,3000,0,4400,223080,-0.95703335126412
"82",1556,508000,0,-70000,48000,0,180000,15000,681000,307320,162600,0,90000,400,138000,30000,90400,560320,1.21537692747002
"83",1558,15000,0,0,0,216100,0,0,231100,364260,0,0,0,0,3000,0,0,364260,0.634436940646791
"84",1596,142000,-16500,0,0,50000,0,0,175500,252200,700,0,0,0,90000,0,0,252900,0.693950177935943
"85",1602,36000,77900,0,0,148000,0,3000,264900,386360,17000,0,0,0,5000,0,0,403360,0.656733439111464
"86",1611,120000,0,0,0,0,0,32000,152000,539760,119000,0,14340,30,20000,5000,14370,673130,0.225810764636846
"87",1626,0,-23900,20000,0,0,0,500,-3400,109980,0,0,7500,555,10000,15000,8055,118035,-0.0288050154615157
"88",1628,0,2,5e+05,0,0,0,500,500502,280800,162200,0,0,0,50000,50000,0,443000,1.12980135440181
"89",1630,180000,0,0,0,0,0,3000,183000,65000,19700,0,0,0,0,0,0,84700,2.16056670602125
"90",1652,0,40500,0,0,0,0,0,40500,460200,14500,0,12700,0,1200,2500,12700,487400,0.0830939679934345
"91",1653,65000,-58000,-206000,30000,0,0,0,-169000,169000,0,0,0,0,1200,0,0,169000,-1
"92",1657,198000,0,0,6000,0,0,0,204000,282360,-4300,0,0,0,2000,0,0,278060,0.73365460691937
"93",1659,0,-13500,0,0,0,0,400,-13100,127400,0,0,0,1600,5000,500,1600,129000,-0.101550387596899
"94",1663,240000,-4500,0,48000,0,0,5000,288500,259220,44900,0,0,0,0,0,0,304120,0.948638695251874
"95",1665,729000,-139700,-360000,2200,0,0,5,231505,304460,-450,0,0,1300,2800,0,1300,305310,0.758262094264846
"96",1682,24000,-500,-198000,6000,0,0,0,-168500,167856,27300,5200,5700,500,2200,2750,11400,206556,-0.815759406650013
"97",1698,76000,-3150,0,48000,0,0,0,120850,237120,16100,0,1200,0,4000,0,1200,254420,0.475001965254304
"98",1704,855636,-6000,-260000,6000,0,0,155452,751088,96720,0,358025,95025,0,378025,75000,453050,549770,1.36618585954126
"99",1768,0,0,2e+06,0,0,0,851200,2851200,240656,0,0,8900,0,15000,15000,8900,249556,11.4250909615477
"100",1770,0,29800,0,0,78000,0,0,107800,207480,73950,0,2000,0,11000,35000,2000,283430,0.380340824895036
"101",1783,0,-8735,30000,48000,0,0,271400,340665,175760,0,0,0,0,10000,0,0,175760,1.93823964497041
"102",1785,145000,-35900,0,48000,0,0,543500,700600,356200,80150,0,0,0,0,0,0,436350,1.60559184141171
"103",1787,666760,-20750,0,0,595000,0,600,1241610,1117480,63200,0,19600,7800,1e+05,10000,27400,1208080,1.02775478445136
"104",1788,360000,-14000,0,0,30000,0,9000,385000,406640,258000,0,29370,0,50000,0,29370,694010,0.554747049754326
"105",1791,0,105800,0,48000,10000,0,60000,223800,917280,26000,0,0,0,20000,0,0,943280,0.237257230090747
"106",1799,0,-9100,3e+05,0,-5e+05,24000,59900,-125200,359320,100800,0,0,0,20000,0,0,460120,-0.272102929670521
"107",1801,5e+05,0,0,0,110000,0,0,610000,151320,19500,0,5760,0,7000,0,5760,176580,3.45452486125269
"108",1803,250000,-1616,480000,0,0,0,36400,764784,170768,0,0,4544,0,8000,0,4544,175312,4.36241671990508
"109",1866,0,158260,6e+05,0,0,0,100,758360,160732,68200,0,8000,0,45000,105000,8000,236932,3.20074958215859
"110",1878,195000,0,0,48000,108000,240000,60000,651000,761280,312600,0,123300,0,150000,20000,123300,1197180,0.543777878013331
"111",1903,0,-46250,0,0,0,0,36000,-10250,234000,48000,67000,67000,0,61000,0,134000,416000,-0.0246394230769231
"112",1916,165000,0,0,0,0,336000,11000,512000,265200,132500,0,0,0,2163,25000,0,397700,1.2874025647473
"113",1935,159000,-1800,0,0,0,0,9600,166800,264628,11300,0,0,0,10000,1295,0,275928,0.60450552317996
"114",1937,0,-22000,455000,0,0,0,26700,459700,152256,0,0,49370,0,40000,8000,49370,201626,2.27996389354548
"115",1945,342080,0,0,48000,0,0,67000,457080,898820,22500,80050,22950,0,105000,0,103000,1024320,0.446227741330834
"116",1965,3471000,30000,0,0,0,0,270000,3771000,620620,0,0,36220,0,110000,30000,36220,656840,5.74112417026978
"117",1966,630000,0,0,0,0,240000,16000,886000,405080,91200,0,0,0,21000,14000,0,496280,1.78528250181349
"118",1982,0,-1100,0,0,0,0,0,-1100,253240,0,0,70480,500,80000,0,70980,324220,-0.00339275800382456
"119",1987,1070500,0,0,1e+05,0,264000,35000,1469500,912080,0,0,100500,0,160000,18000,100500,1012580,1.45124335854945
"120",1988,50000,0,0,0,0,240000,37500,327500,341640,0,0,67925,0,41000,17000,67925,409565,0.799628874537619
"121",1991,0,124000,0,0,155000,0,8,279008,426244,46950,10495,15445,2900,3e+05,0,28840,502034,0.55575518789564
"122",1992,809000,0,0,0,0,0,0,809000,150280,50600,0,7168,2310,35000,600006,9478,210358,3.84582473687713
"123",1993,8e+05,0,0,0,0,0,0,8e+05,300560,0,0,0,10,5000,0,10,300570,2.66160960841069
"124",1998,384000,-42500,1e+06,0,14000,0,2000,1357500,880880,64000,0,0,0,150000,0,0,944880,1.43669037338075
"125",1999,761000,-23000,0,0,0,0,30000,768000,289640,0,0,0,0,30000,20000,0,289640,2.65156746305759
"126",2003,5600,-41900,185000,120000,0,0,500,269200,369720,0,0,110310,0,117200,20000,110310,480030,0.560798283440618
"127",2027,0,4201,3e+05,0,0,0,4000,308201,383240,0,0,70500,0,72000,0,70500,453740,0.679245823599418
"128",2034,0,-44650,0,7000,0,0,0,-37650,288600,29000,225000,224000,0,0,0,449000,766600,-0.0491129663448996
"129",2037,158000,96500,510000,0,0,0,0,764500,313040,1800,0,600,0,30000,0,600,315440,2.4235987826528
"130",2038,0,0,0,0,0,120000,260000,380000,288600,47700,0,0,0,40000,0,0,336300,1.12994350282486
"131",2050,6000,9600,40000,0,0,0,0,55600,192400,26300,58000,35000,0,3e+05,15000,93000,311700,0.178376644209175
"132",2055,0,8150,0,0,0,0,0,8150,456560,0,0,101500,0,1e+05,0,101500,558060,0.0146041644267641
"133",2057,398000,-13950,0,0,0,12000,0,396050,233480,0,0,0,0,150000,0,0,233480,1.69629090286106
"134",2059,860500,23881,0,0,0,0,15600,899981,326820,0,0,0,0,50000,0,0,326820,2.75375130041001
"135",2074,0,0,12000,0,0,504000,479000,995000,620880,77000,0,8000,0,8000,0,8000,705880,1.40958803196011
"136",2075,272000,0,0,0,0,0,221000,493000,283400,165500,0,0,0,2e+05,0,0,448900,1.09824014257073
"137",2076,1643000,0,0,0,0,0,0,1643000,442000,70200,0,0,0,30000,4000,0,512200,3.20773135493948
"138",2114,680800,-72900,-60000,96000,0,0,4500,648400,457080,19150,0,147600,0,2e+05,140000,147600,623830,1.03938573008672
"139",2126,727500,0,0,0,0,0,2000,729500,161200,30850,0,0,0,7000,0,0,192050,3.7984899765686
"140",2131,0,50000,0,0,0,0,0,50000,679120,0,0,0,0,150000,0,0,679120,0.0736246907762987
"141",2132,3e+05,0,0,0,0,240000,28800,568800,582452,97500,0,0,0,70000,45000,0,679952,0.836529637386168
"142",2133,1e+05,0,0,0,0,0,13950,113950,557960,248110,0,0,0,55000,0,0,806070,0.141364893867778
"143",2134,0,0,0,0,552000,0,5000,557000,619060,138600,0,0,0,60000,0,0,757660,0.735158250402555
"144",2135,0,-7500,300600,0,0,0,0,293100,235560,80,0,0,2250,40000,0,2250,237890,1.23208205473118
"145",2136,117000,0,0,0,0,0,5000,122000,239720,137000,0,30850,0,40000,0,30850,407570,0.299335083543931
"146",2163,0,0,0,0,1e+05,0,0,1e+05,268320,29500,0,0,550,8000,0,550,298370,0.335154338572913
"147",2164,395000,0,0,6000,0,0,1000,402000,241800,64900,0,0,0,10000,0,0,306700,1.31072709488099
"148",2166,0,-28900,-7000,48000,0,0,0,12100,386880,0,0,0,12150,20000,0,12150,399030,0.0303235345713355
"149",2167,355000,-15100,265000,0,0,0,2000,606900,348400,0,0,0,0,3000,0,0,348400,1.74196326061998
"150",2187,0,0,0,0,6000,0,0,6000,91780,0,0,2244,0,752,3062,2244,94024,0.0638134944269548
"151",2201,471700,400450,0,0,0,0,13333,885483,1066520,0,0,0,0,20000,0,0,1066520,0.830254472489967
"152",2204,435176,-9792,0,0,0,0,1000,426384,172068,28400,0,0,0,6000,0,0,200468,2.12694295348884
"153",2219,284000,-40000,0,0,0,0,0,244000,846040,101400,0,6768,0,7000,0,6768,954208,0.255709446996881
"154",2221,85000,2600,997500,48000,0,0,243199,1376299,226980,92350,150500,317600,0,450000,0,468100,787430,1.74783663309755
"155",2222,0,0,-70000,0,-820000,0,5000,-885000,338000,25500,0,0,0,20000,0,0,363500,-2.43466299862448
"156",2223,0,-23216,7e+05,0,0,0,6000,682784,219908,0,0,18544,0,35000,21000,18544,238452,2.86340227802661
"157",2225,480000,5600,0,48000,0,0,2000,535600,528736,63120,0,19920,0,0,0,19920,611776,0.875483837221467
"158",2227,0,-10450,0,48000,0,0,505400,542950,209560,0,0,3800,70,8000,0,3870,213430,2.54392540879914
"159",2229,2425000,-950,0,96000,240000,0,61250,2821300,521196,0,0,19350,0,30000,0,19350,540546,5.21935228454193
"160",2231,1435000,0,0,0,0,0,0,1435000,1444560,83000,0,213550,24000,20000,0,237550,1765110,0.81298049413351
"161",2234,16000,351970,0,0,0,0,346160,714130,187200,0,0,34200,0,36000,0,34200,221400,3.22551942186089
"162",2235,0,6700,0,0,0,0,1440,8140,270140,0,0,45639,0,50000,0,45639,315779,0.0257775216211338
"163",2236,112000,-1600,6e+05,32000,0,0,700,743100,242840,10600,0,120800,0,110400,0,120800,374240,1.98562419837537
"164",2237,200500,0,0,48000,0,0,0,248500,67600,0,0,2640,0,3000,0,2640,70240,3.5378701594533
"165",2244,467000,0,0,0,0,0,11500,478500,152880,0,0,0,0,12000,9000,0,152880,3.12990580847724
"166",2248,0,0,0,0,0,0,41500,41500,1014416,414500,66925,27035,0,1e+05,0,93960,1522876,0.0272510696865667
"167",2249,0,0,0,0,0,0,0,0,232960,135600,0,0,0,50000,0,0,368560,0
"168",2252,0,-41000,0,0,196000,0,0,155000,82680,0,0,0,0,0,0,0,82680,1.87469762941461
"169",2253,1325000,0,0,0,0,0,4,1325004,445016,125000,0,5550,0,15000,5000,5550,575566,2.30208872657523
"170",2254,0,0,4e+05,0,0,0,135000,535000,250952,0,0,496100,0,454000,34000,496100,747052,0.716148273480293
"171",2255,825500,0,0,48000,0,420000,0,1293500,763880,0,0,38900,350,40000,0,39250,803130,1.61057363067
"172",2256,0,0,0,0,1485600,0,62000,1547600,232440,207000,0,0,1050,5000,0,1050,440490,3.51336012168267
"173",2257,2500000,0,-5467000,48000,1800000,0,25000,-1094000,504660,0,75950,161825,0,165775,0,237775,742435,-1.47352966926398
"174",2258,0,0,-2340000,0,1782000,0,50000,-508000,426660,0,0,5800,0,5780,0,5800,432460,-1.17467511446145
"175",2264,360000,0,0,0,0,0,3,360003,170300,0,71500,143000,0,285000,1e+05,214500,384800,0.935558731808732
"176",2271,0,0,0,48000,0,0,40000,88000,187200,0,0,3290,375,35000,3000,3665,190865,0.461058863594687
"177",2272,0,0,0,0,54000,0,10,54010,247000,0,0,0,0,0,0,0,247000,0.218663967611336
"178",2274,195000,0,0,25600,0,0,0,220600,305760,59700,0,0,350,5000,0,350,365810,0.603045296738744
"179",2276,595000,0,0,96000,0,0,50000,741000,540540,281100,7200,79785,0,25000,5000,86985,908625,0.815517952950887
"180",2277,0,76550,0,24000,6000,0,720,107270,309400,65000,0,225990,260,50000,0,226250,600650,0.178589860983934
"181",2289,0,-17300,0,48000,0,0,0,30700,111800,0,0,560,0,2000,0,560,112360,0.273228907084372
"182",2290,460000,21250,0,0,0,0,1000,482250,178880,110700,0,7440,0,6000,0,7440,297020,1.62362803851592
"183",2313,390000,-5300,0,72000,0,0,0,456700,244920,22450,0,3600,26750,90000,0,30350,297720,1.53399167002553
"184",2373,472000,0,0,0,205000,420000,6200,1103200,685360,90000,0,0,0,2000,0,0,775360,1.42282294676021
"185",2390,2102600,0,0,0,0,0,4000,2106600,548860,160000,0,0,0,40000,8000,0,708860,2.97181389837203
"186",2393,3600,-3550,495000,24000,0,0,0,519050,170820,16400,0,0,0,1000,0,0,187220,2.77240679414592
"187",2394,223000,-4620,0,0,0,0,0,218380,281580,0,0,0,0,0,0,0,281580,0.775552240926202
"188",2397,522000,-13500,0,0,0,0,700,509200,114140,0,0,0,0,800,3200,0,114140,4.46118801471877
"189",2398,305000,0,2e+05,0,0,0,0,505000,252980,34200,0,0,0,10000,800,0,287180,1.75847900271607
"190",2401,190000,9500,0,0,0,0,0,199500,142740,4650,0,0,0,5000,0,0,147390,1.35355180134337
"191",2409,15750,12100,3e+05,0,0,0,0,327850,249600,25980,0,49300,113348,15984,150000,162648,438228,0.748126545998886
"192",2411,205000,-4998,130000,0,60000,24000,250000,664002,152880,35600,1635,56710,0,58000,15845,58345,246825,2.69017319963537
"193",2415,0,1700,4e+05,1000,0,0,0,402700,202020,30630,0,0,4700,30000,0,4700,237350,1.69665051611544
"194",2419,0,-8500,117000,72000,13065,0,4800,198365,235820,0,0,20500,0,20000,0,20500,256320,0.773895911360799
"195",2420,182000,3220,0,6400,14300,0,1600,207520,270920,11000,0,0,0,12000,0,0,281920,0.736095346197503
"196",2424,2e+05,29500,4e+05,48000,0,0,140000,817500,296400,62740,0,0,0,0,0,0,359140,2.27627109205324
"197",2427,837410,-44300,-9e+05,0,9500,0,7000,-90390,692120,0,0,35000,0,40000,0,35000,727120,-0.124312355594675
"198",2434,150000,-12000,442600,0,45000,0,120000,745600,255320,18000,0,0,0,7000,0,0,273320,2.72793794819259
"199",2436,38000,-27800,65000,0,0,0,1000,76200,468260,18200,0,42100,0,140000,0,42100,528560,0.144165279249281
"200",2437,0,-2300,0,96000,0,0,17000,110700,194480,0,0,1020,0,20,0,1020,195500,0.566240409207161
"201",2438,24800,3500,96000,0,0,0,30500,154800,365560,26580,0,0,0,500,0,0,392140,0.394756974549906
"202",2441,940000,0,0,0,310000,0,92500,1342500,907296,110700,0,0,0,20000,0,0,1017996,1.31876746077588
"203",2442,830000,0,-220000,0,0,0,1000,611000,113100,27400,0,1400,0,1e+05,3e+05,1400,141900,4.30584918957012
"204",2443,273480,21500,0,240,0,0,0,295220,87100,-4600,0,0,0,10000,0,0,82500,3.57842424242424
"205",2444,0,40500,0,40000,0,0,0,80500,148460,0,0,0,0,10000,0,0,148460,0.54223359827563
"206",2449,25500,16302,654500,24000,0,0,3510,723812,259480,8450,0,0,0,0,0,0,267930,2.70149665957526
"207",2451,569000,110651,0,51200,14500,0,3500,748851,441896,12700,0,36680,0,6000,0,36680,491276,1.52429795064282
"208",2455,720000,23410,-61000,0,50000,0,2e+05,932410,1441960,4040,0,0,0,7000,0,0,1446000,0.644820193637621
"209",2457,207500,37200,197500,0,2e+05,0,1e+05,742200,447096,0,0,0,0,17000,0,0,447096,1.6600461645821
"210",2459,29490,5152,272800,0,0,0,25500,332942,178100,13690,0,52245,60,50,0,52305,244095,1.36398533357914
"211",2474,0,0,0,0,1735000,0,85000,1820000,317200,89800,0,0,0,0,0,0,407000,4.47174447174447
"212",2476,93600,40900,4e+05,0,0,0,0,534500,208520,22900,0,0,0,0,0,0,231420,2.30965344395471
"213",2481,5e+06,-2350,8e+05,106000,0,0,100,5903750,200200,40900,0,36800,0,1e+05,6000,36800,277900,21.2441525728679
"214",2497,271000,20000,0,0,0,0,0,291000,191100,95000,0,0,0,25000,0,0,286100,1.01712687871374
"215",2499,367900,36450,0,0,0,0,0,404350,423072,14520,0,0,0,4000,3200,0,437592,0.924034260224136
"216",2501,833000,60000,0,60000,0,0,13000,966000,358020,0,0,0,0,8000,0,0,358020,2.69817328640858
"217",2502,729000,0,0,0,0,0,10000,739000,332020,59800,0,0,0,10000,0,0,391820,1.88607013424532
"218",2505,0,0,0,132000,0,0,217000,349000,169000,0,0,36810,160,36000,0,36970,205970,1.69442151769675
"219",2507,56000,-16900,0,48000,0,0,0,87100,133640,0,0,27400,0,30000,0,27400,161040,0.540859413810234
"220",2508,347000,13508,0,48000,0,0,4000,412508,244400,1500000,0,0,0,10000,0,0,1744400,0.236475578995643
"221",2511,1553500,-118000,-3e+05,0,0,0,121200,1256700,1669200,83400,0,24400,0,2e+05,0,24400,1777000,0.707203151378728
"222",2512,30000,-35390,0,48000,0,0,50,42660,56420,0,0,2140,1870,4000,0,4010,60430,0.705940757901704
"223",2513,328300,-43800,0,4400,0,0,0,288900,308360,0,0,26400,280,60000,0,26680,335040,0.862285100286533
"224",2520,30000,0,0,0,95000,0,10500,135500,486980,138500,0,0,0,7000,0,0,625480,0.216633625375711
"225",2521,6e+05,0,6e+05,0,0,3e+05,264000,1764000,303316,493200,120000,21560,19300,150000,65000,160860,957376,1.84253626579317
"226",2522,0,-11500,0,0,56000,144000,560000,748500,273624,0,0,78415,20,134465,12000,78435,352059,2.12606409721098
"227",2523,0,0,0,0,174000,0,0,174000,313040,118000,0,0,0,2000,10000,0,431040,0.403674832962138
"228",2530,0,-4000,6e+05,64000,159500,0,1500,821000,413400,157000,0,24100,0,30000,22000,24100,594500,1.38099243061396
"229",2531,942000,0,925000,64000,0,120000,0,2051000,691600,181600,0,15651,0,10000,15000,15651,888851,2.3074733560518
"230",2532,0,0,450000,96000,-81200,0,16500,481300,479440,192000,0,43500,0,43500,0,43500,714940,0.673203345735306
"231",2537,684508,0,1200000,0,0,0,750,1885258,229060,0,0,0,0,25000,4000,0,229060,8.23041124596176
"232",2540,0,0,0,0,280400,420000,5000,705400,882960,0,0,53000,0,50000,0,53000,935960,0.753664686525065
"233",2543,45270,173000,0,10250,50000,36000,22503,337023,117520,0,0,0,0,0,0,0,117520,2.86779271613342
"234",2545,337000,18400,0,0,0,0,700,356100,153660,23000,0,0,0,0,2950,0,176660,2.01573644288464
"235",2547,238000,32075,41000,0,0,0,0,311075,85176,0,0,0,0,5000,4500,0,85176,3.65214379637457
"236",2549,74000,82700,80000,0,0,0,0,236700,141440,0,0,0,0,3500,0,0,141440,1.67350113122172
"237",2551,0,854900,0,0,0,0,0,854900,254280,31600,0,0,0,2500,0,0,285880,2.99041555897579
"238",2553,891000,3700,0,14152,0,0,500,909352,303940,0,0,0,0,10000,0,0,303940,2.99187997631111
"239",2555,0,255300,0,0,-1215000,0,5000,-954700,151320,34050,0,0,150,3000,0,150,185520,-5.14607589478223
"240",2556,0,80000,0,176000,2270000,180000,110000,2816000,724620,222500,8e+05,184100,0,110000,75000,984100,1931220,1.45814562815215
"241",2558,45000,0,0,48000,256000,0,504000,853000,1050140,113700,0,23800,0,30000,12000,23800,1187640,0.71823111380553
"242",2566,262900,44000,0,0,0,0,0,306900,456560,39300,0,0,0,150000,0,0,495860,0.618924696486912
"243",2571,264000,0,0,0,414270,0,0,678270,453700,22000,0,5600,0,9500,15000,5600,481300,1.40924579264492
"244",2573,228000,0,0,0,0,0,5000,233000,265200,43000,0,0,0,25000,0,0,308200,0.756002595717067
"245",2574,1018500,0,0,48000,0,0,5000,1071500,395200,0,0,0,0,3000,0,0,395200,2.71128542510121
"246",2575,314000,0,0,0,0,0,0,314000,164840,13600,0,0,23000,5000,0,23000,201440,1.55877680698967
"247",2577,291200,210480,0,96000,564000,0,34900,1196580,255840,0,0,62000,0,82060,60,62000,317840,3.76472438963
"248",2579,14000,0,240000,0,0,0,0,254000,90480,24850,0,0,0,1700,0,0,115330,2.20237579120784
"249",2585,132000,-8800,30000,0,0,0,0,153200,112840,0,0,0,500,13000,0,500,113340,1.35168519498853
"250",2587,30000,-18500,90000,36000,0,0,0,137500,100360,0,0,50000,0,50000,0,50000,150360,0.914471934025007
"251",2589,240000,27080,96000,0,0,0,0,363080,283920,7900,0,0,4000,5000,0,4000,295820,1.22736799405044
"252",2591,282000,-4250,80000,24000,0,0,0,381750,148720,0,0,0,0,60000,0,0,148720,2.56690424959656
"253",2593,12000,0,3e+05,0,0,0,0,312000,108680,4050,0,0,0,500,0,0,112730,2.76767497560543
"254",2595,252000,-80600,0,48000,0,0,0,219400,347100,38400,0,14000,0,1e+05,0,14000,399500,0.54918648310388
"255",2597,456000,-70000,90000,48000,0,0,650,524650,153400,25100,0,0,9500,1e+05,0,9500,188000,2.7906914893617
"256",2599,930000,2500,0,91200,0,0,0,1023700,112320,4300,0,11000,0,35000,0,11000,127620,8.02146998902993
"257",2603,9000,-7000,598002,0,0,0,0,600002,119600,0,0,0,15000,15000,0,15000,134600,4.45766716196137
"258",2607,0,-25500,6e+05,0,0,0,0,574500,93600,0,0,33500,0,34500,50000,33500,127100,4.52006294256491
"259",2609,382000,-700,0,48000,0,0,0,429300,309140,0,0,3e+05,0,3e+05,0,3e+05,609140,0.704764093640214
"260",2612,333000,-7500,0,48000,0,0,0,373500,327600,46200,0,0,0,40000,0,0,373800,0.999197431781701
"261",2614,291924000,198400,0,8000,0,0,300,292130700,277680,27550,0,0,5500,0,0,5500,310730,940.143211147942
"262",2616,0,17000,120000,0,0,0,0,137000,165360,0,0,0,400,10000,0,400,165760,0.826496138996139
"263",2618,98700,-3900,-298000,0,0,0,0,-203200,131300,0,0,0,14000,30000,0,14000,145300,-1.39848589125946
"264",2620,0,-6500,255000,34400,0,0,0,282900,85280,16400,0,0,250,8000,0,250,101930,2.7754341214559
"265",2624,510000,283407,0,0,0,0,0,793407,140400,0,0,28800,0,60000,0,28800,169200,4.68916666666667
"266",2626,0,-15500,0,0,0,0,0,-15500,183040,19600,0,0,11000,25000,0,11000,213640,-0.0725519565624415
"267",2628,15000,-7770.5,30000,0,0,0,0,37229.5,126360,33070,0,0,350,5000,0,350,159780,0.233004756540243
"268",2630,905000,192640,0,0,0,0,0,1097640,280280,27500,0,0,550,5000,0,550,308330,3.55995199948108
"269",2633,5e+05,175300,0,48000,0,0,150,723450,196560,311500,0,0,20,12000,6000,20,508080,1.42388993859235
"270",2634,1053460,95040,0,0,0,0,174006,1322506,323336,0,0,0,0,37000,10000,0,323336,4.09019100873395
"271",2635,46000,105100,0,0,0,0,30000,181100,138840,39900,0,0,0,1500,0,0,178740,1.01320353586215
"272",2636,619300,90000,0,0,0,0,7,709307,210080,45300,0,0,0,3000,0,0,255380,2.77745712271909
"273",2637,0,0,0,0,0,0,0,0,356200,58500,0,0,0,10000,15000,0,414700,0
"274",2638,1303000,253300,0,0,0,0,681000,2237300,347880,128166,0,0,0,4000,0,0,476046,4.69975590594186
"275",2639,381000,0,0,0,0,0,7,381007,512200,18870,0,0,0,20000,0,0,531070,0.717432730148568
"276",2640,1814910,30000,0,1000,0,0,0,1845910,428740,24000,0,760,0,650000,6000,760,453500,4.0703638368247
"277",2649,360000,0,0,0,0,0,60000,420000,222820,15900,0,28000,0,28000,0,28000,266720,1.5746850629874
"278",2650,286000,175000,0,0,0,0,12000,473000,250120,99700,0,0,0,40000,0,0,349820,1.35212394945972
"279",2651,0,0,0,96000,-45000,288000,0,339000,341640,115000,0,7280,0,0,0,7280,463920,0.730729436109674
"280",2652,714500,190000,0,0,0,0,311500,1216000,481520,104600,335000,117250,0,470000,0,452250,1038370,1.17106619027899
"281",2656,397500,-42000,60000,6400,0,0,2000,423900,391560,56000,0,0,0,30000,0,0,447560,0.947135579587094
"282",2657,460000,0,0,0,0,0,30200,490200,134160,0,0,0,0,3000,0,0,134160,3.65384615384615
"283",2658,17000,0,6e+05,0,0,0,2500,619500,254280,118700,0,0,0,0,0,0,372980,1.66094696766583
"284",2659,0,0,0,36000,130000,0,900,166900,159640,0,0,0,0,1e+05,0,0,159640,1.04547732397895
"285",2660,360000,6080,1105000,0,0,0,13200,1484280,233740,0,0,600,0,4000,0,600,234340,6.3338738584962
"286",2662,31000,0,0,0,0,0,1500,32500,63960,0,0,0,650,1000,0,650,64610,0.503018108651911
"287",2665,0,201600,-55000,0,0,0,192000,338600,316420,46450,0,0,60,25000,0,60,362930,0.932962279227399
"288",2666,223400,-30425,624000,0,0,0,0,816975,180440,77500,0,0,0,10000,0,0,257940,3.16730635031403
"289",2670,492300,1800,0,0,0,0,15000,509100,260520,53000,0,0,0,0,0,0,313520,1.62381985200306
"290",2671,63600,0,0,0,0,0,1500,65100,162760,39600,0,10000,0,0,0,10000,212360,0.306554906762102
"291",2672,462560,0,-17000,0,0,0,0,445560,165620,0,0,0,0,5000,0,0,165620,2.69025480014491
"292",2677,448500,0,-1400,32000,0,0,1000,480100,295360,30200,0,26930,20,35000,0,26950,352510,1.36194717880344
"293",2679,0,-21450,1500,132000,0,0,252050,364100,170300,0,0,13600,0,30000,0,13600,183900,1.97988036976618
"294",2689,172800,-22400,0,0,0,0,0,150400,200200,75000,0,0,0,15000,0,0,275200,0.546511627906977
"295",2727,411200,0,0,0,84000,0,0,495200,139100,100840,0,0,0,2500,0,0,239940,2.06384929565725
"296",2751,0,0,0,0,0,0,320000,320000,362440,29200,0,0,18900,40000,25000,18900,410540,0.779461197447265
"297",2752,0,0,0,0,0,0,0,0,387660,26700,0,18900,0,20000,0,18900,433260,0
"298",2758,3503000,0,0,0,101000,0,0,3604000,717600,14000,0,2300,6500,0,0,8800,740400,4.86763911399244
"299",2759,256400,0,480000,0,0,0,2000,738400,167960,57500,0,0,0,5000,0,0,225460,3.27508205446642
"300",2781,504000,0,6e+05,0,0,0,2190000,3294000,420940,0,36900,24900,0,49000,8000,61800,482740,6.82354890831504
"301",2782,0,0,0,0,252000,336000,4e+05,988000,406640,290850,0,0,650,4e+05,0,650,698140,1.41518893058699
"302",2783,0,0,0,0,464000,0,60000,524000,416000,169000,0,6100,22400,26800,0,28500,613500,0.854115729421353
"303",2786,174000,-15450,0,48000,145000,0,0,351550,186472,14000,0,0,0,8000,0,0,200472,1.75361147691448
"304",2791,0,7900,230000,0,0,0,0,237900,114400,6701,0,0,70,70,0,70,121171,1.96334106345578
"305",2792,0,2,0,0,0,0,0,2,123032,0,0,0,0,1e+05,0,0,123032,1.62559334156967e-05
"306",2793,0,232250,0,0,0,0,0,232250,197340,10000,0,0,0,7000,0,0,207340,1.12014083148452
"307",2794,64600,0,0,0,0,0,0,64600,770588,0,0,0,0,3500,0,0,770588,0.083832086666286
"308",2795,579000,119000,420000,96000,652000,0,70000,1936000,363740,181200,0,0,0,22000,14000,0,544940,3.55268469923294
"309",2796,366000,174500,0,0,-8000,0,8000,540500,162240,35500,0,0,0,1000,0,0,197740,2.7333872762213
"310",2797,180000,31200,0,0,0,0,0,211200,191100,0,0,10000,0,16110,3000,10000,201100,1.05022376926902
"311",2805,340000,0,0,0,0,0,12,340012,407160,18850,0,0,0,12000,6000,0,426010,0.798131499260581
"312",2807,252000,0,0,0,80000,0,0,332000,131300,112100,0,1200,0,2500,0,1200,244600,1.35731807031889
"313",2809,502000,50000,0,0,0,48000,52000,652000,252200,0,0,65005,0,65000,0,65005,317205,2.05545309815419
"314",2811,0,0,8e+05,0,21500,0,0,821500,374400,0,0,66600,0,85000,0,66600,441000,1.86281179138322
"315",2812,0,0,1200000,0,0,324000,21800,1545800,252720,165000,0,0,0,10000,0,0,417720,3.70056497175141
"316",2813,0,-2250,440000,48000,0,0,312500,798250,388700,89200,87550,41170,0,70000,90000,128720,606620,1.3158979262141
"317",2815,250000,36000,0,48000,0,0,0,334000,345280,23000,0,0,0,10000,0,0,368280,0.906918648854133
"318",2816,551000,16000,-360000,0,0,0,0,207000,144560,0,0,0,0,50000,40000,0,144560,1.43193137797454
"319",2817,6e+05,8600,-295000,0,0,0,0,313600,129480,0,0,0,0,2e+05,0,0,129480,2.42199567500772
"320",2818,643000,10500,-456000,0,0,0,18000,215500,273520,9500,0,0,0,5000,0,0,283020,0.761430287612183
"321",2819,464000,8000,0,0,0,0,1200000,1672000,288340,49200,0,0,0,0,0,0,337540,4.95348699413403
"322",2821,431000,71500,-384000,0,0,28800,50000,197300,177060,0,0,0,0,0,3500,0,177060,1.11431153281374
"323",2822,342880,82800,-122000,0,0,0,29000,332680,158600,66800,0,0,0,5000,0,0,225400,1.47595385980479
"324",2823,1756000,88000,-5500000,0,0,30000,105000,-3521000,1249040,32000,0,25,0,5000,0,25,1281065,-2.74849441675481
"325",2824,654400,-19600,-481000,0,0,0,120184,273984,98540,0,0,0,5500,12000,0,5500,104040,2.63344867358708
"326",2825,724922,13400,-436000,0,0,0,115185,417507,175032,0,0,0,230,230,3000,230,175262,2.3821878102498
"327",2829,0,0,6e+05,0,0,0,0,6e+05,681720,131500,0,0,0,70000,0,0,813220,0.737807727306264
"328",2843,29000,0,1e+05,0,0,0,0,129000,414440,123200,0,0,0,0,0,0,537640,0.239937504649952
"329",2853,1440960000,0,0,0,0,0,200,1440960200,529880,20000,0,0,0,0,0,0,549880,2620.49938168328
"330",2855,62200,0,0,0,0,0,12150,74350,126360,21500,0,0,0,0,0,0,147860,0.502840524820776
"331",2857,128500,0,9e+05,48000,0,0,0,1076500,479960,131000,0,0,0,84000,10000,0,610960,1.76198114442844
"332",2861,380000,2,0,0,0,0,0,380002,160680,0,0,0,0,0,0,0,160680,2.36496141399054
"333",2862,0,0,613000,0,0,0,0,613000,288080,79216,0,0,0,0,0,0,367296,1.66895365046175
"334",2863,1015000,0,0,0,0,0,5000,1020000,534560,322000,0,0,0,130,0,0,856560,1.19080975063043
"335",2865,210000,0,0,79200,0,0,3000,292200,456300,58000,559000,809600,0,1143600,60000,1368600,1882900,0.155186149025439
"336",2866,2070000,0,0,48000,0,0,60000,2178000,342160,163000,0,52610,0,37865,5000,52610,557770,3.90483532638901
"337",2867,0,4000,6e+05,48000,1660000,180000,57000,2549000,1690260,189000,0,135400,0,135400,25000,135400,2014660,1.26522589419555
"338",2868,0,0,0,48000,2465000,576000,57000,3146000,650000,255000,0,81413,0,90413,7000,81413,986413,3.18933347391002
"339",2869,50000,0,20000,0,0,0,0,70000,75660,35100,0,0,0,200,0,0,110760,0.63199711087035
"340",2870,130000,0,0,0,-182300,0,0,-52300,512720,295500,0,0,100,5500,0,100,808320,-0.064702098178939
"341",2872,363000,0,15000,6400,0,0,0,384400,679536,0,0,28500,10,35000,0,28510,708046,0.54290257977589
"342",2873,0,0,420000,0,278000,0,0,698000,114660,55300,0,12450,0,13500,150,12450,182410,3.82654459733567
"343",2874,65000,-2730,0,0,0,0,0,62270,106860,0,0,1320,400,30000,0,1720,108580,0.573494197826487
"344",2876,332000,0,710000,0,0,48000,0,1090000,206960,0,0,0,0,3000,0,0,206960,5.2667182064167
"345",2877,480000,-21000,-165000,96000,0,0,0,390000,207480,26300,0,21650,0,20000,0,21650,255430,1.52683709822652
"346",2879,241500,-17300,0,0,0,0,0,224200,162084,0,0,11436,0,10000,0,11436,173520,1.29207007837713
"347",2880,33000,90500,20000,0,0,0,25000,168500,159900,19740,0,0,0,39000,100,0,179640,0.937987085281675
"348",2881,0,-89300,125000,0,0,0,0,35700,151840,0,803000,5203000,0,1e+06,1e+05,6006000,6157840,0.0057974874306575
"349",2883,594000,22000,0,0,0,0,0,616000,135200,-10000,0,0,0,4e+05,0,0,125200,4.92012779552716
"350",2884,949000,0,0,0,0,0,315000,1264000,857740,404300,0,6800,6850,25000,15000,13650,1275690,0.990836331710682
"351",2895,12000,-55200,6e+05,36000,0,0,0,592800,120120,16400,0,33600,0,33500,0,33600,170120,3.48459910651305
"352",2897,0,0,0,32000,137600,0,7000,176600,151580,42700,0,0,0,218,1582,0,194280,0.90899732345069
"353",2899,48000,-47450,26000,9000,0,0,0,35550,215800,8410,0,0,5700,20000,0,5700,229910,0.154625723109043
"354",2900,343500,47180,0,0,0,0,0,390680,189280,0,0,31700,0,101700,91530,31700,220980,1.76794280025342
"355",2901,123000,103000,0,32000,0,0,0,258000,252720,82900,0,10250,0,25000,0,10250,345870,0.74594500824009
"356",2906,434000,101150,0,48000,0,0,0,583150,261092,7100,0,3610,0,10000,40000,3610,271802,2.14549561813379
"357",2907,50000,-24800,0,0,60000,0,0,85200,332800,45400,0,6139,0,1168,10341,6139,384339,0.221679298744077
"358",2911,0,54000,0,48000,70000,0,360000,532000,403832,0,0,22300,0,21900,11200,22300,426132,1.24843945068664
"359",2913,0,37200,432000,0,0,0,204000,673200,96720,0,0,0,0,21000,0,0,96720,6.96029776674938
"360",2915,0,10200,720000,6000,1e+05,0,5000,841200,1158924,0,0,0,0,210000,1e+05,0,1158924,0.725845698251136
"361",2946,188000,0,0,0,0,0,2000,190000,180960,0,0,0,0,1500,0,0,180960,1.0499557913351
"362",2947,0,39800,0,0,0,0,0,39800,351260,0,0,40700,0,0,0,40700,391960,0.101540973568731
"363",2948,0,0,0,96000,0,0,1260000,1356000,151320,0,0,0,0,1e+05,0,0,151320,8.96114195083267
"364",2949,35000,80000,0,48000,0,0,15000,178000,286208,0,0,0,0,60,0,0,286208,0.621925313059034
"365",2950,73000,-2500,115000,0,0,0,0,185500,621400,20000,0,0,18100,18100,0,18100,659500,0.281273692191054
"366",2955,950000,-26000,420000,0,0,0,0,1344000,281320,10000,0,0,0,60000,0,0,291320,4.61348345462035
"367",2956,114300,0,-216000,0,0,0,0,-101700,83200,0,0,0,0,1000,0,0,83200,-1.22235576923077
"368",2957,752000,48000,0,0,0,0,0,8e+05,218400,59800,0,8200,0,500,0,8200,286400,2.79329608938547
"369",2964,0,-26000,-30000,0,0,0,0,-56000,147160,12600,0,0,0,6300,0,0,159760,-0.350525788683025
"370",2983,330000,36000,0,0,0,0,120000,486000,262080,532100,0,14470,0,25000,5000,14470,808650,0.601001669449082
"371",3000,1018800,0,0,0,0,0,0,1018800,365300,14000,0,6000,8250,35000,0,14250,393550,2.58874348875619
"372",3001,25063000,46700,0,0,0,0,3000,25112700,436020,0,0,31300,0,28000,0,31300,467320,53.7376957973123
"373",3004,3803000,0,0,0,0,0,600,3803600,95160,0,0,4900,0,10000,0,4900,100060,38.0131920847492
"374",3011,3.6e+08,12800,0,25200,32000,0,0,360070000,164060,39600,0,0,0,0,0,0,203660,1767.99567907296
"375",3014,12000,-7200,0,0,285200,0,0,290000,273000,0,0,0,0,0,0,0,273000,1.06227106227106
"376",3015,342000,28800,0,0,0,0,0,370800,214240,117200,0,0,0,3000,0,0,331440,1.11875452570601
"377",3020,0,0,0,48000,137000,30000,0,215000,137800,0,0,0,0,0,0,0,137800,1.56023222060958
"378",3021,0,-5950,0,4500,180000,0,72000,250550,229840,2500,192500,192500,0,282500,140000,385000,617340,0.405854148443321
"379",3023,194000,16700,0,4500,0,0,6300,221500,210600,50900,0,51000,4500,52000,0,55500,317000,0.698738170347003
"380",3025,1e+05,20186,0,0,288000,0,2500,410686,230360,122500,0,0,0,0,0,0,352860,1.16387802527915
"381",3046,810000,-1200,60000,0,0,0,6000,874800,547040,55720,5660,5660,0,7000,2709,11320,614080,1.42457008858781
"382",3058,245000,0,1550000,72000,0,0,3500,1870500,247000,0,0,1500,0,0,0,1500,248500,7.5271629778672
"383",3059,0,0,-19000,0,240000,45600,120000,386600,267800,0,0,8615,0,8600,0,8615,276415,1.39862163775483
"384",3060,0,181417,-25000,2000,0,0,50000,208417,371800,0,0,2400,0,30000,0,2400,374200,0.556966862640299
"385",3061,0,4900,0,48000,0,0,0,52900,130000,2000,0,13400,0,10000,0,13400,145400,0.363823933975241
"386",3062,0,101097,41000,48000,0,0,0,190097,267020,0,0,14510,0,16000,0,14510,281530,0.675228217241502
"387",3064,25000,0,35000,0,0,0,25000,85000,134940,0,0,0,0,105000,5000,0,134940,0.629909589447162
"388",3065,0,-4150,1e+05,0,0,0,3000,98850,153400,44100,0,1680,0,3100,875,1680,199180,0.496284767546942
"389",3066,0,-10608,0,48000,0,0,41000,78392,205140,0,0,6730,0,20000,6052,6730,211870,0.37000047198754
"390",3067,176876000,58900,0,0,238000,0,29000,177201900,293280,84500,0,60770,0,80280,17559,60770,438550,404.063162695246
"391",3068,0,0,9e+05,0,0,0,1560,901560,174200,47780,0,0,240,3000,0,240,222220,4.05706057060571
"392",3069,0,-37900,840000,0,0,0,27000,829100,208780,38650,0,0,0,5000,3600,0,247430,3.35084670411834
"393",3070,30360000,582455,0,0,0,0,3375,30945830,553800,48100,0,1800,810,13000,0,2610,604510,51.1915931911796
"394",3072,44000,122100,0,30000,0,0,14000,210100,202956,23000,0,0,9300,20000,5000,9300,235256,0.893069677287721
"395",3073,0,1500,960000,0,0,0,2700,964200,270920,47400,0,0,0,5000,0,0,318320,3.02902739381754
"396",3074,0,9850,597000,0,0,0,0,606850,163800,51600,0,0,3380,30000,27000,3380,218780,2.77379102294542
"397",3075,0,-900,0,0,0,0,0,-900,75920,0,0,335,0,1395,146,335,76255,-0.0118025047537866
"398",3076,0,-4250,285000,0,0,0,225,280975,141960,56100,0,0,565,6000,0,565,198625,1.41460037759597
"399",3077,85000,-51500,0,0,15000,0,219000,267500,231400,105800,0,0,0,15000,5000,0,337200,0.793297746144721
"400",3084,192000,43900,0,48000,0,0,4,283904,454480,40600,0,0,4600,49600,0,4600,499680,0.5681716298431
"401",3085,0,407000,0,15000,0,0,10,422010,225160,0,0,103900,0,2e+05,1e+05,103900,329060,1.2824712818331
"402",3086,0,14900,267000,0,0,0,0,281900,161200,45800,0,24000,1200,72000,8,25200,232200,1.21403962101637
"403",3089,2640000,-257300,0,48000,0,0,0,2430700,142220,42950,0,0,515,4650,14000,515,185685,13.090448878477
"404",3091,154100,0,32000,48000,0,0,30000,264100,102180,0,0,0,0,3350,0,0,102180,2.58465453121942
"405",3098,0,-12300,360000,0,0,0,0,347700,215800,0,0,7800,0,20000,2000,7800,223600,1.55500894454383
"406",3099,109000,0,0,4800,0,0,0,113800,169520,0,0,10050,0,273000,450000,10050,179570,0.633736147463385
"407",3105,70000,-6500,0,0,40000,0,0,103500,308880,16500,0,0,252800,350000,2000,252800,578180,0.179009996886783
"408",3108,26310000,-35000,0,48000,0,0,8,26323008,255372,0,0,0,14910,15000,0,14910,270282,97.390902834817
"409",3109,1250000,-19000,0,5000,0,0,100,1236100,386932,1100,0,0,80000,80000,0,80000,468032,2.64105873102694
"410",3110,35000,155500,-25000,0,0,0,18600,184100,702520,0,0,51000,0,150000,0,51000,753520,0.244319991506529
"411",3111,114000,-14000,-20000,0,0,0,4400,84400,177320,23400,0,86000,750,30000,0,86750,287470,0.293595853480363
"412",3112,1200000,30000,0,0,0,0,0,1230000,134472,17000,0,0,129300,2e+05,0,129300,280772,4.38077871012779
"413",3113,105000,-25005,-19800,0,0,0,0,60195,55172,0,0,0,0,0,0,0,55172,1.09104255781918
"414",3115,0,-3600,50000,0,0,0,132000,178400,143520,0,0,0,0,8050,50,0,143520,1.24303232998885
"415",3117,0,-300,4500,52800,0,0,1000,58000,110240,2000,0,900,8,12000,0,908,113148,0.512602962491604
"416",3119,180000,500,-120000,0,0,0,1500,62000,96720,6400,0,0,200,600,0,200,103320,0.600077429345722
"417",3120,815000,-25200,0,0,0,0,0,789800,510640,116500,0,0,100,37500,15000,100,627240,1.25916714495249
"418",3123,309000,21450,0,0,0,0,2000,332450,225576,16200,0,0,0,8000,0,0,241776,1.37503308847859
"419",3124,577500,26100,0,48000,0,0,2000,653600,158600,35800,0,253500,380,135000,40000,253880,448280,1.45801731060944
"420",3131,15950,500,460008,0,0,0,5040,481498,6223620,36500,0,0,0,10000,0,0,6260120,0.07691513900692
"421",3132,801090,-8400,555000,0,0,108000,0,1455690,530400,20900,0,2100,5630,6000,0,7730,559030,2.60395685383611
"422",3133,480000,-7999,0,48000,0,0,0,520001,303940,6000,6000,6000,1800,12000,0,13800,323740,1.60623030827207
"423",3135,0,0,0,24000,0,0,0,24000,427440,0,91000,28500,0,2e+05,90000,119500,546940,0.0438804987750027
"424",3137,0,131000,0,0,147500,0,17500,296000,790400,0,0,16550,2650,120000,10000,19200,809600,0.365612648221344
"425",3143,405000,-27998,0,0,0,0,15000,392002,332280,0,0,0,0,15000,500,0,332280,1.17973395931142
"426",3146,467000,92000,0,64800,0,0,5000,628800,313040,28450,0,0,0,150000,0,0,341490,1.84134235263112
"427",3147,1037000,0,0,0,0,54000,11200,1102200,622440,0,0,19500,0,35000,55000,19500,641940,1.71698289559772
"428",3148,842000,0,240000,0,0,120000,0,1202000,292240,37200,0,22050,0,30000,0,22050,351490,3.41972744601553
"429",3150,124500,0,0,0,0,0,0,124500,359580,37520,0,0,1600,19000,40000,1600,398700,0.312264860797592
"430",3151,301000,12000,0,4000,0,0,0,317000,810160,4816,0,0,0,5050,0,0,814976,0.38896850950212
"431",3153,1551000,-9498,0,0,22000,0,20000,1583502,140920,0,0,7300,0,5000,0,7300,148220,10.6834570233437
"432",3156,215000,0,0,48000,0,0,400,263400,175760,24400,0,1300,0,12000,0,1300,201460,1.30745557430755
"433",3161,93000,0,0,4800,0,0,365000,462800,267280,0,0,0,0,5000,0,0,267280,1.73151750972763
"434",3164,405000,-350,140000,0,0,0,50,544700,195000,0,0,0,0,13000,0,0,195000,2.79333333333333
"435",3173,12000,-500,240000,0,0,0,500,252000,248040,43100,0,0,0,35000,0,0,291140,0.865562959400975
"436",3174,0,-34850,-50000,36000,0,0,100,-48750,178360,0,0,0,0,50000,0,0,178360,-0.27332361516035
"437",3175,0,-97000,125000,48000,0,0,8504,84504,90740,0,0,0,1500,1500,0,1500,92240,0.916131830008673
"438",3177,0,0,1260000,0,0,0,23000,1283000,159848,0,0,0,0,40000,0,0,159848,8.02637505630349
"439",3179,0,-3067,6e+05,0,0,0,5116,602049,195156,0,0,0,0,2500,0,0,195156,3.08496279899158
"440",3180,1575000,5500,0,0,0,0,9000,1589500,254800,186860,0,0,600,112400,75000,600,442260,3.59403970515082
"441",3181,0,3453,540000,0,0,0,3300,546753,288392,147200,0,0,400,7000,2000,400,435992,1.2540436521771
"442",3182,5130000,-700,156000,160000,0,0,200,5445500,159640,0,0,7200,0,60000,0,7200,166840,32.6390553824023
"443",3185,0,-4100,2e+05,12000,0,0,2000,209900,242320,27700,0,0,0,15000,6000,0,270020,0.777349825938819
"444",3190,0,81800,151000,0,0,0,1200,234000,692640,37400,0,19200,0,10000,0,19200,749240,0.312316480700443
"445",3191,13500,-5700,0,6400,0,0,500,14700,226460,47500,0,0,0,50000,0,0,273960,0.0536574682435392
"446",3198,0,4552,620000,0,0,0,27000,651552,365716,0,0,3e+05,0,3e+05,4030,3e+05,665716,0.978723659939073
"447",3199,454500,2e+05,-6e+05,48000,461500,0,501600,1065600,413400,48900,0,12270,0,20000,22145,12270,474570,2.24540109994311
"448",3200,0,0,0,0,204000,0,144550,348550,255840,39100,0,5890,0,1000,0,5890,300830,1.15862779642988
"449",3201,0,3000,0,0,0,0,558000,561000,231660,31700,0,0,0,3000,0,0,263360,2.13016403402187
"450",3202,1314100,71200,0,0,0,0,2400,1387700,563420,54880,0,0,0,40000,0,0,618300,2.24437975092997
"451",3203,0,174850,30000,0,0,0,828500,1033350,247780,0,0,13440,0,4e+05,0,13440,261220,3.95586096011025
"452",3209,590000,91302,0,0,0,0,10000,691302,368212,36600,0,12750,0,55000,3337,12750,417562,1.65556731694934
"453",3210,0,23600,0,0,0,0,100,23700,582920,34600,0,0,0,50000,5000,0,617520,0.0383793237465993
"454",3211,0,59500,310000,51000,0,0,0,420500,393900,0,0,0,0,50000,60000,0,393900,1.06752982990607
"455",3224,0,-133824,20000,0,0,0,0,-113824,185640,0,0,0,0,252000,0,0,185640,-0.613143719026072
"456",3225,0,0,0,0,304000,0,1200,305200,161980,0,0,0,1900,6000,9000,1900,163880,1.86233829631438
"457",3241,0,3248600,0,220000,0,0,530000,3998600,387400,47500,0,17275,1300,54750,0,18575,453475,8.81768564970506
"458",3246,0,0,-2650000,48000,820000,0,32000,-1750000,244400,0,0,17325,0,20000,100,17325,261725,-6.68640748877639
"459",3248,260000,0,0,0,1445000,120000,0,1825000,519220,213600,0,21340,2925,20000,40000,24265,757085,2.41056156177972
"460",3249,151500,901900,0,48000,0,0,2e+05,1301400,458640,0,0,33750,0,33100,50000,33750,492390,2.64302686894535
"461",3253,3e+05,88000,0,0,0,0,0,388000,512980,33000,0,0,0,225000,0,0,545980,0.710648741712151
"462",3267,384000,0,0,0,0,0,0,384000,217620,8500,0,0,88125,110000,25000,88125,314245,1.22197648331716
"463",3269,1014000,80000,0,0,0,180000,0,1274000,467480,0,0,83400,0,50000,0,83400,550880,2.31266337496369
"464",3271,0,0,15000,0,1980000,408000,7000,2410000,288860,133200,0,0,700,12000,20000,700,422760,5.70063392941622
"465",3272,87600650,20000,-1e+05,0,0,0,2500,87523150,318240,178200,0,0,0,20000,0,0,496440,176.301567158166
"466",3273,82500,0,-30000,0,-50000,0,2300,4800,277680,0,0,60000,0,60000,52000,60000,337680,0.0142146410803127
"467",3274,885000,0,0,0,0,0,3500,888500,193700,67300,0,0,0,5000,3000,0,261000,3.40421455938697
"468",3276,734000,34400,0,0,0,0,2000,770400,207740,116000,0,0,0,3000,0,0,323740,2.37968740347192
"469",3278,266000,41600,0,0,0,0,48000,355600,127400,11600,0,0,3500,9000,0,3500,142500,2.49543859649123
"470",3280,0,0,1255000,48000,0,144000,36000,1483000,577824,367400,0,25900,0,225000,0,25900,971124,1.52709643670633
"471",3288,671000,75000,0,0,0,0,20000,766000,528840,24400,0,23568,0,23568,10000,23568,576808,1.32799822471256
"472",3290,3782000,70000,0,0,20000,0,168000,4040000,650520,465100,0,0,0,50000,0,0,1115620,3.6213047453434
"473",3291,1710000,0,0,5000,0,0,0,1715000,473200,73000,0,31800,480,60000,0,32280,578480,2.96466602129719
"474",3293,180000,0,0,96000,734000,0,6000,1016000,400400,232400,0,0,0,70000,0,0,632800,1.60556257901391
"475",3305,50000,0,-7e+05,0,0,0,7000,-643000,301080,93200,0,12036,0,12041,0,12036,406316,-1.5825121334134
"476",3306,600,-1200,360000,0,0,0,135000,494400,235300,39200,0,0,0,80000,0,0,274500,1.80109289617486
"477",3307,0,33000,828000,0,0,54000,0,915000,150020,117280,0,5125,0,50000,0,5125,272425,3.35872258419749
"478",3309,0,0,-7e+06,48000,3074000,0,20010,-3857990,549848,0,162600,41800,0,204400,11605,204400,754248,-5.11501522045799
"479",3310,0,16640,1008000,0,0,0,201750,1226390,233740,98700,0,4810,0,20000,0,4810,337250,3.63644180874722
"480",3311,0,136250,36000,0,10000,0,4600,186850,212160,64950,0,0,3700,10000,0,3700,280810,0.665396531462555
"481",3313,2e+05,-18570,0,0,0,0,75560,256990,170560,0,0,5890,0,2000,0,5890,176450,1.45644658543497
"482",3321,280000,96050,0,0,0,0,1200,377250,314080,0,0,95500,0,2e+05,50000,95500,409580,0.921065481712974
"483",3322,576000,0,0,0,0,0,1,576001,262080,70200,0,0,0,50000,0,0,332280,1.73348079932587
"484",3323,152800,-1900,0,0,0,0,18000,168900,133016,138200,0,0,3400,7500,0,3400,274616,0.615040638564395
"485",3324,0,279800,0,0,0,0,0,279800,101400,0,0,0,0,125000,0,0,101400,2.75936883629191
"486",3330,670000,0,825000,0,0,0,173500,1668500,580320,263000,0,46400,0,50000,0,46400,889720,1.87530908600459
"487",3334,48000,247799,0,0,0,0,0,295799,204360,116000,0,0,0,12000,0,0,320360,0.923333125234112
"488",3336,0,457000,0,0,0,0,2e+05,657000,543400,75000,0,0,0,15000,0,0,618400,1.0624191461837
"489",3343,0,59700,0,0,0,0,0,59700,210600,76500,0,46455,0,45000,5000,46455,333555,0.178980977649863
"490",3347,0,-109500,5e+05,0,0,0,40000,430500,278200,342000,0,43000,0,45000,5000,43000,663200,0.649125452352232
"491",3352,64000,72500,0,0,0,0,6250,142750,228956,28013,0,0,0,6500,0,0,256969,0.555514478400118
"492",3353,0,64780,347000,375200,0,0,309225,1096205,215280,61260,0,17800,0,25000,0,17800,294340,3.72428144322892
"493",3355,24000,109910,0,0,3e+05,24000,4000,461910,152412,0,0,565,0,15000,9000,565,152977,3.01947351562653
"494",3356,410500,-62780,372000,96000,0,0,51250,866970,465400,49200,0,60,930,116490,90000,990,515590,1.68151050253108
"495",3359,350000,0,0,0,62000,0,10000,422000,295880,50500,0,0,12450,2500,0,12450,358830,1.17604436641306
"496",3360,0,0,1200000,0,762000,0,0,1962000,423280,185600,0,0,0,20000,0,0,608880,3.22230981474182
"497",3373,16290000,465503,0,0,0,0,0,16755503,182728,0,0,0,0,1900,0,0,182728,91.6964176261985
"498",3397,37500,465000,0,0,0,0,250000,752500,230360,0,0,17000,0,40000,0,17000,247360,3.04212483829237
"499",3398,60300,690560,315000,0,0,0,0,1065860,243256,88500,0,0,0,40000,39600,0,331756,3.21278288862899
"500",3400,1661200,154006,0,48000,0,0,0,1863206,458640,215170,0,15150,1200,50000,0,16350,690160,2.69967253970094
"501",3402,0,113700,0,0,0,0,0,113700,170612,0,0,17200,0,20000,0,17200,187812,0.605392626669222
"502",3403,225000,85000,0,0,264000,0,0,574000,178360,138000,0,0,0,25000,0,0,316360,1.81438867113415
"503",3405,0,494200,0,96000,317600,0,0,907800,146120,62000,0,3200,0,3200,3000,3200,211320,4.29585462805224
"504",3409,0,-31800,360000,0,0,0,0,328200,197860,0,0,30500,72700,250000,0,103200,301060,1.09014814322726
"505",3414,0,12150,1100000,0,0,0,276000,1388150,195000,102060,0,228250,0,7e+05,0,228250,525310,2.64253488416364
"506",3417,0,-9800,1e+05,0,0,0,0,90200,137280,0,0,0,0,60000,0,0,137280,0.657051282051282
"507",3418,7292700,-8600,-750000,0,0,288000,0,6822100,176800,0,0,0,0,50000,0,0,176800,38.5865384615385
"508",3423,0,-20580,6e+05,48000,0,0,661000,1288420,164840,86400,0,150,0,0,0,150,251390,5.12518397708739
"509",3425,0,162200,0,0,0,0,12710,174910,247000,85000,38000,122700,0,125000,5000,160700,492700,0.355003044448955
"510",3428,0,-32500,0,0,120000,0,0,87500,128700,0,0,0,0,48850,0,0,128700,0.67987567987568
"511",3429,45000,-8300,-5000,24000,0,0,0,55700,99060,0,0,0,0,1000,0,0,99060,0.562285483545326
"512",3434,0,1250,0,0,1680000,0,222400,1903650,1009580,143100,0,0,0,7500,9000,0,1152680,1.65149911510567
"513",3436,256200,14800,0,0,0,0,199000,470000,186940,13700,0,0,150,10000,0,150,200790,2.34075402161462
"514",3439,195000,0,0,0,0,0,0,195000,122720,71760,0,10000,0,10000,0,10000,204480,0.953638497652582
"515",3441,451200,22500,0,0,0,0,0,473700,185952,53624,0,0,0,120000,0,0,239576,1.97724312952883
"516",3451,312000,-1500,0,0,0,0,0,310500,228280,102000,0,0,0,10000,0,0,330280,0.940111420612813
"517",3457,505000,-708,0,0,0,0,30000,534292,328120,78888,0,0,0,10000,0,0,407008,1.31273095369133
"518",3462,264000,0,0,0,0,0,100,264100,203840,27000,0,0,0,35000,0,0,230840,1.14408248137238
"519",3464,358000,0,4e+05,0,96000,0,0,854000,358592,428600,0,10000,0,10000,0,10000,797192,1.07126012303184
"520",3467,545700,0,0,0,1996400,0,221000,2763100,585000,0,0,130920,20,80000,80000,130940,715940,3.85940162583457
"521",3474,0,264400,0,0,-13300,0,0,251100,213720,37300,0,0,605,3500,2500,605,251625,0.997913561847988
"522",3480,0,81700,0,12000,0,0,0,93700,403000,52500,0,0,3001,30000,20,3001,458501,0.204361604445792
"523",3484,0,0,0,36000,0,0,0,36000,290160,0,0,0,57000,32000,0,57000,347160,0.103698582786035
"524",3486,0,130775,0,0,0,0,0,130775,561860,76000,0,166440,7300,150000,0,173740,811600,0.161132331197634
"525",3488,150000,0,0,0,0,0,0,150000,260000,71500,0,40000,0,40000,0,40000,371500,0.403768506056528
"526",3490,0,-49200,6e+05,0,0,0,0,550800,608400,136700,0,0,50000,60000,10,50000,795100,0.69274305118853
"527",3492,0,0,5e+05,0,0,0,0,5e+05,176800,0,0,39400,0,40000,0,39400,216200,2.31267345050879
"528",3493,0,0,4e+05,0,0,0,0,4e+05,195520,97500,0,0,15000,50000,0,15000,308020,1.29861697292384
"529",3494,0,-16550,0,0,0,0,0,-16550,286416,0,107000,87100,4900,90000,0,199000,485416,-0.034094467425878
"530",3498,0,19800,-30000,44000,0,0,0,33800,109200,0,0,1,1,40000,0,2,109202,0.309518140693394
"531",3502,45100,2752,61500,3800,0,0,3000,116152,84240,12500,0,0,30,1200,0,30,96770,1.20028934587165
"532",3508,57288000,0,0,0,0,0,0,57288000,223080,60000,0,2100,500,6000,0,2600,285680,200.532063847662
"533",3510,0,0,3600000,0,0,0,0,3600000,551200,223000,0,0,150,4000,0,150,774350,4.64906050235682
"534",3534,62400,-26000,0,0,0,0,0,36400,172640,0,0,30000,0,30000,150000,30000,202640,0.179628898539281
"535",3535,61565,0,0,0,32000,0,0,93565,224640,118800,0,7600,17050,30000,2500,24650,368090,0.254190551223885
"536",3542,459800,0,0,0,0,0,50000,509800,178880,0,0,13900,0,27000,4000,13900,192780,2.6444651934848
"537",3543,859000,0,0,0,0,0,2508,861508,434200,0,0,0,100,15000,0,100,434300,1.98367027400414
"538",3546,475000,0,0,0,0,0,1000,476000,284960,87000,0,0,0,9000,0,0,371960,1.27970749542962
"539",3549,294000,0,0,0,0,0,200,294200,219180,120100,0,0,0,35000,2000,0,339280,0.867130393775053
"540",3550,79000,0,180000,0,0,0,600,259600,112320,0,0,21500,0,30000,10000,21500,133820,1.9399192945748
"541",3556,1296500,4500,0,0,0,0,0,1301000,383240,86000,0,0,0,5000,5000,0,469240,2.77256840849032
"542",3559,189000,0,0,0,0,0,15050,204050,193440,37200,0,0,0,16000,0,0,230640,0.884712105445716
"543",3577,216000,0,0,0,0,0,0,216000,215800,82000,0,0,200,1250000,0,200,298000,0.724832214765101
"544",3581,1330000,-106000,0,0,0,0,3e+05,1524000,1378000,145000,0,0,3300,250000,70000,3300,1526300,0.99849308785953
"545",3589,375000,27550,0,0,0,0,0,402550,201604,55600,0,0,0,500,2000,0,257204,1.5651000762041
"546",3592,234500,0,0,0,70000,0,200,304700,83200,0,0,0,0,0,0,0,83200,3.66225961538462
"547",3597,343200,-1530,0,0,2e+06,0,5000,2346670,502840,211800,0,30000,3400,46000,6000,33400,748040,3.13709159937971
"548",3598,0,74000,250000,0,0,0,5500,329500,284960,103700,155250,255000,0,4e+05,0,410250,798910,0.412436945338023
"549",3600,1416000,1800,0,0,0,0,90000,1507800,595400,128325,0,35100,0,72000,0,35100,758825,1.98701940500115
"550",3603,960000,384502,1090000,0,0,0,1800000,4234502,873600,132000,0,15000,0,35000,80000,15000,1020600,4.14903194199491
"551",3605,3395000,101400,0,0,15975000,0,935000,20406400,1246960,280000,0,74800,0,107000,44000,74800,1601760,12.7399860153831
"552",3607,1240000,433300,638000,72000,1237500,420000,110000,4150800,602680,0,0,0,0,47000,0,0,602680,6.8872370080308
"553",3609,770000,0,0,0,0,0,0,770000,326040,9000,0,0,0,60000,6000,0,335040,2.29823304680038
"554",3621,214000,-200,0,0,0,0,0,213800,215800,0,0,0,300,6000,0,300,216100,0.989356779268857
"555",3623,381800,0,25000,0,955000,240000,0,1601800,445120,0,0,0,0,5000,5000,0,445120,3.5985801581596
"556",3625,737400,0,0,0,0,48000,0,785400,401440,74400,0,15900,1000,6000,0,16900,492740,1.59394406786541
"557",3627,5e+05,0,0,0,0,0,0,5e+05,344760,0,0,0,0,117000,72000,0,344760,1.45028425571412
"558",3631,784332,0,0,0,290000,0,50000,1124332,586040,-70500,0,10000,0,15000,0,10000,525540,2.13938425238802
"559",3633,697500,0,0,2700,0,0,26000,726200,334100,57400,0,0,58200,650000,30000,58200,449700,1.61485434734267
"560",3635,2808000,-55400,0,0,470000,0,400,3223000,489840,76000,0,0,0,440000,0,0,565840,5.69595645412131
"561",3637,618000,-500,4e+05,0,592800,30000,22000,1662300,558220,0,0,7600,400,80000,8000,8000,566220,2.9357846773339
"562",3639,442000,54850,207000,0,240400,0,22000,966250,458900,0,0,0,0,20000,7692,0,458900,2.10557855741992
"563",3644,0,-56600,1700000,48000,91000,48000,70000,1900400,318240,0,0,0,640,750009,25000,640,318880,5.95960863020572
"564",3647,15000,0,0,0,45600,0,2000,62600,325312,90800,0,121500,0,121600,0,121500,537612,0.116440853254764
"565",3653,0,-4000,1e+06,0,-680000,120000,0,436000,449280,77500,0,153000,2400,250000,1800,155400,682180,0.639127503005072
"566",3656,2800000,0,0,0,0,0,468000,3268000,2180516,230000,0,64500,0,2e+05,2e+05,64500,2475016,1.32039550451391
"567",3657,325000,0,0,0,1998000,0,28350,2351350,629200,216500,0,0,56000,56000,15000,56000,901700,2.6076854829766
"568",3658,448000,150000,535000,0,0,0,32000,1165000,490880,0,0,38700,0,12000,30000,38700,529580,2.19985649004872
"569",3671,0,-39400,0,0,596400,60000,0,617000,384280,102020,0,30000,0,45000,6000,30000,516300,1.19504164245594
"570",3672,3250000,440500,0,0,0,0,16000,3706500,317200,0,0,0,0,125000,0,0,317200,11.6850567465322
"571",3674,712750,25000,0,0,240000,0,79000,1056750,470600,140400,0,142500,0,142500,5000,142500,753500,1.40245520902455
"572",3680,309000,0,550000,0,0,0,0,859000,365040,0,0,0,0,2500,0,0,365040,2.3531667762437
"573",3681,263100,0,280000,0,72000,0,0,615100,138060,29600,0,27800,0,29400,80000,27800,195460,3.14693543435997
"574",3682,435500,0,0,0,0,0,0,435500,169260,28000,0,0,250,20000,0,250,197510,2.20495164801782
"575",3683,250100,34500,0,0,19600,0,0,304200,239200,58200,0,0,0,8e+05,0,0,297400,1.02286482851379
"576",3685,0,0,340000,0,0,0,500,340500,159120,26400,0,5000,0,8000,0,5000,190520,1.78721394079362
"577",3688,691500,150000,0,48000,0,0,51600,941100,152620,74100,0,5830,5300,20000,0,11130,237850,3.95669539625815
"578",3694,450000,24600,0,32000,0,0,0,506600,465400,0,0,41300,0,60000,10000,41300,506700,0.999802644562858
"579",3695,0,-74700,87000,48000,172200,0,8000,240500,91000,0,0,1575,0,350000,1e+05,1575,92575,2.59789359978396
"580",3698,350000,-3472,0,0,0,0,0,346528,452400,46000,0,10000,60000,70000,0,70000,568400,0.609655172413793
"581",3701,0,36900,0,0,0,0,0,36900,614900,0,0,1750,0,18000,0,1750,616650,0.0598394551204087
"582",3707,818000,0,0,50000,0,0,1050000,1918000,147420,0,0,0,0,19000,52000,0,147420,13.0104463437797
"583",3709,0,-9900,0,48000,0,0,0,38100,324740,1150,0,11000,100,80000,10000,11100,336990,0.113059734710229
"584",3710,42000,0,0,0,0,0,0,42000,124020,0,0,0,0,6000,0,0,124020,0.338655055636188
"585",3712,351200,-54600,0,0,0,0,0,296600,312260,35760,0,0,20,8500,0,20,348040,0.852200896448684
"586",3714,220600,-11300,330000,96000,0,0,0,635300,245700,54100,0,1200,5000,23000,0,6200,306000,2.07614379084967
"587",3715,540000,-27300,0,0,0,0,5000,517700,175240,0,0,190620,20,2e+05,45000,190640,365880,1.41494479064174
"588",3718,960000,-21000,0,60000,585000,0,144000,1728000,476320,214800,0,74600,0,80000,90000,74600,765720,2.25669957686883
"589",3731,322000,-10885,0,60000,0,0,0,371115,167960,0,0,0,125,3000,0,125,168085,2.20790076449415
"590",3732,0,216830,780000,0,0,0,20000,1016830,136240,0,0,102030,0,2e+05,1e+05,102030,238270,4.26755361564612
"591",3733,0,-49400,597500,24000,0,0,500,572600,108420,20500,0,18000,0,30000,8,18000,146920,3.89735910699701
"592",3734,416000,-52800,1045000,96000,0,0,0,1504200,292656,0,0,36600,0,50000,0,36600,329256,4.56848166776004
"593",3735,0,42500,60000,96000,0,0,0,198500,180440,0,0,21500,0,20000,8000,21500,201940,0.982965237199168
"594",3736,6e+05,-20300,0,6000,0,0,300,586000,257400,10800,0,5400,200,20000,0,5600,273800,2.14024835646457
"595",3737,0,-44000,480000,0,0,0,500,436500,749840,37100,0,0,8200,20000,0,8200,795140,0.548959931584375
"596",3742,70200,-22050,-2e+05,0,0,0,1100,-150750,178620,0,0,29940,0,24000,0,29940,208560,-0.722813578826237
"597",3748,8e+05,5040000,-18500,80000,43500000,0,1000,49402500,187200,56200,0,19138,0,10000,0,19138,262538,188.172759752874
"598",3750,77250,-14200,-26000,0,0,0,0,37050,141440,0,0,1300,975,7000,2400,2275,143715,0.257801899592944
"599",3752,0,-60598,0,1500,10000,0,200,-48898,379080,1600,0,19500,0,25000,0,19500,400180,-0.122190014493478
"600",3757,60000,-5340,0,0,0,0,0,54660,114920,0,0,4440,0,5000,0,4440,119360,0.45794235924933
"601",3758,0,23200,5e+05,0,0,0,0,523200,144820,0,0,11955,0,11955,11955,11955,156775,3.33726678360708
"602",3769,0,-1700,0,0,0,0,0,-1700,360100,0,0,7050,0,3e+05,1e+05,7050,367150,-0.00463026011167098
"603",3770,0,-3800,665000,48000,0,0,395000,1104200,556400,160000,0,30500,0,35000,0,30500,746900,1.47837729281028
"604",3771,0,10000,0,0,113800,0,5000,128800,250900,173200,0,19380,0,19380,8000,19380,443480,0.290430233606927
"605",3772,0,20000,3e+05,0,0,240000,10000,570000,1826760,0,0,27940,0,27940,8000,27940,1854700,0.30732733056559
"606",3773,18000,0,0,96000,0,0,0,114000,193960,14400,0,43400,500,43900,25000,43900,252260,0.451914691191628
"607",3774,788000,54550,0,48000,0,480000,150000,1520550,492440,1057000,0,16150,650,16800,2000,16800,1566240,0.970828225559301
"608",3775,468900,0,0,0,0,0,0,468900,372840,0,0,32700,0,60000,15000,32700,405540,1.15623612960497
"609",3777,578500,0,0,0,0,0,0,578500,326560,0,0,0,0,8000,2780,0,326560,1.77149681528662
"610",3778,474000,134750,0,0,0,0,5e+05,1108750,176020,107600,0,5200,0,12000,5000,5200,288820,3.83889619832422
"611",3783,1800000,193700,0,0,0,0,5000,1998700,262080,0,0,35550,0,35000,0,35550,297630,6.71538487383664
"612",3786,240000,-23700,0,48000,0,0,360000,624300,364520,109800,0,0,0,55000,30000,0,474320,1.3162000337325
"613",3787,1076500,0,0,0,0,0,0,1076500,565760,231300,0,60000,1820,70000,0,61820,858880,1.25337649031297
"614",3791,683300,-61900,0,0,0,0,800,622200,444080,72100,0,19600,0,23000,0,19600,535780,1.16129754750084
"615",3800,0,-7900,0,0,540000,0,3000,535100,610480,94500,0,83160,0,95000,35000,83160,788140,0.678940289796229
"616",3806,264000,22000,0,0,0,0,0,286000,269100,15000,0,5906,2050,7950,0,7956,292056,0.979264250691648
"617",3809,0,-2500,0,0,38000,180000,784000,999500,403000,258000,0,25400,50,1500,20000,25450,686450,1.4560419549858
"618",3815,611000,0,3e+05,0,0,0,3000,914000,504400,143500,1600,41800,0,47600,30000,43400,691300,1.3221466801678
"619",3817,1060800,25000,0,48000,30500,120000,50000,1334300,362960,65000,0,66110,1190,70000,10000,67300,495260,2.69414045148003
"620",3818,0,0,150000,96000,0,72000,72000,390000,231920,126500,0,12200,0,5000,26000,12200,370620,1.05229075603044
"621",3821,252030,0,-4300000,48000,0,0,355680,-3644290,364000,117000,0,24600,0,20000,11000,24600,505600,-7.20785205696203
"622",3838,757900,2,0,0,0,0,4000,761902,237120,121000,0,0,20400,10000,0,20400,378520,2.01284476381697
"623",3840,15000,0,2e+05,24000,0,0,0,239000,254800,-10000,0,7100,0,15000,0,7100,251900,0.948789202064311
"624",3842,408000,0,0,48000,0,0,2000,458000,539760,117000,0,14550,0,15000,0,14550,671310,0.682248141693108
"625",3844,221600,-15500,0,0,0,0,0,206100,233480,40600,0,27600,0,30000,0,27600,301680,0.683174224343675
"626",3847,542600,0,0,0,0,0,4000,546600,309920,125050,0,3980,0,9000,1700,3980,438950,1.24524433306755
"627",3848,533000,-50700,0,0,45000,0,0,527300,367120,100760,0,0,0,9000,1200,0,467880,1.12699837565188
"628",3851,72200,0,0,0,0,0,3000,75200,195000,13700,0,0,4000,28000,0,4000,212700,0.353549600376117
"629",3853,50000,0,0,0,0,0,0,50000,544440,99000,0,0,2000,2e+05,9000,2000,645440,0.0774665344571145
"630",3854,10000,0,0,96000,370000,0,200,476200,699920,172500,0,14400,0,15000,3000,14400,886820,0.536974808867639
"631",3857,245000,0,0,0,0,144000,200,389200,259480,116400,0,0,0,10000,0,0,375880,1.03543684154517
"632",3859,69500,0,0,0,0,0,5000,74500,260780,6900,50500,23050,0,96700,0,73550,341230,0.218327814084342
"633",3862,255000,262900,0,0,0,324000,0,841900,282880,0,0,0,0,415000,1e+05,0,282880,2.97617364253394
"634",3867,432000,0,0,6400,0,0,0,438400,313560,39000,0,0,0,17000,0,0,352560,1.24347628772408
"635",3868,587800,224265,0,48000,0,0,0,860065,442780,86500,0,0,0,28000,0,0,529280,1.62497165961306
"636",3876,658000,8000,0,0,0,0,0,666000,268320,33000,0,0,0,10000,0,0,301320,2.21027479091995
"637",3877,513000,0,0,2000,0,0,0,515000,216216,94200,0,0,1000,1e+05,0,1000,311416,1.65373648110566
"638",3878,252000,110500,0,0,0,0,0,362500,694200,70800,0,0,3000,20000,0,3000,768000,0.472005208333333
"639",3879,636500,152500,0,0,0,0,150,789150,240240,61500,0,0,800,10000,0,800,302540,2.60841541614332
"640",3881,196500,0,0,0,0,0,60800,257300,676000,53000,0,0,0,12000,0,0,729000,0.352949245541838
"641",3884,104340500,-111000,1600000,0,0,0,2500,105832000,631800,34500,0,9700,3600,40000,0,13300,679600,155.726898175397
"642",3885,813500,-13140,0,28800,0,0,7200,836360,325000,205400,0,9250,1200,70000,0,10450,540850,1.54638069705094
"643",3886,0,403900,0,0,0,0,0,403900,382980,0,0,0,6650,18000,7500,6650,389630,1.03662448990067
"644",3887,460000,98400,0,48000,0,0,13500,619900,384800,0,0,0,19700,30000,0,19700,404500,1.53250927070457
"645",3898,713500,0,0,0,0,0,154000,867500,229060,0,0,0,0,150000,0,0,229060,3.78721732297215
"646",3902,172500000,-8300,-1000,2160,0,0,0,172492860,157560,11400,0,2380,0,10000,0,2380,171340,1006.72849305474
"647",3903,778000,-15500,-420000,0,0,0,4480,346980,172016,0,0,22160,0,5e+05,0,22160,194176,1.78693556361239
"648",3906,0,-1700,350000,0,0,0,200,348500,282880,22000,0,82000,5750,2e+05,0,87750,392630,0.887604105646537
"649",3908,293500,57400,-135000,0,0,0,1500,217400,192400,0,0,7800,0,52000,0,7800,200200,1.08591408591409
"650",3912,5400000,-38200,-5000,96000,0,0,50,5452850,184080,6100,34500,6220,1000,60000,5000,41720,231900,23.5137990513152
"651",3913,0,-12300,710000,18000,0,0,50,715750,275080,61200,0,6800,1350,50000,0,8150,344430,2.07807101588131
"652",3918,80000,0,0,36000,0,180000,0,296000,385320,115400,0,12008,9008,120000,0,21016,521736,0.567336737353757
"653",3919,946000,40000,-1e+05,0,0,0,0,886000,313040,0,0,8600,990,60000,25000,9590,322630,2.74617983448532
"654",3920,1104008,0,0,0,769000,0,4000,1877008,446160,74500,0,9920,0,3e+05,4000,9920,530580,3.53765313430585
"655",3921,1252000,-15500,0,0,0,0,80000,1316500,263640,32700,0,0,0,10000,0,0,296340,4.44253222649659
"656",3922,30000,-14000,0,48000,0,0,180000,244000,136760,37000,0,1200,3075,24000,0,4275,178035,1.37051703316764
"657",3923,727000,0,0,0,257000,0,0,984000,321360,94000,0,30000,0,30000,0,30000,445360,2.20944853601581
"658",3924,0,0,930000,0,0,0,0,930000,325260,105600,0,0,300,15000,5000,300,431160,2.15697188978569
"659",3925,577000,0,0,0,0,90000,0,667000,242320,176500,0,15600,400,12000,0,16000,434820,1.53396807874523
"660",3926,360000,-33508,0,0,0,0,0,326492,233480,28600,0,18200,600,10000,4000,18800,280880,1.16238963258331
"661",3927,0,-37000,90000,48000,0,0,0,101000,132600,0,0,2008,0,6000,0,2008,134608,0.75032687507429
"662",3928,0,-19900,-25000,0,0,0,0,-44900,706160,0,0,1500,150,23000,0,1650,707810,-0.0634351026405391
"663",3931,560000,-39700,0,0,0,0,0,520300,285480,107400,0,16780,20500,1e+05,0,37280,430160,1.20954993490794
"664",3933,480000,148100,0,48000,0,0,0,676100,346320,203700,0,79450,0,85000,0,79450,629470,1.07407819276534
"665",3941,18000,5350,0,53000,340000,0,0,416350,186420,108700,0,3350,13400,29000,17000,16750,311870,1.33501138294802
"666",3942,6e+05,0,-10000,0,360000,0,7500,957500,464360,122100,61000,44020,0,96000,51580,105020,691480,1.38471105454966
"667",3945,0,503800,0,48000,0,0,0,551800,249600,92200,0,1400,0,1500,1500,1400,343200,1.60780885780886
"668",3946,0,550600,0,0,0,0,0,550600,308880,35400,0,0,1000,2500,0,1000,345280,1.59464782205746
"669",3949,225600,0,0,0,146400,0,0,372000,561080,0,0,0,0,20000,0,0,561080,0.663007057817067
"670",3952,2e+05,306920,-13000,0,0,0,0,493920,168948,0,0,16260,0,60000,0,16260,185208,2.66683944538033
"671",3958,6e+05,0,0,96000,0,96000,0,792000,302900,180000,0,2700,1000,37170,6000,3700,486600,1.62762022194821
"672",3960,362965,0,0,0,0,0,67700,430665,338000,103000,0,21600,490,25000,0,22090,463090,0.92998121315511
"673",3962,104800,10670,0,0,154000,0,3200,272670,109200,0,0,0,2495,12000,1700,2495,111695,2.44120148619007
"674",3963,52500,88000,0,0,0,0,0,140500,69680,0,0,19050,7350,50000,0,26400,96080,1.46232306411324
"675",3964,108000,44110,150000,48000,0,0,0,350110,107016,8960,0,2625,200,12000,400,2825,118801,2.94702906541191
"676",3965,0,0,130000,32000,0,0,0,162000,60060,0,0,0,203900,2e+05,40000,203900,263960,0.613729352932262
"677",3966,0,20100,0,96000,0,0,2500,118600,291200,124300,0,11100,35500,40000,0,46600,462100,0.256654403808699
"678",3967,0,0,0,0,0,0,40000,40000,168480,36900,0,17700,0,16900,0,17700,223080,0.179307871615564
"679",3968,195000,-38600,0,60000,0,0,0,216400,362440,66500,0,166000,0,750000,1e+05,166000,594940,0.36373415806636
"680",3969,96000,30800,120000,32000,0,0,0,278800,168376,13600,0,23550,0,25000,457,23550,205526,1.35651936981209
"681",3972,3e+05,4000,0,0,365000,0,3000,672000,448500,0,25000,38840,0,63840,0,63840,512340,1.3116289963696
"682",3973,0,-54200,-180000,12000,120000,0,740000,637800,675740,40400,0,2,1,95000,0,3,716143,0.890604250827
"683",3974,0,37008,0,121200,0,0,0,158208,294840,47700,0,25,5,130000,0,30,342570,0.46182677992819
"684",3977,0,-48192,189000,0,0,0,0,140808,171600,29100,0,47100,50,1e+05,0,47150,247850,0.568117813193464
"685",3979,0,-25300,0,0,0,0,0,-25300,189800,0,0,15020,30,20020,20,15050,204850,-0.123505003661216
"686",3982,844500,-96500,-105000,102000,0,0,1500,746500,924040,65760,0,10000,800,150800,4000,10800,1000600,0.746052368578853
"687",3986,352500,-3000,0,0,0,0,6300,355800,305500,134200,0,0,0,1e+05,0,0,439700,0.809188082783716
"688",3989,1015000,-55000,790000,0,0,0,500,1750500,447200,60150,0,63200,800,1e+05,7000,64000,571350,3.0637962719874
"689",3992,435000,77300,0,0,0,0,187000,699300,1812720,411720,97000,125700,0,222700,80000,222700,2447140,0.285762155005435
"690",3995,23300,-86500,0,98000,0,0,1200,36000,439400,64600,0,0,2300,33000,8000,2300,506300,0.0711040884850879
"691",4009,775000,0,0,0,0,0,200,775200,161980,60000,0,0,500,30000,0,500,222480,3.48435814455232
"692",4012,27525,0,30000,24000,0,0,200,81725,187200,53000,0,9500,390,40000,0,9890,250090,0.326782358350994
"693",4018,24450,-201900,39000,48000,0,0,0,-90450,200200,0,0,3004,0,40000,10000,3004,203204,-0.445119190567115
"694",4019,688000,177300,0,0,152000,0,1200,1018500,166400,0,0,19800,0,20000,0,19800,186200,5.46992481203007
"695",4021,6e+05,16900,-1525000,0,0,0,500,-907600,190840,15000,0,28440,0,30000,0,28440,234280,-3.87399692675431
"696",4022,96000,-2450,570000,6000,0,0,0,669550,207220,21600,0,3250,0,15000,0,3250,232070,2.88512086870341
"697",4028,266000,293400,0,0,194000,0,257680,1011080,327860,206000,0,7000,0,6000,6000,7000,540860,1.86939318862552
"698",4030,0,73300,5e+05,51200,0,0,3000,627500,155220,0,0,36000,0,36000,0,36000,191220,3.2815605062232
"699",4031,181500,15300,130000,24000,22000,0,600,373400,536640,0,0,51900,0,190000,0,51900,588540,0.634451354198525
"700",4033,596700,0,0,0,0,0,126200,722900,438880,241300,0,0,5960,6200,5200,5960,686140,1.05357507214271
"701",4034,1388000,-7408,0,0,1900,0,131000,1513492,288600,10000,0,8190,0,1e+05,60000,8190,306790,4.9333159490205
"702",4035,0,35200,1300000,0,0,0,12000,1347200,291980,0,42100,18650,40,1e+05,60000,60790,352770,3.81891884230518
"703",4036,0,21600,0,96000,890000,0,1500,1009100,304356,187000,85000,31500,7600,115000,0,124100,615456,1.63959730671242
"704",4051,34000,136400,-40000,48000,0,0,5000,183400,283140,22100,39800,60230,0,70000,6000,100030,405270,0.452537814296642
"705",4070,571000,50000,0,0,0,60000,5000,686000,380640,80500,24000,106400,0,130400,0,130400,591540,1.15968489028637
"706",4074,0,0,0,0,258000,120000,7000,385000,379340,0,0,20880,0,20880,0,20880,400220,0.961970915996202
"707",4075,0,7600,-9e+05,0,1580000,0,0,687600,514800,29000,0,0,3000,25500,5000,3000,546800,1.25749817117776
"708",4076,0,0,60000,8000,-81000,0,0,-13000,140400,0,0,0,1000,50000,0,1000,141400,-0.0919377652050919
"709",4077,148000,-47200,0,0,60000,0,325000,485800,566800,123400,0,0,7e+05,703000,3000,7e+05,1390200,0.34944612286002
"710",4078,0,15000,0,0,0,0,0,15000,293800,51500,0,0,0,26000,500,0,345300,0.0434404865334492
"711",4079,0,16900,0,0,0,0,0,16900,206700,15100,0,17000,0,17000,0,17000,238800,0.0707705192629816
"712",4080,0,28700,0,48000,0,0,0,76700,263900,3000,0,2000,0,2000,0,2000,268900,0.285236147266642
"713",4081,0,8500,0,0,0,0,0,8500,167960,0,0,0,0,4000,0,0,167960,0.0506072874493927
"714",4084,0,20500,0,0,0,0,0,20500,135200,12600,0,0,0,12000,0,0,147800,0.138700947225981
"715",4087,4e+05,65200,0,0,0,0,0,465200,248040,15000,0,0,25,1000,0,25,263065,1.76838423963659
"716",4091,336000,0,0,0,0,0,60000,396000,185900,110000,0,0,0,20000,35000,0,295900,1.33828996282528
"717",4092,53500,12400,320000,0,0,0,200,386100,412360,8000,0,5400,0,18500,15000,5400,425760,0.90684892897407
"718",4097,0,60750,0,0,0,0,62000,122750,226200,0,48000,48000,0,0,0,96000,322200,0.380974549968963
"719",4098,0,0,0,48000,0,60000,0,108000,62400,0,0,3600,0,3600,0,3600,66000,1.63636363636364
"720",4099,0,112400,-5e+05,0,588000,0,0,200400,273000,53300,0,0,30100,30000,0,30100,356400,0.562289562289562
"721",4100,10000,-34500,90000,0,0,0,5000,70500,312000,0,0,0,700,60000,65000,700,312700,0.225455708346658
"722",4101,21000,18600,-80000,0,0,0,1500,-38900,176800,38500,0,0,7700,15000,0,7700,223000,-0.174439461883408
"723",4102,0,58800,0,96000,0,0,4500,159300,265200,0,0,12450,0,0,0,12450,277650,0.573743922204214
"724",4103,36000,-15420,0,0,0,0,0,20580,167960,0,0,21100,0,30000,7000,21100,189060,0.108854331958109
"725",4107,762000,104560,-180000,96000,0,0,51500,834060,255840,279500,0,2000,2400,32000,0,4400,539740,1.54529958869085
"726",4108,0,-25608,0,0,0,0,5000,-20608,261040,31000,29200,11600,2500,40000,0,43300,335340,-0.0614540466392318
"727",4109,0,19500,248000,0,0,0,3000,270500,280800,27000,0,0,0,0,0,0,307800,0.878817413905133
"728",4111,0,160200,60000,0,-2000,0,90000,308200,236600,45000,0,19900,0,30000,5000,19900,301500,1.02222222222222
"729",4112,122501000,-500,0,4800,0,0,500,122505800,80600,600,0,0,3500,12000,0,3500,84700,1446.34946871311
"730",4113,0,61000,0,48000,0,0,0,109000,304512,30200,0,1800,9900,60000,0,11700,346412,0.314654226758888
"731",4115,684000,499800,1206000,6400,0,0,0,2396200,260000,25000,0,25000,0,75000,0,25000,310000,7.72967741935484
"732",4117,0,22200,0,0,0,0,0,22200,127400,28800,0,0,0,40000,0,0,156200,0.142125480153649
"733",4118,0,1000,0,0,0,0,0,1000,281320,14400,0,0,0,25000,0,0,295720,0.00338157716759096
"734",4120,16800,120369,245000,48000,0,0,0,430169,133380,1100,0,0,200,17000,0,200,134680,3.19400801900802
"735",4121,25000,-5,0,0,0,0,0,24995,47684,0,0,5782,0,30000,0,5782,53466,0.467493360266337
"736",4122,780000,0,0,0,195200,0,0,975200,347360,66850,0,87480,800,1e+05,4500,88280,502490,1.94073513900774
"737",4124,557944,3950,0,0,0,36000,0,597894,271440,201400,0,0,0,5000,0,0,472840,1.26447424075797
"738",4127,3e+05,0,850005,0,0,84000,0,1234005,187200,0,0,63560,0,65000,0,63560,250760,4.92105997766789
"739",4141,0,0,150000,0,86000,0,0,236000,128960,7350,0,0,0,14800,0,0,136310,1.73134766341428
"740",4142,0,-10580,0,0,0,0,36000,25420,144820,9340,0,0,100,3500,0,100,154260,0.164786723713211
"741",4143,442000,-20100,0,0,0,0,0,421900,326560,111400,0,0,0,12000,0,0,437960,0.963329984473468
"742",4144,420000,-3000,0,0,0,0,0,417000,271960,40680,0,0,10880,15000,0,10880,323520,1.28894658753709
"743",4145,0,176000,750000,0,0,0,0,926000,455520,79500,0,0,0,120000,0,0,535020,1.7307764195731
"744",4146,290400,-10692,0,32000,27000,0,0,338708,231140,75500,0,54940,1700,70000,0,56640,363280,0.932360713499229
"745",4147,204000,61400,0,48000,0,0,0,313400,358800,276600,0,132000,650,150000,75000,132650,768050,0.408046351149014
"746",4148,815000,40000,0,0,1e+05,0,50000,1005000,503360,166500,0,10420,500,15000,0,10920,680780,1.47624783336761
"747",4149,0,682578,0,0,0,0,15000,697578,362960,125000,0,0,7700,20000,0,7700,495660,1.40737198886333
"748",4150,480000,0,0,0,0,0,0,480000,294320,32900,0,0,1500,8800,0,1500,328720,1.46020929666586
"749",4151,421000,0,0,0,0,0,0,421000,216320,9000,0,0,0,8000,0,0,225320,1.86845375466004
"750",4152,0,-2998,0,0,80000,0,0,77002,122720,99400,0,0,70,0,0,70,222190,0.346559251091408
"751",4153,0,-3530,180000,32000,0,0,0,208470,104520,0,0,2270,680,14000,0,2950,107470,1.93979715269377
"752",4154,119500,-35300,0,0,131000,0,0,215200,231920,104300,0,0,7550,15000,0,7550,343770,0.625999941821567
"753",4156,0,0,0,32000,108000,0,0,140000,120900,0,2120,26700,0,70200,45000,28820,149720,0.935078813785733
"754",4158,0,-4000,0,0,286200,0,0,282200,175240,43000,0,35500,400,2e+05,0,35900,254140,1.11041158416621
"755",4159,461797800,182000,3e+05,0,0,0,600,462280400,226356,71200,0,1405,0,25000,0,1405,298961,1546.28998431234
"756",4160,60000,72800,0,32000,78600,0,500,243900,222040,133000,0,15000,0,15000,0,15000,370040,0.659117933196411
"757",4161,425400,64700,0,0,69000,0,0,559100,381940,109500,0,0,2500,15000,14500,2500,493940,1.13191885654128
"758",4162,0,162000,0,0,120000,0,35000,317000,622960,222000,5e+05,54500,0,7e+05,0,554500,1399460,0.22651594186329
"759",4164,1128900,75300,0,48000,0,0,0,1252200,462540,0,0,19820,16650,0,9250,36470,499010,2.50936854972846
"760",4177,35000,25300,0,0,0,0,0,60300,321360,38700,0,0,0,18000,0,0,360060,0.167472087985336
"761",4178,0,323550,80000,32000,0,0,23000,458550,336960,39900,0,0,0,25000,0,0,376860,1.21676484636204
"762",4191,960000,0,0,0,0,0,0,960000,572832,193500,0,5000,0,55000,5000,5000,771332,1.24460024995722
"763",4193,0,0,0,0,0,0,0,0,88400,0,0,600,200,17600,0,800,89200,0
"764",4195,226000,0,0,0,0,0,200,226200,111800,0,0,0,0,2000,110,0,111800,2.02325581395349
"765",4198,0,194756,5e+05,0,0,48000,200,742956,156520,212500,0,9380,0,90000,0,9380,378400,1.96341437632135
"766",4200,40000,4000,3e+05,0,0,0,0,344000,127920,-20000,0,42205,280,61000,0,42485,150405,2.2871580067152
"767",4201,540000,95000,0,0,0,0,0,635000,334620,138900,0,0,0,1e+05,50000,0,473520,1.34102044264234
"768",4202,2e+05,-1500,0,12000,78000,0,0,288500,215800,9000,0,0,0,20000,0,0,224800,1.28336298932384
"769",4203,0,72000,170000,0,0,0,258000,5e+05,211640,0,0,3200,1100,12000,0,4300,215940,2.31545799759192
"770",4204,0,74000,235000,0,0,0,0,309000,105560,68600,0,1930,0,10000,30000,1930,176090,1.75478448520643
"771",4205,751500,-7200,0,0,0,60000,0,804300,275340,206000,0,11850,7902,30000,0,19752,501092,1.60509447366951
"772",4206,845000,113750,0,48000,0,0,1000,1007750,667680,216000,0,28650,2000,50000,0,30650,914330,1.10217317598679
"773",4226,0,103000,0,0,1200000,0,86500,1389500,211692,117500,0,0,0,85000,0,0,329192,4.22094097061897
"774",4230,0,-10100,150000,24000,0,0,0,163900,375440,18900,0,0,0,10000,0,0,394340,0.415631181214181
"775",4232,16000,-19400,-30000,0,67500,0,0,34100,255320,68940,0,0,200,25000,0,200,324460,0.105097700795167
"776",4234,0,117000,0,0,-2e+05,120000,17700,54700,669240,71100,0,14100,0,232000,30000,14100,754440,0.0725041090080059
"777",4235,0,0,0,0,0,0,360000,360000,647400,100200,20066,20000,0,305000,25000,40066,787666,0.457046514639454
"778",4236,792000,187000,0,0,0,0,110000,1089000,291200,0,0,0,3801,5000,0,3801,295001,3.69151291012573
"779",4237,0,-79200,450000,0,0,0,292500,663300,392600,152900,0,75150,0,155000,25000,75150,620650,1.06871827922339
"780",4238,0,301000,150000,48000,0,0,0,499000,474760,0,70000,70000,0,103000,15000,140000,614760,0.811698874357473
"781",4243,0,98500,0,144000,0,0,300,242800,148720,22500,0,35000,290,45000,0,35290,206510,1.17572998886252
"782",4244,316500,139920,0,48000,0,0,7000,511420,385216,43500,0,209370,0,240000,8000,209370,638086,0.801490708149058
"783",4245,0,-23700,40000,48000,0,0,792400,856700,244400,129200,45000,22230,0,69000,7000,67230,440830,1.94337953406075
"784",4246,30000,113300,0,72000,0,0,3200,218500,161200,8430,0,17770,280,20000,0,18050,187680,1.16421568627451
"785",4247,0,167800,0,0,0,0,0,167800,286520,42300,0,6000,500,11000,0,6500,335320,0.500417511630681
"786",4273,0,0,80000,0,0,90000,0,170000,340808,52600,0,3910,0,20000,16000,3910,397318,0.427868860711068
"787",4275,296800,19300,150000,0,346000,0,0,812100,95940,0,0,5500,0,55000,0,5500,101440,8.00571766561514
"788",4277,0,160500,20000,32000,96000,36000,0,344500,148720,0,0,1700,0,5000,2500,1700,150420,2.29025395559101
"789",4278,344900,6250,546000,0,0,0,0,897150,347360,270000,0,0,0,10000,6100,0,617360,1.45320396527148
"790",4283,0,5500,40000,48000,0,0,0,93500,137020,0,0,400,0,11000,1100,400,137420,0.680395866686072
"791",4284,0,29600,89000,0,0,0,0,118600,240032,0,0,2200,0,67200,0,2200,242232,0.489613263317811
"792",4303,47000,73200,0,0,0,0,0,120200,119080,7000,0,0,0,20000,0,0,126080,0.953362944162436
"793",4305,0,250500,0,0,0,0,0,250500,320320,50452,0,0,0,10000,0,0,370772,0.675617360534237
"794",4311,0,173500,-402000,0,0,0,331600,103100,134992,0,0,0,300,6920,6000,300,135292,0.762055406084617
"795",4318,0,-11650,-2e+05,0,0,0,0,-211650,310232,94000,0,0,0,190,0,0,404232,-0.523585465772131
"796",4322,1080000,56300,-56000,4800,0,48000,5000,1138100,644020,49800,0,0,50,2500,0,50,693870,1.64022079063802
"797",4333,133000,48960,0,0,0,0,40000,221960,146120,28500,0,0,0,150,0,0,174620,1.27110296644142
"798",4334,87000,361000,0,8400,0,0,2000,458400,238160,18000,0,0,0,60000,0,0,256160,1.789506558401
"799",4336,0,30100,-72000,0,0,0,19000,-22900,159380,61500,0,0,0,500,0,0,220880,-0.103676204273814
"800",4337,120000,53508,0,50000,0,0,1,223509,248716,0,0,0,0,16500,0,0,248716,0.898651473970312
"801",4358,65000,18850,0,48000,0,0,6500,138350,267800,35000,0,0,0,65000,0,0,302800,0.456902245706737
"802",4361,649000,26980,-1920000,0,479000,0,8080000,7314980,372060,53000,0,0,0,12000,2000,0,425060,17.2092881005035
"803",4362,153910,-40000,-240000,1200000,1080000,0,1700000,3853910,1357980,0,0,0,0,30000,0,0,1357980,2.83797257691571
"804",4363,361000,-54000,0,0,0,0,953000,1260000,453180,142600,0,0,100,41000,30000,100,595880,2.11451970195341
"805",4368,363000,40000,0,0,0,168000,5000,576000,338780,72700,0,0,4050,30000,0,4050,415530,1.38618150314057
"806",4374,608000,21600,-264000,0,0,0,105000,470600,347100,0,0,0,0,5000,0,0,347100,1.35580524344569
"807",4395,6077000,-5500,-280000,0,0,0,1204500,6996000,235352,37300,0,0,0,3000,30000,0,272652,25.6590819066062
"808",4397,84500,31500,0,48000,0,0,0,164000,560040,73200,0,0,0,90000,8000,0,633240,0.258985534710378
"809",4399,0,31400,0,48000,0,0,0,79400,187200,22200,0,0,0,25000,0,0,209400,0.379178605539637
"810",4401,0,87050,50000,4800,0,0,0,141850,144560,35700,0,0,600,20000,0,600,180860,0.784308304766117
"811",4411,59000,-195300,0,0,0,48000,63500,-24800,202800,0,0,11200,5500,0,0,16700,219500,-0.112984054669704
"812",4412,0,-40300,0,0,0,0,0,-40300,310700,2400,0,0,0,3000,0,0,313100,-0.128712871287129
"813",4415,0,101800,60000,0,0,0,0,161800,262080,49790,0,0,200,30000,0,200,312070,0.518473419425129
"814",4422,1365000,35900,250000,0,0,0,84000,1734900,218400,118500,0,0,0,1000,1000052,0,336900,5.14959928762244
"815",4426,0,252600,-240000,0,0,0,0,12600,191620,0,0,10320,0,2580,13000,10320,201940,0.0623947707239774
"816",4427,548888,106000,1e+05,2000,0,48000,10000,814888,473200,0,0,0,0,3e+05,0,0,473200,1.72207945900254
"817",4429,58275,250,540000,54000,0,0,0,652525,275288,108500,0,0,0,50000,55000,0,383788,1.70022251868219
"818",4430,440400,-9450,480000,0,0,0,0,910950,212836,78700,0,0,0,5660,13500,0,291536,3.1246569891883
"819",4433,0,82750,480000,0,0,0,0,562750,112580,34600,0,0,0,16000,0,0,147180,3.82354939529827
"820",4434,18000,-22200,0,48000,0,0,119000,162800,414440,70500,0,10000,0,22000,0,10000,494940,0.3289287590415
"821",4437,0,8000,30000,0,0,48000,72000,158000,403780,104000,0,0,20,3000,0,20,507800,0.31114612051989
"822",4439,0,234000,-6e+05,0,0,0,0,-366000,110500,0,0,0,0,8000,0,0,110500,-3.31221719457014
"823",4440,0,2250,150000,0,0,0,0,152250,277420,9160,4500,4240,0,12000,3000,8740,295320,0.515542462413653
"824",4441,0,43900,0,68000,0,0,0,111900,205400,46400,0,11340,0,25000,0,11340,263140,0.425248916926351
"825",4443,0,-20500,0,0,2e+05,0,0,179500,335920,53800,0,0,0,30000,12000,0,389720,0.460587088165863
"826",4444,514000,32902,0,72000,0,0,0,618902,725920,108000,0,10670,650,15000,7000,11320,845240,0.732220434432824
"827",4445,0,566000,-240000,0,0,0,0,326000,238836,92500,0,0,0,137700,0,0,331336,0.983895501847068
"828",4446,0,2000,-1400000,0,774000,0,16000,-608000,297700,184200,0,0,20500,20500,0,20500,502400,-1.21019108280255
"829",4454,0,59400,150000,0,32000,0,0,241400,358800,0,0,0,0,15000,10000,0,358800,0.672798216276477
"830",4461,76574,28800,0,0,0,0,0,105374,252616,336400,0,0,0,46000,0,0,589016,0.178898366088527
"831",4462,478500,-10000,0,32000,0,0,5000,505500,326560,37000,0,22350,0,60000,0,22350,385910,1.30989090720634
"832",4467,0,5900,0,0,235000,0,625200,866100,229320,13500,0,0,2000,3200,0,2000,244820,3.53770116820521
"833",4468,150000,243600,-12000,0,0,0,0,381600,231400,28500,0,0,0,450,0,0,259900,1.46825702193151
"834",4479,0,90000,1254000,32500,0,0,16600,1393100,145600,6400,0,26240,450,25000,0,26690,178690,7.79618333426605
"835",4480,0,37440,9e+05,0,15000,0,1750,954190,211640,12250,0,5810,0,10000,550,5810,229700,4.15407052677405
"836",4481,62000,-26300,-264000,0,299400,0,7000,78100,418860,70280,0,24256,2080,46540,2500,26336,515476,0.151510448595085
"837",4483,73500,142210,-120000,24000,0,18000,0,137710,184340,0,0,21950,0,57000,10000,21950,206290,0.66755538319841
"838",4484,120000,148600,-24000,0,0,0,245310,489910,325520,12900,0,0,0,2780,2000,0,338420,1.44763902842622
"839",4485,163400,23000,403000,16000,0,0,15000,620400,366080,18440,0,0,0,29000,29000,0,384520,1.61344013315302
"840",4486,0,-6860,-190000,0,0,0,645,-196215,232700,35550,0,0,6275,45000,45000,6275,274525,-0.714743648119479
"841",4487,0,-5700,390000,36000,0,0,225,420525,116480,0,0,11160,0,40000,40000,11160,127640,3.29461767471012
"842",4488,16200000,24550,2e+05,32000,0,0,9,16456559,330772,8850,0,0,620,27000,27000,620,340242,48.3672180389252
"843",4489,8000,40308,162100,32000,0,0,0,242408,259324,15010,0,0,0,30000,9500,0,274334,0.883623612093288
"844",4490,0,-37100,405000,0,0,0,0,367900,353860,30750,0,51200,0,50000,50000,51200,435810,0.84417521396939
"845",4491,0,20700,350000,0,0,0,4245,374945,340340,116600,0,39470,50,40000,2000,39520,496460,0.755237078515893
"846",4494,0,-10740,132000,48000,0,18000,0,187260,63388,0,0,10985,175,20000,200,11160,74548,2.51193861673016
"847",4495,0,16400,270000,24000,0,0,4000,314400,201500,0,0,6300,0,120000,7100,6300,207800,1.51299326275265
"848",4496,30090000,-4195,126000,0,0,0,2040,30213845,207740,0,0,6480,0,7000,7000,6480,214220,141.041195966763
"849",4497,210000,-12100,0,12000,0,0,0,209900,201604,13520,0,0,0,32400,4000,0,215124,0.97571633104628
"850",4498,0,9001,250000,48000,0,0,325000,632001,400296,143700,0,28600,0,17400,15000,28600,572596,1.10374679529721
"851",4499,645000,593960,0,30000,0,156000,108000,1532960,1994564,45000,0,50,0,3050,0,50,2039614,0.751593193614086
"852",4501,509000,-81000,0,0,0,0,60200,488200,239720,41750,0,0,0,1300,0,0,281470,1.73446548477635
"853",4503,694466,23200,0,4800,0,144000,3700,870166,539136,68200,0,0,0,30200,0,0,607336,1.43275880237628
"854",4506,0,7687,-276000,0,438000,0,5,169692,206336,0,0,0,0,8000,12000,0,206336,0.822406172456576
"855",4508,0,10000,0,0,0,0,0,10000,354120,85000,450000,239200,0,7e+05,0,689200,1128320,0.00886273397617697
"856",4509,448000,67200,20000,0,0,0,25000,560200,304200,0,0,8650,0,530000,0,8650,312850,1.7906344893719
"857",4511,638000,50000,0,46800,0,0,2400,737200,301600,43200,0,500,47100,50000,0,47600,392400,1.87869520897044
"858",4512,96000,14000,0,36000,0,0,5000,151000,217360,32500,0,0,27650,30000,0,27650,277510,0.544124536052755
"859",4519,0,20090,3e+05,6400,7500,0,180,334170,283660,29900,0,0,0,140000,10000,0,313560,1.06572904707233
"860",4521,720000,-8000,7500,48000,930000,0,325000,2022500,428480,63500,0,81300,0,70000,0,81300,573280,3.52794445994976
"861",4523,532000,21950,0,78400,0,48000,0,680350,378716,55800,0,0,2805,25000,10000,2805,437321,1.55572222692256
"862",4526,180000,81000,-108000,0,0,0,4,153004,445380,64500,0,1440,100,80000,0,1540,511420,0.299174846505807
"863",4527,0,0,0,20000,0,0,1500,21500,170560,0,0,60,10,0,0,70,170630,0.126003633593155
"864",4530,240000,44200,0,0,0,0,276000,560200,346840,45200,3,107600,0,250000,0,107603,499643,1.12120053718355
"865",4531,238000,2458,6e+05,0,0,0,0,840458,192920,0,0,0,2000,70000,0,2000,194920,4.31180997332239
"866",4532,0,5800,330000,0,0,0,0,335800,190580,26300,0,7500,0,45000,0,7500,224380,1.49656832159729
"867",4533,0,-500,6e+06,0,0,0,0,5999500,205920,98000,0,0,0,15000,0,0,303920,19.7403922084759
"868",4534,1281200,7300,96000,0,0,0,0,1384500,180960,19100,0,0,0,13000,0,0,200060,6.92042387283815
"869",4535,0,306300,0,0,7000,0,0,313300,224120,0,0,0,500,35000,0,500,224620,1.39480010684712
"870",4537,26000,24000,-180000,48000,0,180000,14,98014,154024,0,0,0,135500,60000,5000,135500,289524,0.338534974648043
"871",4540,296000,-61730,-420000,0,350000,0,16000,180270,321256,0,140700,140700,0,6500000,0,281400,602656,0.299125869484416
"872",4542,35000,-39900,0,0,0,48000,15000,58100,130000,90300,0,0,1200,15000,0,1200,221500,0.262302483069977
"873",4545,0,0,0,0,294000,0,0,294000,163800,0,0,19700,200,0,0,19900,183700,1.60043549265106
"874",4547,0,131000,0,0,0,0,7e+06,7131000,261560,142050,0,0,0,4000,400,0,403610,17.6680458858799
"875",4552,18000,-5305,10000,0,192000,0,180002,394697,121576,91750,0,0,3000,3000,0,3000,216326,1.82454721115354
"876",4556,0,19850,0,8000,540000,0,0,567850,198952,19420,0,3350,0,30000,0,3350,221722,2.56109001362066
"877",4562,4e+07,-9800,-330000,16000,720000,0,2004,40398204,195832,0,0,3800,0,3800,0,3800,199632,202.363368598221
"878",4563,150500,78102,0,0,0,0,4,228606,323232,5900,0,0,16050,25000,0,16050,345182,0.662276711995411
"879",4564,150000,41500,0,4800,0,0,60002,256302,303264,37500,0,0,2000,2000,0,2000,342764,0.747750638923574
"880",4566,22200,198600,-10000,0,0,0,0,210800,102960,0,0,0,0,98500,0,0,102960,2.04739704739705
"881",4567,3e+05,31400,-96000,0,0,0,0,235400,122980,24400,0,2800,0,12000,0,2800,150180,1.56745239046478
"882",4568,108000,41800,0,48000,0,0,0,197800,112580,29950,0,1900,0,15000,40000,1900,144430,1.36952156754137
"883",4569,3e+05,398600,0,48000,0,0,8,746608,184080,11450,68000,9820,0,225420,60000,77820,273350,2.73132613865008
"884",4570,360002,64700,0,0,0,0,0,424702,98280,7600,0,1200,0,20000,0,1200,107080,3.96621217781098
"885",4571,301500,0,140000,0,0,0,0,441500,460200,0,0,40000,0,49600,9500,40000,500200,0.882646941223511
"886",4572,0,0,5e+05,0,0,0,0,5e+05,332800,0,0,47000,0,49500,2500,47000,379800,1.31648235913639
"887",4573,0,-5298,45000,96000,0,0,0,135702,100360,49300,0,18000,2600,45000,0,20600,170260,0.797028074709268
"888",4574,262500,165300,-50000,0,0,0,0,377800,133848,17000,0,0,4750,20000,0,4750,155598,2.4280517744444
"889",4575,0,349500,0,0,84000,0,9000,442500,110760,0,0,7600,3750,4000,0,11350,122110,3.62378183604946
"890",4576,720000,47200,0,0,0,0,7750,774950,91000,2000,0,0,2500,6000,0,2500,95500,8.11465968586387
"891",4579,0,459500,-35000,0,0,0,0,424500,147420,29000,0,605,2380,6800,2480,2985,179405,2.36615478944288
"892",4581,345000,-133450,0,9000,0,0,0,220550,191360,90700,0,10150,0,6000,0,10150,292210,0.754765408439136
"893",4584,80500,-12200,-6e+05,0,0,0,3,-531697,192920,0,0,1505,220,2000,15,1725,194645,-2.7316242389992
"894",4586,0,-1300,-32000,0,0,48000,0,14700,338000,0,0,0,5000,5000,0,5000,343000,0.0428571428571429
"895",4588,55000,0,120000,108000,0,0,0,283000,388752,19700,0,840,840,40000,0,1680,410132,0.690021749095413
"896",4590,95200,-83000,-80000,0,0,0,8,-67792,170560,17500,0,0,0,600,0,0,188060,-0.360480697649686
"897",4594,0,109500,1e+05,5000,0,0,0,214500,275184,33450,0,0,200,2000,185,200,308834,0.694547880090923
"898",4596,0,85500,-150000,0,0,0,0,-64500,218400,12600,0,0,0,15000,0,0,231000,-0.279220779220779
"899",4599,59000,2300,-240000,48000,0,0,264000,133300,277160,152000,0,5000,0,10000,0,5000,434160,0.307029666482403
"900",4601,0,1800,180000,0,0,0,334800,516600,288600,75100,0,0,150,90,300,150,363850,1.41981585818332
"901",4603,0,-5000,-173500,0,0,0,2000,-176500,249132,0,0,23033,1300,262500,50000,24333,273465,-0.645420803393487
"902",4605,150000,129800,-150000,36000,130000,48000,0,343800,199160,0,0,57700,0,70000,0,57700,256860,1.33847231955151
"903",4606,344950,-10650,0,0,0,0,0,334300,189800,36800,0,960,0,9000,0,960,227560,1.46906310423625
"904",4607,0,79454,0,0,0,0,150000,229454,104780,96200,0,0,300,8000,0,300,201280,1.13997416534181
"905",4608,0,-10800,0,25600,217000,0,0,231800,157040,38900,0,11520,0,15000,0,11520,207460,1.11732382145956
"906",4610,28000,-15560,0,0,240000,0,1600,254040,154180,0,0,8150,0,12000,5220,8150,162330,1.56496026612456
"907",4611,350000,44917,0,0,0,0,2000,396917,149396,0,0,3185,320,7000,2985,3505,152901,2.59590846364641
"908",4612,0,-4900,0,0,106800,0,2888000,2989900,158860,84100,0,0,0,6500,0,0,242960,12.3061409285479
"909",4613,0,-31650,430000,48000,0,0,500,446850,150280,13000,0,15119,0,15000,1219,15119,178399,2.5047786142299
"910",4614,0,-88975,0,48000,1800,0,1075000,1035825,449072,0,1446715,1670915,0,7e+05,7e+05,3117630,3566702,0.290415347287214
"911",4615,0,54325,6e+05,0,19700,0,40000,714025,513760,39500,0,21950,0,35000,35000,21950,575210,1.24132925366388
"912",4616,351000,2050,270000,0,0,0,2000,625050,143000,0,0,49378,4800,55000,55000,54178,197178,3.16997839515565
"913",4617,0,620,215000,48000,0,0,2000,265620,82784,26270,0,13240,0,60000,60000,13240,122294,2.1719790014228
"914",4618,1185000,0,0,0,0,0,0,1185000,416520,0,0,0,0,9500,0,0,416520,2.84500144050706
"915",4619,0,-16420,0,4800,216000,0,2500,206880,218140,0,0,57025,0,6000,0,57025,275165,0.751839805207784
"916",4620,21000,69680,110200,0,0,0,0,200880,165880,0,0,16115,0,25000,3560,16115,181995,1.10376658699415
"917",4621,72500,-5738,45000,0,0,0,350,112112,243776,0,0,28850,0,30350,0,28850,272626,0.411230036753648
"918",4622,0,-1460,120000,0,0,0,650,119190,150280,0,0,60976,0,30000,0,60976,211256,0.564196993221494
"919",4625,0,31650,122000,32000,0,0,540,186190,175760,30520,0,11222,0,15000,4050,11222,217502,0.856038105396732
"920",4628,40500,-4570,16000,0,0,0,260,52190,168740,20400,0,17150,0,20000,0,17150,206290,0.252993358863736
"921",4629,29517000,3970,0,0,0,0,600,29521570,169520,4350,0,12070,180,15000,0,12250,186120,158.615785514722
"922",4630,0,8590,-10000,0,512000,0,600,511190,202280,0,0,33560,0,33560,0,33560,235840,2.16752883310719
"923",4631,370000,179000,0,0,0,0,0,549000,193180,55300,0,0,0,17500,0,0,248480,2.20943335479717
"924",4635,601000,31500,0,0,18800,0,0,651300,251368,0,0,74800,300,92000,0,75100,326468,1.99498878910031
"925",4636,0,35000,620000,0,0,72000,500,727500,368680,0,0,1320,0,1e+05,8120,1320,370000,1.96621621621622
"926",4637,0,30000,0,0,2e+06,180000,467000,2677000,457600,72500,0,68900,0,80000,4500,68900,599000,4.46911519198664
"927",4638,496008,0,0,0,14000,0,0,510008,249600,114200,0,13600,500,170000,0,14100,377900,1.34958454617624
"928",4639,0,-45000,450000,0,0,0,0,405000,193908,67600,0,0,8500,25000,0,8500,270008,1.49995555687239
"929",4641,0,-5650,0,24000,0,0,0,18350,164320,0,0,0,0,10000,0,0,164320,0.111672346640701
"930",4645,0,94700,50000,5000,0,0,61000,210700,333320,0,0,50000,0,2e+05,0,50000,383320,0.549671292914536
"931",4650,7511000,15000,0,0,0,0,140000,7666000,395980,0,0,19700,0,50000,1900,19700,415680,18.4420708237105
"932",4656,32000,-8650,0,48000,0,0,10920,82270,210860,0,0,22562,0,25000,0,22562,233422,0.352451782608323
"933",4657,0,65000,0,0,0,0,0,65000,120640,0,0,11200,0,25000,0,11200,131840,0.493021844660194
"934",4659,2400,-39815,72000,54000,0,0,0,88585,119600,15700,0,0,500,10000,0,500,135800,0.652319587628866
"935",4660,474000,154108.09,0,0,0,0,0,628108.09,165256,2000,0,30000,0,60000,0,30000,197256,3.18422805896906
"936",4661,0,161250,2801200,6400,0,0,0,2968850,171080,23200,0,0,300,90000,0,300,194580,15.2577346078734
"937",4662,3e+05,60700,-180000,0,957200,0,0,1137900,201500,7900,0,0,0,15000,20000,0,209400,5.43409742120344
"938",4663,0,75300,0,0,95200,0,2e+05,370500,140920,83500,0,0,360,20000,0,360,224780,1.64827831657621
"939",4664,0,3400,18000,48000,0,0,480000,549400,253240,0,104000,0,0,50000,0,104000,357240,1.53790169074012
"940",4665,0,34400,-350000,30000,7e+05,0,0,414400,132600,0,0,0,0,10000,0,0,132600,3.12518853695324
"941",4666,0,70000,0,48000,0,0,0,118000,124800,0,0,9900,0,9000,0,9900,134700,0.876020786933927
"942",4667,0,480100,-20000,0,0,0,0,460100,167960,0,0,64400,0,60200,0,64400,232360,1.98011705973489
"943",4668,0,81000,7e+05,48000,0,0,0,829000,304200,0,0,3805,0,8100,500,3805,308005,2.69151474813721
"944",4669,717000,220700,0,0,690000,0,0,1627700,655200,23200,0,2760,0,1270,0,2760,681160,2.38960009395737
"945",4670,0,-500,0,12000,1e+05,0,0,111500,152672,0,0,0,0,200,0,0,152672,0.73032383148187
"946",4671,0,0,0,0,8e+05,0,1208000,2008000,2227056,32500,0,9800,0,21800,0,9800,2269356,0.884832525174543
"947",4672,1800000,41800,0,0,6e+05,48000,228000,2717800,107640,0,738400,34680,0,0,0,773080,880720,3.08588427650104
"948",4673,0,-200,0,36000,0,0,150000,185800,559000,0,0,0,0,0,0,0,559000,0.332379248658318
"949",4677,607333,798000,0,0,0,6e+05,42000,2047333,626496,408000,0,10080,10,12080,2071,10090,1044586,1.95994681146406
"950",4692,345000,131500,-77000,96000,183800,0,500,679800,176176,15500,0,4200,0,2e+05,0,4200,195876,3.47056300925075
"951",4694,15600,-45200,0,0,0,0,30000,400,276640,11070,76778,34700,40,146000,86078,111518,399228,0.00100193373210296
"952",4702,54000,14880,0,72000,0,0,0,140880,229320,23000,0,26200,0,10000,0,26200,278520,0.505816458423094
"953",4703,932100,0,0,0,395000,540000,130000,1997100,424840,204000,0,0,0,6000,0,0,628840,3.17584759239234
"954",4704,704106,20000,0,48000,0,120000,0,892106,327600,2460000,0,0,0,50000,35000,0,2787600,0.320026546132874
"955",4705,0,298034,-120000,0,140000,0,0,318034,171600,0,0,16380,0,24500,0,16380,187980,1.69185019682945
"956",4707,0,-2200,26000,0,110000,0,0,133800,166400,0,0,7200,0,0,0,7200,173600,0.77073732718894
"957",4708,205000,8300,0,0,0,0,0,213300,135460,8100,0,4200,0,0,0,4200,147760,1.44355711965349
"958",4709,271000,-6300,-12000,0,0,48000,0,300700,427960,0,0,0,0,1205,0,0,427960,0.702635760351435
"959",4710,0,0,9e+05,0,365000,0,0,1265000,176280,116800,0,0,0,0,0,0,293080,4.31622765115327
"960",4711,0,28609,5e+05,96000,0,0,1240000,1864609,287664,36988,0,30290,0,1e+05,0,30290,354942,5.25327800034935
"961",4712,280000,-12000,96000,0,0,0,0,364000,187824,44500,0,26497,0,20000,1283,26497,258821,1.40637738050622
"962",4713,216000,11209,47000,0,0,0,0,274209,236600,6580,0,27040,150,80000,0,27190,270370,1.01419906054666
"963",4714,0,6430,680000,48000,0,0,3600,738030,214760,0,0,289760,783,3e+05,1e+05,290543,505303,1.46056920303264
"964",4715,0,26750,240000,0,109000,0,4300,380050,256828,40640,0,11000,0,70000,0,11000,308468,1.2320564855998
"965",4716,154500,92800,60000,36000,0,0,0,343300,369200,64600,0,80900,0,50000,50000,80900,514700,0.666990479891199
"966",4717,16000,24000,270000,0,0,0,0,310000,216216,9050,0,3750,23700,40000,0,27450,252716,1.22667341996549
"967",4718,0,0,50000,0,1296400,0,0,1346400,219440,0,0,43100,28200,80000,0,71300,290740,4.6309417348834
"968",4722,0,15500,6e+05,0,0,0,0,615500,193440,41400,0,6000,0,15000,0,6000,240840,2.55563859823949
"969",4724,0,0,-240000,48000,524000,0,0,332000,301340,0,0,0,0,65000,0,0,301340,1.10174553660317
"970",4727,0,35100,70000,0,0,0,312000,417100,205400,0,0,0,0,15000,5000,0,205400,2.03067185978578
"971",4729,0,982100,6e+05,0,0,0,0,1582100,120900,0,0,0,0,15000,0,0,120900,13.0860215053763
"972",4731,0,136000,0,96000,0,0,0,232000,96200,0,0,0,0,80000,30000,0,96200,2.41164241164241
"973",4738,0,175500,0,0,0,0,0,175500,115960,0,0,0,0,1e+05,0,0,115960,1.51345291479821
"974",4739,828400,0,0,32000,0,0,1300000,2160400,492180,0,0,0,0,120000,40000,0,492180,4.38945101385672
"975",4742,50000,65900,0,0,63000,0,0,178900,175760,0,0,0,0,40000,7000,0,175760,1.01786527082385
"976",4749,0,117400,385000,0,0,0,0,502400,102960,9000,0,0,0,150000,0,0,111960,4.48731689889246
"977",4750,0,28142,9e+05,0,9200,0,0,937342,141960,27600,0,0,0,80000,20000,0,169560,5.52808445388063
"978",4751,581000,41400,280000,0,0,0,0,902400,201240,13000,0,7000,0,60000,0,7000,221240,4.07882842162358
"979",4753,1078700,45000,150000,0,0,0,0,1273700,315640,53780,0,2500,0,10000,0,2500,371920,3.42466121746612
"980",4755,549460,0,0,0,0,0,0,549460,160160,0,0,0,0,40000,0,0,160160,3.43069430569431
"981",4759,378500,0,0,0,0,0,15000,393500,222300,0,0,0,0,30000,3000,0,222300,1.77013045434098
"982",4761,323000,0,0,0,0,0,0,323000,161200,-33000,0,0,220,25000,1600,220,128420,2.51518455069304
"983",4765,318000,38000,0,48000,50000,0,0,454000,273520,-25000,0,0,0,42000,2000,0,248520,1.82681474328022
"984",4767,0,-46500,60000,0,0,0,82960,96460,135096,0,0,25288,0,50000,1430,25288,160384,0.60143156424581
"985",4768,0,-2800,0,32000,389850,0,5000,424050,575640,110000,0,14680,1135,6000,4144,15815,701455,0.604529157251713
"986",4769,210000,13040,0,32000,0,0,600,255640,159640,2100,0,0,0,14000,0,0,161740,1.58056139483121
"987",4770,0,92700,0,0,0,0,0,92700,296140,22200,0,0,300,110420,20000,300,318640,0.290923926688426
"988",4771,187000,31150,0,0,0,0,0,218150,303160,0,0,450,0,35000,15000,450,303610,0.718520470340239
"989",4772,34600,-17650,0,0,0,0,0,16950,223860,290500,0,28550,0,26550,0,28550,542910,0.031220644305686
"990",4773,0,107100,0,32000,-216000,0,216000,139100,275340,64300,0,0,0,18000,0,0,339640,0.409551289600754
"991",4778,371180,26500,0,0,0,0,0,397680,173160,0,410,5753,0,24600,58000,6163,179323,2.21767425260563
"992",4779,0,-16100,0,0,0,0,15000,-1100,68120,0,0,6660,0,15000,20000,6660,74780,-0.0147098154586788
"993",4780,465000,965500,0,0,0,0,2500,1433000,1181440,102250,8000,119200,0,161000,0,127200,1410890,1.0156709594653
"994",4784,0,2000,-3e+05,0,0,0,0,-298000,387920,120000,0,51240,3100,60000,70000,54340,562260,-0.530003912780564
"995",4790,60000,535000,0,0,0,0,1500,596500,315640,95800,0,0,208,15000,0,208,411648,1.44905356032338
"996",4795,0,-18580,0,0,0,0,3200,-15380,1030640,45800,0,6420,0,9000,0,6420,1082860,-0.0142031287516392
"997",4797,0,39600,0,0,0,0,10000,49600,210600,0,0,1800,13483,20000,0,15283,225883,0.219582704320378
"998",4798,693000,85900,0,32000,0,0,0,810900,174720,119200,0,44835,3505,3505,945,48340,342260,2.36925144626892
"999",4800,12000,14800,470001,0,0,0,0,496801,117260,61980,0,0,85,6850,0,85,179325,2.77039453506204
"1000",4801,288008,0,0,0,0,0,7000,295008,68380,0,0,0,0,21000,0,0,68380,4.31424393097397
"1001",4803,0,-45400,60000,0,108000,0,0,122600,166400,10820,0,3390,0,28640,0,3390,180610,0.678810697082111
"1002",4804,0,25000,36000,0,0,0,10000,71000,154700,0,0,400,0,70000,0,400,155100,0.457769181173437
"1003",4806,478000,0,0,48000,0,0,38400,564400,244400,242460,1000,0,0,70000,0,1000,487860,1.15688927151232
"1004",4808,0,30950,0,96000,0,0,0,126950,159120,0,19000,10400,0,68400,8800,29400,188520,0.67340335242945
"1005",4812,0,7700,0,48000,491000,0,0,546700,326560,395500,0,0,4500,60000,0,4500,726560,0.752449900902885
"1006",4813,0,194650,8e+05,48000,0,0,3000,1045650,429520,62580,0,0,0,30000,11270,0,492100,2.12487299329405
"1007",4815,0,11100,120000,0,0,0,724000,855100,356200,62840,0,7720,0,15000,0,7720,426760,2.00370231511857
"1008",4817,0,5400,80000,48000,0,0,28000,161400,294840,0,0,0,500,6000,0,500,295340,0.546488792578046
"1009",4820,0,-32608,583001,0,0,0,0,550393,255320,0,0,37920,0,18360,0,37920,293240,1.87693697994817
"1010",4821,0,-33350,0,0,178000,0,30000,174650,249860,0,0,290,0,9500,0,290,250150,0.698181091345193
"1011",4824,0,31202,3e+05,0,0,0,0,331202,146640,51000,0,0,0,15000,0,0,197640,1.67578425419955
"1012",4826,1503000,33100,306000,0,0,0,500,1842600,201032,41050,0,7584,220,7500,672,7804,249886,7.37376243567067
"1013",4834,330000,30000,-20000,0,1680000,0,0,2020000,147160,0,0,0,0,18000,0,0,147160,13.726556129383
"1014",4836,0,198140,580000,0,0,0,0,778140,424840,124000,0,8930,0,65000,17000,8930,557770,1.39509116660989
"1015",4837,0,-13600,720000,0,0,0,0,706400,179920,51500,0,26900,0,30000,0,26900,258320,2.73459275317436
"1016",4838,0,-23100,1e+05,0,0,0,0,76900,362440,10000,0,18660,0,30000,15000,18660,391100,0.196624904116594
"1017",4840,294000,0,0,0,0,0,229000,523000,251420,70000,0,0,0,3000,0,0,321420,1.62715450189783
"1018",4842,144000,0,0,0,0,0,0,144000,232180,31000,0,0,0,1e+05,0,0,263180,0.547154039060719
"1019",4844,445000,0,0,0,0,0,0,445000,378300,118400,0,4200,150,30000,6000,4350,501050,0.888134916674983
"1020",4846,621000,1100,0,0,0,0,237000,859100,251160,-36000,0,0,80,10000,0,80,215240,3.99135848355324
"1021",4848,280800,0,0,0,1328600,0,4000,1613400,157040,51600,0,3600,0,15000,0,3600,212240,7.60177157934414
"1022",4850,0,1300,0,0,0,0,0,1300,114400,0,0,1120,0,8000,0,1120,115520,0.0112534626038781
"1023",4852,0,0,-9e+06,0,0,180000,4000,-8816000,259324,212800,0,0,5000,45000,0,5000,477124,-18.4773769502268
"1024",4854,0,11400,0,30000,240000,0,0,281400,389480,0,0,0,0,250000,0,0,389480,0.722501797268152
"1025",4856,354000,115700,20000,0,0,0,0,489700,185952,26100,16850,14685,0,70000,1800,31535,243587,2.01037001153592
"1026",4862,25000,-11500,0,48000,120000,0,228000,409500,189020,10000,0,7000,0,10000,0,7000,206020,1.98767109989321
"1027",4863,516000,-7200,0,48000,0,0,0,556800,281840,0,0,24600,75,40000,0,24675,306515,1.81655057664388
"1028",4865,324000,199800,0,64000,0,0,45700,633500,829920,51600,0,27150,0,80000,0,27150,908670,0.697172791002234
"1029",4866,107500,-73302,365000,0,0,0,0,399198,173160,0,0,0,7100,20000,10000,7100,180260,2.21456784644403
"1030",4867,56400,54550,60000,0,0,0,5000,175950,166400,0,0,0,660,15000,0,660,167060,1.053214413983
"1031",4868,240000,1202,50000,0,0,0,267000,558202,244712,24800,0,14100,0,60000,0,14100,283612,1.96818893417768
"1032",4870,32000,-2000,0,0,0,0,0,30000,186680,0,0,0,0,40000,0,0,186680,0.160702806942361
"1033",4872,60000,0,0,0,0,0,0,60000,217100,0,0,0,0,10000,0,0,217100,0.276370336250576
"1034",4879,120000,0,420000,0,0,0,2200,542200,171392,78450,0,9300,0,70000,0,9300,259142,2.09228916964444
"1035",4880,0,-7220,630000,24000,0,0,5000,651780,209300,69100,0,75003,0,17000,0,75003,353403,1.8442967377187
"1036",4881,688000,0,0,0,0,0,0,688000,264160,0,0,0,0,150000,0,0,264160,2.60448213204119
"1037",4883,10000,3600,0,20000,0,0,0,33600,170352,0,0,0,1050,1700,0,1050,171402,0.19603038470963
"1038",4884,210000,-163400,0,0,0,0,0,46600,168740,42250,0,400,0,12000,0,400,211390,0.220445621836416
"1039",4885,936000,-267000,692000,0,25200,0,77000,1463200,324324,6400,0,0,800,1165,2650,800,331524,4.41355678623569
"1040",4899,450000,1208600,-250000,0,0,0,500,1409100,475020,207400,0,42950,0,116000,0,42950,725370,1.94259481368129
"1041",4900,504000,-6150,492000,0,-153150,0,0,836700,216320,0,0,0,5020,50000,0,5020,221340,3.78015722417999
"1042",4901,576000,88660,0,0,0,0,22000,686660,163280,48500,0,0,0,0,0,0,211780,3.24232694305411
"1043",4902,0,362902,690000,0,0,0,0,1052902,196560,0,0,8000,4390,10000,0,12390,208950,5.0390141182101
"1044",4903,180000,-18800,0,0,0,0,0,161200,400400,119000,0,53620,0,60598,6978,53620,573020,0.28131653345433
"1045",4904,350000,-40508,0,0,0,0,0,309492,384800,0,0,37000,0,35000,0,37000,421800,0.733741109530583
"1046",4907,0,-14300,0,0,0,0,0,-14300,475800,68000,0,93406,0,93400,0,93406,637206,-0.0224417221432315
"1047",4908,1080000,24000,-160000,0,0,0,1410000,2354000,287560,15000,0,0,0,1500,0,0,302560,7.78027498677948
"1048",4909,195000,123350,0,96000,0,0,0,414350,388440,3100,0,0,0,300,320,0,391540,1.05825713847883
"1049",4910,205000,0,-220000,0,540000,6e+05,0,1125000,319176,0,0,0,0,1200,0,0,319176,3.52470110534627
"1050",4911,205000,93950,615000,30000,0,0,0,943950,175760,0,0,0,0,25000,0,0,175760,5.37067592171142
"1051",4912,0,40100,0,96000,0,240000,0,376100,189280,0,0,0,0,30000,0,0,189280,1.98700338123415
"1052",4913,210000,94300,-50000,0,0,0,0,254300,273000,0,0,0,0,5500,0,0,273000,0.931501831501832
"1053",4914,184000,191900,0,48000,0,0,0,423900,254800,0,0,12010,0,15000,1377,12010,266810,1.58877103556838
"1054",4915,0,46500,-2e+05,0,8e+05,0,0,646500,501800,0,0,71100,0,70000,0,71100,572900,1.12846919183104
"1055",4916,489000,-14700,0,0,1870000,0,0,2344300,624000,0,0,0,0,18000,0,0,624000,3.75689102564103
"1056",4917,0,128400,0,0,0,0,0,128400,140920,1500,0,0,0,9500,0,0,142420,0.901558769835697
"1057",4920,70000,-36450,0,0,180000,0,0,213550,201240,18300,0,0,0,15000,0,0,219540,0.972715678236312
"1058",4924,0,55100,205000,0,0,0,0,260100,158600,0,0,37800,0,0,0,37800,196400,1.32433808553971
"1059",4926,0,20700,3e+05,36000,0,0,0,356700,186680,0,26000,18600,0,60000,0,44600,231280,1.54228640608786
"1060",4932,0,128000,0,36000,0,0,0,164000,91000,0,0,0,0,10000,0,0,91000,1.8021978021978
"1061",4933,0,122000,-120000,0,0,0,0,2000,130000,0,0,0,0,3000,0,0,130000,0.0153846153846154
"1062",4934,0,197500,0,31960,385000,0,0,614460,197600,0,0,0,0,10000,0,0,197600,3.10961538461538
"1063",4935,0,273000,-105000,0,0,0,0,168000,140400,0,0,0,0,3000,0,0,140400,1.1965811965812
"1064",4936,0,41000,0,96000,0,42000,180000,359000,161200,0,0,0,0,30000,0,0,161200,2.22704714640198
"1065",4937,655000,73000,-360000,0,297600,0,0,665600,226304,0,0,0,0,16000,6000,0,226304,2.94117647058824
"1066",4938,612000,2,0,0,0,0,204000,816002,450840,0,0,50000,1000,60000,0,51000,501840,1.62602024549657
"1067",4939,264000,0,0,48000,0,0,600,312600,379600,41500,0,0,0,9000,0,0,421100,0.742341486582759
"1068",4940,208650,0,0,0,0,0,13000,221650,296140,0,0,0,5000,5000,800,5000,301140,0.736036395032211
"1069",4942,460000,50000,0,0,551500,0,15000,1076500,863720,175060,0,0,2000,12000,23000,2000,1040780,1.034320413536
"1070",4943,585000,0,0,0,0,0,5e+05,1085000,416000,98500,0,0,0,17000,20000,0,514500,2.10884353741497
"1071",4944,440000,-10560,1e+05,0,0,0,0,529440,191880,23200,0,11520,0,32000,5500,11520,226600,2.33645189761695
"1072",4945,90000,-67500,0,0,3255000,0,2500,3280000,512200,78500,0,66400,0,144000,0,66400,657100,4.9916298889058
"1073",4946,0,-7700,620000,36000,0,0,500,648800,290680,121200,0,6000,110,15000,0,6110,417990,1.55219024378574
"1074",4947,0,0,6e+05,0,0,0,0,6e+05,289380,28600,0,0,120,5e+05,0,120,318100,1.88619930839359
"1075",4949,252000,32852,0,0,0,0,1000,285852,104520,0,0,0,0,50000,58321,0,104520,2.73490241102181
"1076",4950,396000,18300,0,0,0,0,500,414800,98800,0,0,0,0,60000,0,0,98800,4.19838056680162
"1077",4951,351000,20000,0,0,0,0,4500,375500,140400,0,0,0,1580,1580,1040,1580,141980,2.64473869559093
"1078",4954,0,35500,0,0,844200,0,56000,935700,270400,0,0,0,0,50000,20000,0,270400,3.46042899408284
"1079",4956,30000,25550,0,0,0,0,0,55550,38480,0,0,0,0,12000,0,0,38480,1.44360706860707
"1080",4957,0,401500,460000,0,0,0,0,861500,166400,8400,0,0,0,30000,1200,0,174800,4.92848970251716
"1081",4960,156000,-36900,-150000,0,0,0,200,-30700,507520,28100,0,28290,0,58000,8500,28290,563910,-0.0544413115568087
"1082",4961,120000,-57100,-80000,0,0,0,13000,-4100,296400,0,23000,123600,950,150000,0,147550,443950,-0.00923527424259489
"1083",4963,0,694700,0,80000,0,0,0,774700,248040,27200,0,0,0,72000,1500,0,275240,2.8146345007993
"1084",4964,0,439200,0,0,0,0,0,439200,343720,5200,0,0,0,60000,0,0,348920,1.25874125874126
"1085",4968,0,-12750,0,0,0,0,0,-12750,65520,0,0,0,800,15000,0,800,66320,-0.192249698431846
"1086",4973,396000,211700,108800,32000,0,0,0,748500,125840,0,0,0,400,8000,0,400,126240,5.9291825095057
"1087",4977,3000,-18600,-636000,0,0,0,0,-651600,99944,2000,0,0,0,50000,1e+05,0,101944,-6.39174448716943
"1088",4978,262400,0,50000,0,0,0,500,312900,240240,77700,0,0,10,7000,0,10,317950,0.984116999528228
"1089",4979,628000,0,0,0,0,0,515000,1143000,531440,54600,0,0,6225,25000,30000,6225,592265,1.92987936143449
"1090",4981,378000,83200,0,800,0,0,0,462000,125060,0,0,0,5400,15000,0,5400,130460,3.54131534569983
"1091",4982,0,122500,0,0,0,0,12000,134500,459420,13400,0,21400,16410,35000,0,37810,510630,0.263400113585179
"1092",4983,828000,179400,0,0,0,0,2000,1009400,160680,33300,0,0,7985,14500,600,7985,201965,4.99789567499319
"1093",4986,0,-22800,1e+05,0,36000,0,0,113200,74620,8790,0,0,0,38000,0,0,83410,1.35715142069296
"1094",4991,559000,-10808,-97500,0,0,0,0,450692,136084,0,0,0,0,12000,0,0,136084,3.31186620028806
"1095",4994,0,17400,0,96000,42000,0,360000,515400,534092,406920,0,365418,0,1560000,1e+05,365418,1306430,0.39451023016924
"1096",4995,1507550,-78500,6e+05,48000,0,0,384000,2461050,477360,0,0,0,0,50000,0,0,477360,5.15554298642534
"1097",4996,489010,-31250,660000,0,-4800,0,120000,1232960,192400,11300,0,0,0,2800,0,0,203700,6.05282277859597
"1098",4997,0,49000,0,0,84200,0,8000,141200,390728,4600,0,250,0,2500,0,250,395578,0.356946038455121
"1099",4999,0,-13800,0,96000,0,0,0,82200,305500,3100,0,2000,0,2000,0,2000,310600,0.264649066323245
"1100",5000,568000,88300,590000,96000,97500,0,360000,1799800,893880,292000,0,56200,0,72000,5000,56200,1242080,1.44902099703723
"1101",5009,0,64000,-2e+05,0,585000,0,0,449000,158600,0,0,0,0,30000,0,0,158600,2.83102143757881
"1102",5010,395000,-142200,0,0,0,0,336216,589016,583440,138200,0,50700,0,130000,7000,50700,772340,0.762638216329596
"1103",5012,0,-21525,148000,0,60000,0,0,186475,257400,29500,0,59400,0,70000,0,59400,346300,0.538478198094138
"1104",5021,0,0,5e+05,120000,497000,0,0,1117000,195000,40000,0,0,0,50000,10000,0,235000,4.7531914893617
"1105",5022,0,0,1800000,0,498800,0,0,2298800,114400,0,0,0,0,50000,0,0,114400,20.0944055944056
"1106",5024,120000,33500,0,60000,0,0,2375,215875,296400,32100,151000,127000,15,20000,9000,278015,606515,0.355926893811365
"1107",5025,103600,30800,126000,0,0,0,300,260700,434980,18950,0,53200,300,52900,0,53500,507430,0.513765445480165
"1108",5026,44000,21400,10000,75000,22600,0,8,173008,215280,0,0,3590,100,12000,3000,3690,218970,0.790099100333379
"1109",5027,14400,408,2e+05,0,0,0,5000,219808,512616,40750,0,0,0,80000,6130,0,553366,0.397219923161163
"1110",5028,0,-11992,195000,0,0,0,500,183508,187720,0,0,26856,0,70000,0,26856,214576,0.855212139288644
"1111",5029,216300,0,0,32000,0,0,3000,251300,190112,19800,0,3500,0,10000,1600,3500,213412,1.17753453414054
"1112",5030,720000,249400,0,53000,0,0,0,1022400,378196,7400,0,6380,1670,12000,0,8050,393646,2.59725743434456
"1113",5031,252000,96800,0,0,0,0,16200,365000,103740,23700,0,0,15100,22000,0,15100,142540,2.56068472007857
"1114",5032,324000,87400,0,0,0,0,10000,421400,140140,25100,0,0,950,12000,0,950,166190,2.53565196461881
"1115",5037,0,24900,445000,48000,194000,0,0,711900,156000,49300,0,92200,0,70000,0,92200,297500,2.39294117647059
"1116",5041,198000,-1100,0,48000,108000,0,60600,413500,102960,0,0,0,300,15000,0,300,103260,4.00445477435599
"1117",5042,0,-12450,160000,0,58000,0,0,205550,152256,18600,0,10000,600,12000,0,10600,181456,1.13278150074949
"1118",5043,0,0,360000,0,45800,0,500,406300,252200,33000,0,0,0,5000,5000,0,285200,1.42461430575035
"1119",5047,0,296400,0,48000,0,0,100,344500,325520,0,0,0,0,125000,0,0,325520,1.05830670926518
"1120",5049,1e+08,-115000,0,96000,0,0,100,99981100,510120,25900,0,0,200,50000,0,200,536220,186.455372794748
"1121",5051,0,-20700,80000,0,0,0,0,59300,247000,3000,0,0,0,60000,0,0,250000,0.2372
"1122",5052,79000,0,420000,48000,4500,0,5000,556500,128960,85600,0,0,0,1e+05,0,0,214560,2.59368008948546
"1123",5054,0,-37000,0,80000,0,0,2000,45000,392600,31900,0,50000,0,125000,0,50000,474500,0.0948366701791359
"1124",5056,0,-30890,50000,0,0,0,500,19610,149396,0,0,15400,0,10000,0,15400,164796,0.118995606689483
"1125",5058,0,95450,3e+05,0,0,0,0,395450,156000,74850,0,50012,0,90000,0,50012,280862,1.40798684051242
"1126",5061,2e+05,91150,0,32000,0,0,6000,329150,243880,0,0,143630,0,10000,9000,143630,387510,0.849397434904906
"1127",5063,84000,-55600,0,67200,0,0,300,95900,385840,18440,0,8300,0,15000,0,8300,412580,0.232439769256871
"1128",5065,0,3000,0,24000,0,0,33000,60000,378040,0,0,61500,4000,55000,20000,65500,443540,0.135275285205393
"1129",5068,170000,68250,-58000,0,400,0,600,181250,182000,0,0,0,0,7000,3500,0,182000,0.995879120879121
"1130",5070,0,7570,0,0,0,0,2400,9970,186160,0,0,42000,0,42000,0,42000,228160,0.0436974053295933
"1131",5074,859008,0,0,60000,0,0,0,919008,245544,0,0,96200,360,6e+05,0,96560,342104,2.6863409957206
"1132",5076,25000,-291,-360000,6000,81000,165600,37002,-45689,484900,0,0,7000,0,4e+05,4e+05,7000,491900,-0.0928826997357186
"1133",5078,0,0,-360000,0,612000,0,3,252003,247312,0,0,75000,0,70600,0,75000,322312,0.78186043336891
"1134",5080,66000,84901,-84000,0,72000,0,0,138901,147420,48430,0,7200,300,7500,0,7500,203350,0.683063683304647
"1135",5082,74000,257700,0,20000,0,0,5000,356700,380380,101380,0,15400,2200,25000,0,17600,499360,0.714314322332586
"1136",5084,40000,0,0,25200,0,0,0,65200,508040,0,0,0,0,68000,0,0,508040,0.128336351468388
"1137",5086,0,423200,-2e+05,0,0,0,0,223200,228800,0,0,127003,0,110000,0,127003,355803,0.627313429060463
"1138",5089,0,1800,1e+05,0,0,0,18000,119800,265200,0,0,6040,4000,6000,1200,10040,275240,0.435256503415201
"1139",5091,0,119600,0,0,0,0,24000,143600,254800,0,0,22420,0,22000,12000,22420,277220,0.518000144289734
"1140",5104,286400,169000,216012,60000,0,0,500,731912,230620,0,5500,392700,0,319990,8000,398200,628820,1.16394516713845
"1141",5105,0,-18500,95000,48000,-116500,0,0,8000,288184,0,0,3775,150,25000,60000,3925,292109,0.0273870370306974
"1142",5106,0,-18000,0,0,0,0,0,-18000,144508,0,0,2108,0,5000,0,2108,146616,-0.12276968407268
"1143",5107,0,-21400,80000,30000,0,0,0,88600,357760,0,0,0,0,2500,0,0,357760,0.24765205724508
"1144",5108,120000,150000,840000,130000,0,0,0,1240000,328172,0,561500,2700,0,5e+05,0,564200,892372,1.38955502862035
"1145",5109,0,34100,-38500,30000,0,0,0,25600,354224,38500,0,22020,0,50000,0,22020,414744,0.061724823023359
"1146",5110,21160000,-19500,560000,0,0,0,200,21700700,410280,37500,0,18000,800,35000,0,18800,466580,46.5101375969823
"1147",5111,503000,0,60000,0,0,0,500,563500,337480,0,0,11630,0,50000,0,11630,349110,1.61410443699694
"1148",5114,0,83000,150000,0,0,0,0,233000,218400,34500,0,0,0,80000,0,0,252900,0.92131277184658
"1149",5115,0,-15600,0,101000,178000,0,100,263500,284440,62500,1e+05,10430,2115,267800,15000,112545,459485,0.573468121919105
"1150",5116,0,550000,1300000,48000,0,0,300,1898300,410280,87400,18000,77105,415,140000,5000,95520,593200,3.20010114632502
"1151",5117,0,17700,0,0,117600,216000,0,351300,166400,90900,0,0,0,10000,600,0,257300,1.36533229692965
"1152",5119,0,0,180000,0,0,0,100,180100,200720,83100,0,3600,0,6600,0,3600,287420,0.626609143413819
"1153",5121,0,-49200,0,0,97000,0,1500,49300,544440,67500,0,8825,0,180000,4000,8825,620765,0.0794181372983335
"1154",5125,0,18000,2e+05,48000,298000,30000,0,594000,210600,26500,0,0,0,15000,0,0,237100,2.50527203711514
"1155",5127,0,4002,0,96000,0,0,500,100502,126360,0,11700,46461,225,48000,21000,58386,184746,0.544000952659327
"1156",5129,0,0,1230000,0,0,0,145000,1375000,304720,0,0,15760,1550,60000,10000,17310,322030,4.26978852901904
"1157",5131,0,115000,0,0,0,0,37000,152000,459160,148100,0,73400,0,60000,6000,73400,680660,0.22331266711721
"1158",5139,1367500,0,0,0,0,649992,0,2017492,291720,36000,0,18600,0,7000,10000,18600,346320,5.82551397551398
"1159",5141,6e+05,-2999,0,48000,0,350004,0,995005,360620,42500,0,26400,2300,84000,0,28700,431820,2.3042124033162
"1160",5143,84000,0,0,0,835000,350004,0,1269004,593840,0,0,29200,0,40000,0,29200,623040,2.03679378531073
"1161",5144,0,914800,0,0,0,0,0,914800,399204,38500,0,40308,0,80000,3000,40308,478012,1.91375948720953
"1162",5146,0,384000,475000,0,539000,0,0,1398000,145080,0,0,0,0,1e+06,75000,0,145080,9.63606286186931
"1163",5148,550000,137040,-30000,96000,0,0,0,753040,450840,0,0,36000,0,45000,0,36000,486840,1.54679155369321
"1164",5150,18000,14502,-180000,6000,374540,0,0,233042,716300,50900,0,0,47000,35000,0,47000,814200,0.286222058462294
"1165",5154,0,1600,0,0,535000,0,0,536600,427492,79980,0,0,500,500,0,500,507972,1.05635743702409
"1166",5155,1e+06,-3300,-30000,0,0,0,0,966700,144560,12300,0,0,500,500,0,500,157360,6.1432384341637
"1167",5156,0,152225,348000,0,0,0,0,500225,336700,26020,0,15000,0,15000,0,15000,377720,1.32432754421264
"1168",5157,0,219700,120000,0,0,0,0,339700,116220,0,0,9590,0,7480,38900,9590,125810,2.70010333041889
"1169",5158,452000,-141500,-40000,48000,0,0,0,318500,484848,0,0,0,4000,16500,12000,4000,488848,0.651531764474847
"1170",5159,336800,-54520,0,6000,0,0,20000,308280,374660,83200,0,0,150,20000,0,150,458010,0.673085740486016
"1171",5160,348000,29000,34500,0,0,0,24000,435500,216060,0,0,88030,160,189000,9500,88190,304250,1.43138866064092
"1172",5161,0,-998,109920,48000,360000,96000,0,612922,266396,140120,0,155,155,28105,71050,310,406826,1.50659495705781
"1173",5162,0,45100,-18500,12000,0,0,246000,284600,244660,0,38500,60520,0,110000,28720,99020,343680,0.828095903165736
"1174",5164,432000,0,0,0,228000,0,0,660000,238628,23200,0,0,0,1000,0,0,261828,2.52073880562812
"1175",5167,117000,-5000,250000,0,0,0,7000,369000,485940,21400,0,8300,0,22000,0,8300,515640,0.715615545729579
"1176",5168,0,21000,130000,24000,0,0,490,175490,200200,0,0,261400,0,355000,1e+05,261400,461600,0.380177642980936
"1177",5169,0,-29200,297000,0,0,0,3000,270800,233220,29600,110000,57000,0,170000,0,167000,429820,0.63003117584105
"1178",5171,1e+07,58400,-140000,48000,350000,0,504000,10820400,355056,0,0,0,0,4e+05,0,0,355056,30.4751926456672
"1179",5173,0,739500,0,0,0,0,0,739500,243360,5200,0,500,0,50000,0,500,249060,2.96916405685377
"1180",5176,0,-26100,1200000,36000,0,0,0,1209900,418600,54000,0,0,0,117550,7550,0,472600,2.560093101989
"1181",5179,199000,-2000,0,96000,0,0,0,293000,577720,35200,0,44000,0,45000,5000,44000,656920,0.44602082445351
"1182",5180,0,-2300,270000,96000,0,0,0,363700,202540,27000,0,605990,0,7e+05,0,605990,835530,0.435292568788673
"1183",5182,3985500,-24900,0,0,0,0,42000,4002600,556244,97000,0,12960,0,20000,1100,12960,666204,6.00806960030261
"1184",5185,435000,0,0,0,0,0,10000,445000,130000,0,0,0,0,4000,20000,0,130000,3.42307692307692
"1185",5188,570000,24000,0,0,0,0,40000,634000,514800,0,0,5700,0,3000,22000,5700,520500,1.21805955811719
"1186",5190,260000,0,0,0,0,0,240000,5e+05,337740,92400,0,0,14900,85000,0,14900,445040,1.12349451734676
"1187",5193,70070,0,0,0,0,0,2000,72070,168480,0,0,0,0,3000,0,0,168480,0.427765906932574
"1188",5194,325000,50000,0,0,450000,0,5000,830000,443560,0,0,0,0,2e+05,0,0,443560,1.87122373523311
"1189",5195,1768000,0,0,0,0,0,8000,1776000,595920,114500,0,43300,0,60000,0,43300,753720,2.35631268906225
"1190",5198,390008,0,0,0,0,0,0,390008,522600,98000,0,0,60,20000,0,60,620660,0.6283762446428
"1191",5207,195000,0,150000,0,0,0,0,345000,232336,169200,0,0,0,5000,0,0,401536,0.859200669429391
"1192",5211,260000,0,0,19200,0,0,0,279200,270920,-1800,0,6366,610,52686,4520,6976,276096,1.0112424663885
"1193",5215,1100000,0,0,48000,0,0,4500,1152500,365820,142000,0,0,4000,2e+05,0,4000,511820,2.25176819975773
"1194",5218,650000,40000,150000,48000,0,0,0,888000,340600,26000,0,0,0,70000,0,0,366600,2.42225859247136
"1195",5219,848000,0,0,0,0,0,571000,1419000,456300,0,0,56080,48500,104580,20000,104580,560880,2.52995293110826
"1196",5222,350000,0,0,48000,0,0,24000,422000,222040,2e+05,0,0,0,19000,0,0,422040,0.999905222253815
"1197",5223,44000,2400,0,0,0,0,0,46400,138320,0,18000,42500,43500,8e+05,0,104000,242320,0.191482337405084
"1198",5224,99000,610,0,0,0,0,0,99610,90480,0,0,5500,1600,30000,0,7100,97580,1.02080344332855
"1199",5225,920000,11000,0,0,0,0,20750,951750,122720,41900,0,1700,5800,15000,0,7500,172120,5.52957239135487
"1200",5227,276000,410900,0,99500,0,0,0,786400,113360,0,0,0,7900,35000,500,7900,121260,6.48523833085931
"1201",5228,450000,123367,0,0,0,0,0,573367,81900,0,0,0,6000,60000,0,6000,87900,6.5229465301479
"1202",5231,545000,29500,0,48000,0,0,3608,626108,321620,220270,0,3200,600,35000,0,3800,545690,1.14736938554857
"1203",5232,3894000,0,0,0,0,696000,73000,4663000,492440,0,0,51550,850,52400,15000,52400,544840,8.55847588282799
"1204",5238,0,5600,-1e+05,0,833200,0,0,738800,322400,0,0,250,0,3500,0,250,322650,2.28978769564544
"1205",5240,437500,25000,0,31920,0,0,40000,534420,457340,136200,0,0,10100,10100,1500,10100,603640,0.885329004042144
"1206",5243,0,-807500,2e+05,0,965200,0,10000,367700,215800,0,0,0,1400,1600,0,1400,217200,1.69290976058932
"1207",5250,0,-14600,0,30000,1.2e+07,700008,0,12715408,331760,0,0,16950,0,20000,0,16950,348710,36.4641335206905
"1208",5258,0,-2100,-240000,0,55000,750000,34000,596900,317876,0,6400,22400,0,115000,5000,28800,346676,1.72178056744626
"1209",5259,0,142254,0,0,0,0,0,142254,107900,0,0,9120,0,13000,0,9120,117020,1.21563835241839
"1210",5260,0,93800,0,0,0,0,0,93800,112320,0,0,0,0,9000,0,0,112320,0.83511396011396
"1211",5263,266000,-4930,0,0,0,0,181500,442570,174980,102800,0,0,0,40000,0,0,277780,1.59323925408597
"1212",5266,225600,-16650,0,36000,0,0,0,244950,258180,7800,0,10100,2920,30000,0,13020,279000,0.877956989247312
"1213",5267,360000,6950,0,32000,0,0,0,398950,174720,33200,0,12060,500,20000,0,12560,220480,1.80946117561684
"1214",5270,844000,329100,0,0,0,0,0,1173100,511160,48500,0,0,0,45000,0,0,559660,2.0960940571061
"1215",5272,540000,86700,30000,0,0,0,0,656700,450840,0,1e+05,139500,0,120000,0,239500,690340,0.951270388504215
"1216",5274,0,10500,540000,48000,0,0,0,598500,622960,0,0,50100,5000,60700,700,55100,678060,0.882665250862755
"1217",5276,0,8,530000,0,0,0,0,530008,319176,67600,0,0,200,48000,0,200,386976,1.3696146531051
"1218",5278,240000,83392,0,72000,0,0,0,395392,410280,31000,0,0,0,5710,710,0,441280,0.896011602610587
"1219",5280,3e+05,-37400,0,32000,0,0,0,294600,661960,0,0,0,0,25300,5000,0,661960,0.445041996495256
"1220",5281,305000,-20600,0,32000,0,0,0,316400,397800,73000,0,85000,0,100500,0,85000,555800,0.569269521410579
"1221",5284,591000,-17500,-40000,0,0,0,46800,580300,236600,0,0,32945,3825,30000,10000,36770,273370,2.1227640194608
"1222",5287,4e+05,-9100,-2500000,48000,0,0,2900,-2058200,157820,0,0,13400,0,20000,0,13400,171220,-12.0207919635557
"1223",5291,586000,138000,2e+05,96000,0,0,20300,1040300,315640,0,0,150525,0,154000,0,150525,466165,2.23161326997951
"1224",5298,212200,37700,-180000,0,5000,0,2300,77200,165880,0,0,24400,0,24000,5000,24400,190280,0.405717889426109
"1225",5308,448008,2611035,0,24000,0,0,0,3083043,170560,22711,0,25400,600,1e+05,0,26000,219271,14.0604229469469
"1226",5309,5e+05,331300,6e+05,0,0,0,0,1431300,202280,15000,0,8030,550,10000,3120,8580,225860,6.3371114849907
"1227",5311,501000,347510,0,0,0,0,645,849155,242840,19200,0,61500,0,80000,0,61500,323540,2.62457501390864
"1228",5312,0,-8300,0,48000,0,0,50000,89700,81120,0,0,0,17750,80000,0,17750,98870,0.907251947001113
"1229",5313,0,32480,0,36000,0,0,0,68480,146900,26646,0,0,12650,14000,0,12650,186196,0.367784485166169
"1230",5314,0,173500,0,0,8e+05,0,2e+05,1173500,114920,15608,0,4440,250,20000,0,4690,135218,8.67857829578902
"1231",5317,0,32600,0,800,165000,0,0,198400,442000,28500,0,25020,0,150000,4000,25020,495520,0.400387471746852
"1232",5318,440000,0,0,0,147000,0,46500,633500,460200,24000,0,0,0,28000,0,0,484200,1.30834365964477
"1233",5321,0,226500,0,0,335000,0,225000,786500,460200,22000,0,0,0,3000,600,0,482200,1.63106594773953
"1234",5324,0,168965,2300000,0,0,0,2000,2470965,212160,28400,0,27100,0,30000,3600,27100,267660,9.23173055368751
"1235",5325,3e+05,-19250,0,48000,0,0,71,328821,482560,0,0,12000,0,12000,4000,12000,494560,0.664875849239728
"1236",5339,0,391500,0,15000,0,0,0,406500,371280,2500,0,0,0,90000,8500,0,373780,1.08753812403018
"1237",5345,120000,288800,0,0,0,0,0,408800,250120,39500,0,2400,0,2500,0,2400,292020,1.39990411615643
"1238",5348,0,0,0,48000,1400000,0,0,1448000,254800,55000,0,29200,4000,36000,0,33200,343000,4.22157434402332
"1239",5351,0,528000,-160000,0,669500,180000,3500,1221000,497016,0,0,0,0,11000,6200,0,497016,2.45666135496644
"1240",5360,4e+05,18050,595000,0,195000,0,8500,1216550,499720,55000,0,400,0,150000,0,400,555120,2.19150814238363
"1241",5374,0,47700,0,0,0,0,0,47700,437320,0,0,0,0,25000,7000,0,437320,0.1090734473612
"1242",5377,0,115000,-245000,0,615000,0,2500,487500,381680,0,0,10100,0,15000,2200,10100,391780,1.24432079228138
"1243",5379,0,59500,425000,0,307500,0,0,792000,153400,12400,0,0,5500,65000,0,5500,171300,4.62346760070053
"1244",5386,350000,-10500,0,6000,0,0,0,345500,403000,0,0,0,0,50000,0,0,403000,0.857320099255583
"1245",5387,305000,63000,0,0,0,0,0,368000,539760,0,0,0,0,1500,0,0,539760,0.681784496813399
"1246",5388,0,20000,2e+05,0,0,0,0,220000,211640,0,0,28420,0,30000,0,28420,240060,0.916437557277347
"1247",5389,6.3e+07,118600,0,0,0,0,1200,63119800,252720,83000,0,6040,0,22000,1400,6040,341760,184.690426029963
"1248",5390,4.5e+07,-6700,180000,0,0,0,100,45173400,180440,0,0,32740,0,40000,0,32740,213180,211.902617506333
"1249",5391,180000,-18500,0,0,0,0,150,161650,208520,36800,0,5164,0,10000,0,5164,250484,0.645350601236007
"1250",5393,393000,0,0,96000,0,0,70200,559200,193440,99000,0,31410,0,50000,0,31410,323850,1.72672533580361
"1251",5395,0,-14300,0,0,75000,0,425200,485900,186680,0,0,200,0,1700,200,200,186880,2.60006421232877
"1252",5400,50000,-47500,0,0,0,0,0,2500,444080,65200,0,50008,1200,57000,7000,51208,560488,0.00446039879533549
"1253",5401,90000,-7800,0,48000,0,0,2000,132200,224640,47600,0,0,52225,90000,0,52225,324465,0.407439939592868
"1254",5403,0,-2000,759500,0,0,0,0,757500,231920,20300,0,5920,0,20000,0,5920,258140,2.93445417215464
"1255",5412,0,25340,6e+05,0,0,0,3000,628340,235560,0,0,0,0,20000,0,0,235560,2.66743080319239
"1256",5415,582000,165700,-120000,48000,0,0,0,675700,338988,0,0,19584,350,22000,5000,19934,358922,1.8825817308496
"1257",5416,0,238300,0,48000,0,0,0,286300,262600,6800,0,22000,0,64000,20000,22000,291400,0.982498284145504
"1258",5427,0,-19940,-120000,0,0,0,0,-139940,259480,13800,0,0,22150,22000,0,22150,295430,-0.473682429001794
"1259",5429,0,54600,420000,0,0,144000,3000,621600,375648,22000,0,44610,0,60000,0,44610,442258,1.40551442822968
"1260",5433,60000,824500,-96000,0,0,0,0,788500,426400,21200,0,14025,0,40000,14000,14025,461625,1.70809639859193
"1261",5437,0,77100,663000,96000,0,0,0,836100,350480,0,0,55236,0,60000,18000,55236,405716,2.06080115154443
"1262",5438,365500,23400,0,0,0,240000,269000,897900,374660,61800,0,37700,0,40000,1000,37700,474160,1.89366458579382
"1263",5441,0,327700,4e+05,0,0,0,0,727700,247312,20000,0,9980,0,10000,0,9980,277292,2.62430939226519
"1264",5442,0,133200,0,48000,0,216000,45000,442200,410800,79400,0,4200,3600,10000,0,7800,498000,0.887951807228916
"1265",5443,0,294400,-120000,72000,0,0,40000,286400,414440,26000,0,24180,0,91000,6500,24180,464620,0.616417717704791
"1266",5445,365000,268000,0,0,0,0,0,633000,617240,60160,0,0,1200,10000,0,1200,678600,0.932802829354553
"1267",5446,50000,619750,6e+05,0,0,0,0,1269750,355472,77300,0,0,0,30000,1000,0,432772,2.93399295703049
"1268",5455,760000,0,-120000,0,0,0,22000,662000,380900,0,0,9140,250,20000,5000,9390,390290,1.69617463937072
"1269",5461,0,92550,120000,0,0,0,0,212550,286260,29840,0,0,0,3e+05,2000,0,316100,0.672413793103448
"1270",5462,0,0,240000,0,0,0,0,240000,207532,100800,0,0,0,5000,0,0,308332,0.778381744353489
"1271",5464,0,0,-160000,0,1e+06,120000,2000,962000,309556,0,0,24800,0,40000,1500,24800,334356,2.87717283374607
"1272",5465,0,-65700,0,0,0,0,0,-65700,241280,18870,0,0,0,10000,0,0,260150,-0.252546607726312
"1273",5466,648000,-28400,0,0,0,0,0,619600,374920,49000,0,0,3000,50000,0,3000,426920,1.4513257753209
"1274",5467,348000,172800,0,1,0,0,0,520801,224640,0,0,0,3200,5000,0,3200,227840,2.28581899578652
"1275",5469,0,-178800,0,0,0,0,0,-178800,557700,1e+05,0,0,75,4000,0,75,657775,-0.271825472235947
"1276",5470,0,186200,0,0,0,0,0,186200,127400,0,0,3200,0,4000,0,3200,130600,1.42572741194487
"1277",5471,50000,-2800,0,400,0,0,0,47600,433576,21600,0,0,0,0,0,0,455176,0.104574933652038
"1278",5474,0,-9900,0,3e+05,0,0,0,290100,426400,0,0,57200,100,60000,0,57300,483700,0.599751912342361
"1279",5475,35000,106400,0,0,0,0,0,141400,613600,0,0,0,0,10000,0,0,613600,0.230443285528031
"1280",5476,0,103350,0,48000,0,0,0,151350,382460,0,0,0,0,57000,0,0,382460,0.395727657794279
"1281",5478,0,1508400,0,0,0,0,0,1508400,418860,169300,0,0,0,50000,0,0,588160,2.56460826985854
"1282",5480,264000,0,0,0,0,0,2500,266500,399360,0,0,0,0,150000,4000,0,399360,0.667317708333333
"1283",5481,0,-202200,0,0,0,0,0,-202200,361400,357500,0,20000,0,50000,7000,20000,738900,-0.273650020300447
"1284",5482,549008,38150,45000,0,0,0,0,632158,91000,10750,0,0,0,10000,0,0,101750,6.21285503685504
"1285",5483,917000,42400,0,0,0,0,0,959400,345280,0,0,0,0,35000,0,0,345280,2.77861445783133
"1286",5484,324000,256120,0,0,0,0,0,580120,393120,5550,0,11000,0,35000,0,11000,409670,1.41606659018234
"1287",5487,99000,119150,0,48000,0,0,0,266150,825240,23000,0,5000,0,150000,70000,5000,853240,0.311928648445924
"1288",5488,42000,79200,0,0,0,0,0,121200,211640,176300,0,3000,0,30000,0,3000,390940,0.310021998260603
"1289",5493,333500,0,0,0,105600,0,0,439100,222560,44900,0,10820,1400,30000,0,12220,279680,1.5700085812357
"1290",5494,29600,1200,-93000,0,177600,0,0,115400,267280,0,0,10100,0,250000,0,10100,277380,0.416035763212921
"1291",5496,0,0,165000,0,498000,0,0,663000,310700,0,0,0,0,37000,0,0,310700,2.13389121338912
"1292",5497,0,25000,0,0,447000,0,0,472000,312520,0,0,20450,0,36000,0,20450,332970,1.41754512418536
"1293",5498,279000,19000,0,0,0,0,250000,548000,294320,27700,0,0,200,20000,0,200,322220,1.70070138414748
"1294",5499,0,40400,0,48000,261000,0,0,349400,290680,68600,0,0,5600,28500,0,5600,364880,0.95757509318132
"1295",5500,0,21000,320000,0,0,0,0,341000,115960,39600,0,0,0,50000,0,0,155560,2.19208022627925
"1296",5501,0,-41250,480000,0,194000,0,0,632750,387400,78200,0,57360,0,53000,0,57360,522960,1.20993957472847
"1297",5502,0,53000,160000,0,250000,0,0,463000,332800,60500,0,16300,0,31380,0,16300,409600,1.13037109375
"1298",5503,16000,-200,172800,0,54000,0,0,242600,195260,0,0,20500,500,25000,0,21000,216260,1.12179783593822
"1299",5504,1055000,50000,0,0,0,0,370000,1475000,829400,233600,0,12150,0,25000,5000,12150,1075150,1.37190159512626
"1300",5506,323000,0,3e+05,0,0,0,16000,639000,300820,51500,0,0,0,4500,1600,0,352320,1.81369209809264
"1301",5507,231000,0,-180000,0,147000,0,187000,385000,325260,31500,0,0,70,16000,0,70,356830,1.07894515595662
"1302",5508,0,0,0,0,224000,0,0,224000,148200,0,0,0,9770,80000,0,9770,157970,1.41799075773881
"1303",5509,341000,0,0,0,0,0,264000,605000,482300,208880,47600,43360,0,60000,50000,90960,782140,0.773518807374639
"1304",5510,0,0,0,48000,0,0,0,48000,280800,33700,0,1200,0,1500,0,1200,315700,0.152043078872347
"1305",5511,0,136000,-70500,0,39600,0,0,105100,269360,0,0,1820,0,15000,60000,1820,271180,0.387565454679549
"1306",5512,196500,-12250,0,0,0,0,0,184250,294580,64800,0,10200,0,30000,0,10200,369580,0.498538881974133
"1307",5513,54000,9500,0,0,0,0,0,63500,206440,0,0,0,20,39000,0,20,206460,0.307565630146275
"1308",5514,20000,35500,0,0,0,0,0,55500,185120,33960,0,0,500,2500,0,500,219580,0.252755260041898
"1309",5515,180000,-310,0,48000,0,0,0,227690,279760,0,0,19700,0,32000,0,19700,299460,0.760335270152942
"1310",5516,0,15970,0,32000,0,0,0,47970,347880,137900,0,1210,0,20000,10000,1210,486990,0.098503049343929
"1311",5517,455000,-20000,150000,48000,0,0,40000,673000,296400,0,0,9220,0,60000,10000,9220,305620,2.20208101564034
"1312",5518,0,100300,0,0,0,0,0,100300,188760,7200,0,0,0,10000,0,0,195960,0.511839150847112
"1313",5519,0,-23900,0,0,0,0,0,-23900,270400,2350,0,0,0,12000,0,0,272750,-0.0876260311640697
"1314",5520,0,29400,0,0,0,0,2000,31400,191880,2050,0,0,0,25000,1500,0,193930,0.161914092713866
"1315",5521,30000,50000,0,25600,0,0,0,105600,125840,0,0,0,0,35000,2000,0,125840,0.839160839160839
"1316",5522,0,0,0,0,0,0,0,0,80600,0,0,0,0,58000,5000,0,80600,0
"1317",5523,0,-29000,0,48000,0,0,10000,29000,412412,45900,0,0,0,10000,6000,0,458312,0.063275672467664
"1318",5524,268000,-2500,25000,24000,0,0,2500,317000,180960,1900,0,0,0,15000,0,0,182860,1.73356666302089
"1319",5525,0,-25000,0,0,0,0,0,-25000,135200,0,0,0,0,1e+05,0,0,135200,-0.18491124260355
"1320",5527,426902,57500,-3e+05,48000,0,0,0,232402,249600,0,0,149000,0,170000,0,149000,398600,0.583045659809333
"1321",5530,480000,77800,0,0,94000,0,40200,692000,245700,0,5700,19800,30,20000,0,25530,271230,2.55134019098182
"1322",5533,822000,2605,0,0,0,0,48000,872605,394680,4500,0,12865,1650,12000,1000,14515,413695,2.10929549547372
"1323",5537,0,181750,0,96000,0,0,0,277750,169000,0,0,0,0,32000,2000,0,169000,1.64349112426035
"1324",5538,3e+05,0,0,0,0,0,2000,302000,685620,0,0,0,1500,4000,0,1500,687120,0.439515659564559
"1325",5539,432100,0,0,0,0,0,3500,435600,330980,96500,0,0,0,25000,8000,0,427480,1.01899504070366
"1326",5540,0,1000,0,0,0,0,0,1000,195000,4650,0,0,0,30000,0,0,199650,0.00500876533934385
"1327",5541,472290,0,0,0,0,0,3000,475290,420160,142500,0,108300,3500,111800,7000,111800,674460,0.704697091006138
"1328",5544,0,8000,97500,48000,0,0,0,153500,169520,0,0,10000,0,10000,2800,10000,179520,0.855057932263815
"1329",5552,5e+05,40000,0,96,2e+05,211200,0,951296,358020,56600,0,46570,4575,225000,0,51145,465765,2.04243771000397
"1330",5554,493000,19400,0,0,0,0,0,512400,282360,36780,0,0,0,15000,0,0,319140,1.60556495581876
"1331",5560,0,126000,0,0,0,0,30000,156000,307320,18808,0,25600,0,25000,8,25600,351728,0.443524541691307
"1332",5567,11993400,33252,54900,0,0,0,300,12081852,271180,19550,0,2000,300,134000,0,2300,293030,41.2307681807323
"1333",5571,0,0,-60000,0,354000,0,95000,389000,236080,0,0,0,0,45000,0,0,236080,1.64774652660115
"1334",5572,0,34300,-6e+05,16,0,0,390000,-175684,203840,9500,0,80600,0,540000,98200,80600,293940,-0.597686602708036
"1335",5575,0,-11000,-276000,48000,1e+05,0,0,-139000,467740,0,0,103600,0,2e+05,0,103600,571340,-0.243287709594987
"1336",5576,255800,51300,-11000,0,0,0,0,296100,301600,0,0,1,0,6000,0,1,301601,0.981760670554806
"1337",5577,0,4900,2e+05,0,84000,180000,185000,653900,213720,30300,0,17360,0,6500,0,17360,261380,2.50172163134134
"1338",5580,0,-26150,303000,1004,0,0,0,277854,158600,0,0,7400,0,74000,0,7400,166000,1.67381927710843
"1339",5581,53000,0,0,0,52000,0,0,105000,157300,9000,0,0,0,55000,0,0,166300,0.631389055923031
"1340",5582,0,-10,0,0,162000,0,0,161990,187720,9600,0,0,400,15000,0,400,197720,0.819289904916043
"1341",5583,0,-32445,0,4000,252000,0,180000,403555,298740,20300,0,0,0,12000,0,0,319040,1.26490408726179
"1342",5584,28000,-140,230400,54400,0,0,0,312660,187720,500,0,0,500,5000,0,500,188720,1.65674014412887
"1343",5585,195000,225052,210000,0,0,0,1100,631152,377676,34500,0,0,9650,50000,0,9650,421826,1.49623778524795
"1344",5586,60000,197350,-15000,17000,20800,0,6000,286150,190580,0,0,0,0,6000,1360,0,190580,1.50146919928639
"1345",5587,160000,48300,0,0,0,0,200,208500,175500,12600,0,0,0,38000,0,0,188100,1.10845295055821
"1346",5588,213000,-21792,2000,50000,0,0,371500,614708,244920,0,0,0,1540,12000,0,1540,246460,2.49414915199221
"1347",5589,3000,50500,19000,0,0,0,0,72500,349180,0,0,45000,0,120000,40000,45000,394180,0.183926125120503
"1348",5598,240000,181500,0,0,0,0,0,421500,294320,2428,0,0,3000,60000,0,3000,299748,1.40618119220145
"1349",5614,229000,3862,230000,6000,0,0,0,468862,171600,0,0,9000,0,40000,10000,9000,180600,2.59613510520487
"1350",5616,0,-12840,720000,0,0,0,12000,719160,257400,24000,0,20500,1100,50000,0,21600,303000,2.37346534653465
"1351",5617,552500,102550,-205000,0,0,0,0,450050,172640,32300,0,0,400,15000,0,400,205340,2.19173078796143
"1352",5618,570000,2047800,0,0,0,0,2000,2619800,358800,119400,0,0,0,35000,0,0,478200,5.478460895023
"1353",5630,1730000,0,0,0,0,0,395000,2125000,893100,271100,0,28600,1250,30000,500,29850,1194050,1.77965746828022
"1354",5638,182000,-16792,35000,0,0,0,0,200208,179920,0,0,0,0,40000,0,0,179920,1.11276122721209
"1355",5640,68100,-10050,-5000,25600,0,0,0,78650,376480,11100,0,54390,1600,60000,0,55990,443570,0.177311360100999
"1356",5641,0,-55000,-870000,0,0,0,208600,-716400,300560,0,0,96360,0,118000,0,96360,396920,-1.80489771238537
"1357",5642,0,-32300,192000,0,60000,0,0,219700,328120,0,0,0,2800,68000,0,2800,330920,0.66390668439502
"1358",5646,325000,224500,60000,0,0,0,0,609500,286936,57100,0,4000,0,40000,0,4000,348036,1.751255617235
"1359",5647,360000,83800,0,0,0,0,0,443800,250120,24400,0,0,0,30000,0,0,274520,1.61663995337316
"1360",5648,0,701500,0,0,0,0,0,701500,172120,22250,0,0,0,30000,0,0,194370,3.60909605391779
"1361",5650,0,69160,1017000,0,0,0,480000,1566160,283556,0,0,0,0,0,0,0,283556,5.52328287886696
"1362",5656,277200,-12225,0,0,0,0,0,264975,126880,19100,0,0,0,400,0,0,145980,1.81514591039868
"1363",5661,0,-10100,0,0,592400,0,0,582300,845780,0,0,21600,2000,535000,0,23600,869380,0.669787664772597
"1364",5662,0,-15500,25000,24000,0,0,0,33500,388960,0,0,0,0,0,26000,0,388960,0.0861271081859317
"1365",5663,586000,1000,0,48000,0,0,15000,650000,497380,0,0,3960,0,3000,7500,3960,501340,1.2965253121634
"1366",5664,58000,-247708,50000,0,0,0,0,-139708,361660,116000,0,0,0,55000,0,0,477660,-0.292484193778001
"1367",5667,31000,75700,0,0,0,0,0,106700,278980,3550,0,0,0,23000,0,0,282530,0.377659009662691
"1368",5668,1e+05,-7200,0,0,0,0,0,92800,712400,0,0,0,0,18000,0,0,712400,0.130263896687254
"1369",5675,0,89680,-325000,0,495550,0,780000,1040230,648960,151300,0,3300,0,17500,5000,3300,803560,1.29452685549306
"1370",5676,104000,83600,1300000,0,994000,0,5000,2486600,235560,0,0,650,3500,21500,0,4150,239710,10.3733678194485
"1371",5679,0,0,-5e+05,0,7985600,0,13000,7498600,452400,0,0,44000,0,72300,0,44000,496400,15.1059629331185
"1372",5680,32694000,11600,60000,0,0,0,3600,32769200,175500,0,0,12380,9800,20000,0,22180,197680,165.768919465803
"1373",5684,548000,24500,0,48000,0,0,42000,662500,385632,178500,0,84200,0,130000,0,84200,648332,1.02185300124011
"1374",5692,710000,341675,0,0,0,0,0,1051675,128180,39100,0,0,0,70000,0,0,167280,6.28691415590627
"1375",5693,389000,220300,0,0,0,0,0,609300,176280,48400,0,13650,0,35000,12000,13650,238330,2.55653925229723
"1376",5694,78000,234875,-175000,0,0,0,0,137875,99580,21250,0,8450,9100,35000,0,17550,138380,0.99635062870357
"1377",5696,0,260300,0,32000,847000,0,5000,1144300,213980,88700,0,16400,12185,15000,300,28585,331265,3.45433414335955
"1378",5701,2e+05,174002,0,32000,0,0,0,406002,398580,0,0,0,6100,2500,4600,6100,404680,1.00326677868933
"1379",5703,120000,88700,0,0,0,0,0,208700,167180,0,0,0,500,500,0,500,167680,1.24463263358779
"1380",5705,45000,117500,0,0,0,0,10000,172500,128960,11980,0,1300,0,1300,2000,1300,142240,1.21273903262092
"1381",5707,120000,1918950,0,0,0,0,4000,2042950,114400,9200,0,0,4300,4300,0,4300,127900,15.9730258014073
"1382",5709,80000,101200,0,0,0,0,700,181900,95160,7900,0,0,0,0,15000,0,103060,1.76499126722298
"1383",5710,376000,0,0,0,0,0,43800,419800,196352,19500,0,26600,2700,47000,1100,29300,245152,1.71240699647566
"1384",5711,133000,6000,-53000,0,0,0,13000,99000,234364,1200,0,0,10,3000,3000,10,235574,0.420250112491192
"1385",5712,230000,-22720,295500,48000,0,0,16380,567160,201240,0,0,0,0,350000,600,0,201240,2.81832637646591
"1386",5713,267000,-29500,-60000,0,0,0,6500,184000,397800,0,0,4800,0,30000,6000,4800,402600,0.457029309488326
"1387",5714,1032000,0,0,0,0,0,80200,1112200,475020,34900,0,6100,0,10000,6100,6100,516020,2.15534281616992
"1388",5716,216000,-16750,1200000,96000,36000,0,678746,2209996,319540,56350,0,33800,0,68900,68900,33800,409690,5.39431277307232
"1389",5717,474000,-62998,0,72000,0,0,1050,484052,201240,0,0,0,6500,8000,8000,6500,207740,2.33008568402811
"1390",5718,252000,0,2e+05,0,240000,0,1750,693750,303160,44080,0,263004,0,260000,260000,263004,610244,1.13684034582888
"1391",5719,266000,-18700,2020000,48000,0,0,40000,2355300,277160,49000,0,0,0,55000,55000,0,326160,7.22130242825607
"1392",5720,465000,77500,0,48000,0,0,342000,932500,562120,234800,0,29550,0,35000,25000,29550,826470,1.12829261800186
"1393",5721,730000,-12599,-40000,0,0,0,315000,992401,656240,81500,0,7680,3200,60000,25000,10880,748620,1.32564051187518
"1394",5723,0,0,0,24000,175000,0,0,199000,269880,0,0,0,0,25000,8000,0,269880,0.737364754705795
"1395",5726,270000,-28350,0,19200,58000,0,2700,321550,372580,0,0,5900,65,9000,9000,5965,378545,0.849436658785613
"1396",5729,1e+05,0,0,0,0,0,127000,227000,490100,20200,0,0,0,5000,500,0,510300,0.444836370762297
"1397",5730,1075780,-5550,-450000,0,0,0,135000,755230,411840,0,0,0,0,1e+05,68986,0,411840,1.83379467754468
"1398",5731,531500,0,0,0,0,0,220000,751500,296920,83500,0,0,0,25000,0,0,380420,1.97544818884391
"1399",5732,360000,0,0,0,0,0,140000,5e+05,484536,7200,0,0,0,35000,500,0,491736,1.01680576569541
"1400",5735,4245000,-7200,-226100,0,420000,0,39300,4471000,275600,0,0,0,0,10000,1500,0,275600,16.2227866473149
"1401",5736,533500,-6030,0,0,431000,60000,108000,1126470,439400,77000,0,0,0,20000,0,0,516400,2.1813903950426
"1402",5742,510500,-7500,0,24000,0,0,0,527000,286000,207300,0,0,0,20000,3000,0,493300,1.06831542671802
"1403",5746,317100,0,-730000,0,0,0,257031,-155869,514904,0,0,5276,0,10000,500,5276,520180,-0.299644353877504
"1404",5747,157000,0,602000,0,0,0,31000,790000,290680,0,0,14600,0,30000,0,14600,305280,2.58778825995807
"1405",5748,274000,0,298000,0,100400,0,112,672512,242476,178500,0,13320,120,30000,1976,13440,434416,1.54808294353799
"1406",5750,384000,-32500,50000,48000,0,0,0,449500,401960,0,0,0,0,90000,5000,0,401960,1.1182704746741
"1407",5752,813000,-42330,0,0,0,0,111000,881670,563940,300,0,0,0,22000,0,0,564240,1.56257975329647
"1408",5754,34000,-10400,1e+06,20000,0,0,218000,1261600,317876,11400,0,0,0,30000,0,0,329276,3.83143624193686
"1409",5757,448000,124200,0,48000,0,30000,7000,657200,530400,241900,0,0,0,25000,5000,0,772300,0.850964651042341
"1410",5760,1104000,0,0,0,0,0,677000,1781000,534612,12400,0,11000,0,12000,0,11000,558012,3.19168763395769
"1411",5763,482000,-7300,0,24000,0,0,56000,554700,483860,0,0,6550,0,25000,0,6550,490410,1.13109439040803
"1412",5764,0,500,-1350000,0,344000,0,3000,-1002500,245960,0,0,111540,0,60000,5000,111540,357500,-2.8041958041958
"1413",5765,0,-24500,-60000,48000,283000,0,61000,307500,227500,71950,0,5920,650,68000,5800,6570,306020,1.00483628521012
"1414",5767,0,-22500,-4e+05,0,596400,0,0,173900,228800,0,0,0,0,5e+05,0,0,228800,0.760052447552448
"1415",5768,0,10600,240000,0,0,120000,0,370600,182520,92100,0,0,0,2e+05,0,0,274620,1.34950112883257
"1416",5769,54000,-19298,0,0,915000,0,1105000,2054702,658840,69200,0,1320,0,60000,0,1320,729360,2.81713008665131
"1417",5771,3e+05,-16600,0,0,0,0,0,283400,440960,44100,0,0,0,10000,0,0,485060,0.584257617614316
"1418",5772,0,5300,840000,0,482600,0,0,1327900,404560,74250,0,47115,0,174295,12315,47115,525925,2.52488472690973
"1419",5777,0,-31500,240000,0,0,0,240000,448500,173160,2000,3e+05,3e+05,0,3e+05,300,6e+05,775160,0.578590226533877
"1420",5780,0,-300,720000,48000,139700,240000,840000,1987400,429000,0,0,14400,0,14400,0,14400,443400,4.48218313035634
"1421",5782,0,0,420000,0,243000,0,0,663000,183820,70480,0,0,300,92300,0,300,254600,2.60408483896308
"1422",5785,0,-300,1200000,0,298800,0,60000,1558500,270400,0,0,72720,0,72700,2020,72720,343120,4.54214269060387
"1423",5788,0,0,0,48000,588000,0,0,636000,601120,30290,0,25060,0,29060,0,25060,656470,0.968818072417628
"1424",5809,239000,68000,0,0,0,0,298000,605000,500500,64200,0,27500,0,35000,18000,27500,592200,1.02161431948666
"1425",5814,2182000,-7000,0,24000,0,0,5000,2204000,184080,87400,7000,85050,37350,120000,30000,129400,400880,5.49790460985831
"1426",5820,30000,187700,420000,0,0,0,264000,901700,284440,45000,0,6160,0,40000,30000,6160,335600,2.68682955899881
"1427",5824,0,-3400,0,0,490000,180000,0,666600,254800,35280,0,41100,0,95000,32000,41100,331180,2.01280270547738
"1428",5825,0,-19500,0,0,394000,0,0,374500,196560,63060,0,0,0,4000,5000,0,259620,1.44249287420076
"1429",5830,0,0,0,0,-2e+06,0,0,-2e+06,224016,47300,0,15550,50,35000,0,15600,286916,-6.97068131439167
"1430",5831,0,4500,1215000,0,0,0,0,1219500,429520,34250,0,0,0,150000,0,0,463770,2.62953619250922
"1431",5832,60000,28340,3e+05,0,0,0,0,388340,174720,0,0,13300,0,13000,0,13300,188020,2.06541857249229
"1432",5834,0,0,1024000,48000,199000,0,0,1271000,260000,0,3000,10505,0,2e+05,0,13505,273505,4.64708140619001
"1433",5836,960000,50000,0,17500,90400,0,21000,1138900,460200,76400,0,0,1160,45000,35000,1160,537760,2.11785926807498
"1434",5844,688000,-11800,0,24000,0,0,135000,835200,331760,29400,0,24700,0,30000,0,24700,385860,2.16451562742964
"1435",5845,0,0,8e+05,0,0,0,10000,810000,366340,46000,0,8780,0,20000,0,8780,421120,1.92344224924012
"1436",5848,751000,34480,0,0,0,0,132000,917480,534924,0,0,0,0,22000,0,0,534924,1.71515953668185
"1437",5849,5559500,-17800,0,0,0,0,6000,5547700,490620,37500,0,4119,450,30000,0,4569,532689,10.414519541421
"1438",5857,470000,0,0,0,0,0,0,470000,206440,51900,0,0,0,15000,3500,0,258340,1.81930788882868
"1439",5858,0,0,0,30000,397500,0,360000,787500,286520,206200,0,0,0,15000,0,0,492720,1.59827082318558
"1440",5859,535000,-19200,0,0,0,0,0,515800,322400,238500,0,0,0,12000,0,0,560900,0.919593510429667
"1441",5868,0,82500,-60000,0,0,0,1200000,1222500,177320,33500,0,0,0,50000,10000,0,210820,5.79878569395693
"1442",5871,0,-2400,-340000,0,628000,0,0,285600,200200,0,0,0,0,20000,0,0,200200,1.42657342657343
"1443",5873,382000,0,0,0,0,0,324000,706000,600600,0,0,105308,0,105300,5000,105308,705908,1.00013032859806
"1444",5876,0,205000,-240000,48000,0,0,0,13000,177320,0,0,0,0,8e+05,80000,0,177320,0.0733137829912024
"1445",5878,0,800,1920000,0,297600,72000,0,2290400,195000,101500,0,0,0,20000,0,0,296500,7.7247892074199
"1446",5879,0,0,-260000,0,433400,60000,0,233400,187720,0,0,0,0,15000,0,0,187720,1.24334114638824
"1447",5880,0,-20500,-420000,96000,398800,0,0,54300,280176,104500,0,258,8000,1500000,0,8258,392934,0.138191146604773
"1448",5881,0,53992,1400000,0,1451400,0,0,2905392,1067716,179550,0,37540,0,95000,16400,37540,1284806,2.26134684925195
"1449",5882,0,0,0,0,596400,0,700800,1297200,527800,102850,0,0,0,35000,0,0,630650,2.05692539443431
"1450",5883,0,-7532,50000,48000,0,0,0,90468,136760,0,0,0,0,43000,5000,0,136760,0.66150921322024
"1451",5884,562000,82024,0,55800,0,0,0,699824,372216,25408,0,95400,0,50000,0,95400,493024,1.41945219705329
"1452",5885,296000,32108,0,48000,0,0,0,376108,211640,0,0,10400,0,24200,0,10400,222040,1.69387497748153
"1453",5886,360000,-5100,0,0,286600,0,0,641500,310440,159900,0,3120,0,13720,0,3120,473460,1.35491910615469
"1454",5891,405000,388000,145000,0,120000,0,200,1058200,258960,0,0,0,1235,124500,5000,1235,260195,4.06694978765926
"1455",5892,0,-46200,191000,0,48000,0,100,192900,201656,74200,40000,21580,0,80000,0,61580,337436,0.571663959980559
"1456",5894,385000,-500,195000,0,0,0,100,579600,355680,34900,90000,82700,3580,218000,0,176280,566860,1.02247468510743
"1457",5895,45278500,-408,0,7400,0,0,10,45285502,590200,31400,0,26880,1000,5400000,13000,27880,649480,69.7257837038862
"1458",5896,0,2,0,0,338000,3e+05,100,638102,117000,0,0,11240,0,20000,1080,11240,128240,4.97584217092951
"1459",5899,0,-1950,480000,0,0,0,100100,578150,328016,66600,0,15385,120,32500,7000,15505,410121,1.40970591605892
"1460",5902,0,0,710000,1000,330000,0,500,1041500,231920,58800,0,0,27500,223500,0,27500,318220,3.27289296712966
"1461",5903,0,289000,0,0,148000,30000,100,467100,443040,209500,0,42440,0,50700,14500,42440,694980,0.672105672105672
"1462",5904,0,0,0,0,0,240000,2500,242500,265460,0,0,17790,0,30000,2200,17790,283250,0.856134157105031
"1463",5905,3e+05,0,0,2596,249000,0,400,551996,240240,0,0,0,0,15000,0,0,240240,2.29768564768565
"1464",5906,0,0,615000,0,0,0,260100,875100,215800,26100,0,0,300,405000,0,300,242200,3.61312964492155
"1465",5909,718500,299000,0,48000,0,0,1000,1066500,572000,189100,0,69630,0,150000,15000,69630,830730,1.2838106243906
"1466",5912,3500000,-15500,-680000,0,0,0,800,2805300,408720,86000,0,0,200,10000,800,200,494920,5.66818879818961
"1467",5915,271500,-19600,293000,0,80000,0,1000,625900,327600,36500,0,17400,350,85000,0,17750,381850,1.63912531098599
"1468",5921,1740000,-16340,0,0,0,0,0,1723660,202800,36950,0,45300,15000,70000,0,60300,300050,5.744575904016
"1469",5924,743500,5000,5000,0,0,0,1200,754700,249600,114500,0,0,150,10000,0,150,364250,2.07192862045299
"1470",5927,0,-12712,0,0,0,0,0,-12712,2125032,120000,0,22000,0,25000,0,22000,2267032,-0.00560733152421316
"1471",5933,9735000,-22400,0,0,0,0,1000,9713600,203840,44200,0,0,22900,25000,0,22900,270940,35.8514800324795
"1472",5936,328000,14700,0,96000,0,0,0,438700,452920,18550,0,46300,1000,41300,0,47300,518770,0.84565414345471
"1473",5938,0,17900,-70000,0,710000,0,40000,697900,140400,0,0,0,1900,2000,1500,1900,142300,4.90442726633872
"1474",5939,236000,46750,750000,48000,0,0,1000,1081750,187200,0,0,0,0,2000,1500,0,187200,5.77857905982906
"1475",5944,396640,39400,450000,24000,0,0,0,910040,70616,0,125500,90740,350,3e+05,0,216590,287206,3.16859675633517
"1476",5945,0,-15348,75000,0,0,0,0,59652,128180,11800,0,0,22108,50000,0,22108,162088,0.368022308869256
"1477",5946,30000,12500,260000,0,0,0,0,302500,178880,7900,0,0,4476,70000,0,4476,191256,1.58164972602167
"1478",5947,210000,309085,0,0,0,0,0,519085,139360,0,0,11300,0,70000,0,11300,150660,3.44540687641046
"1479",5949,480000,-25500,0,0,0,0,0,454500,277680,43200,0,27140,10,15000,30000,27150,348030,1.3059219032842
"1480",5953,3365000,3500,1100000,54000,0,0,12000,4534500,560560,0,0,97900,0,60000,0,97900,658460,6.88652309935304
"1481",5954,0,-80950,435000,24000,0,0,500,378550,409240,0,0,10000,250,60000,15000,10250,419490,0.902405301675844
"1482",5959,0,0,0,0,985000,144000,373000,1502000,500240,111100,0,1858,285,35000,200,2143,613483,2.4483156012473
"1483",5962,0,106400,426000,0,0,0,0,532400,394680,92500,0,1200,250,15000,40000,1450,488630,1.08957698053742
"1484",5963,0,-17100,177504,0,0,0,2300,162704,186680,70000,0,0,1200,20000,5000,1200,257880,0.630929114316736
"1485",5965,286000,-52200,0,0,0,0,800,234600,335920,87500,0,200,0,65000,15000,200,423620,0.55379821538171
"1486",5971,236000,-17000,0,0,0,72000,6200,297200,486200,292000,0,3350,2150,25000,10000,5500,783700,0.379226744927906
"1487",5976,0,67900,0,48000,0,0,100,116000,323440,112200,0,50800,0,75000,0,50800,486440,0.238467231313214
"1488",5977,3e+05,30000,0,78000,140000,0,500,548500,377000,48300,35000,22280,3700,75000,0,60980,486280,1.12795097474706
"1489",5978,672200,0,0,48000,0,0,500,720700,206960,0,0,18100,1500,23000,0,19600,226560,3.18105579096045
"1490",5980,252000,0,0,0,0,0,0,252000,135200,0,0,22209,0,32209,0,22209,157409,1.60092497887668
"1491",5983,0,0,0,96000,0,0,0,96000,109200,0,0,41000,0,51000,20000,41000,150200,0.639147802929427
"1492",5985,305000,-500,0,48000,0,0,0,352500,323960,0,0,57000,2200,55000,30000,59200,383160,0.919981208894457
"1493",5986,370000,18600,0,0,0,0,0,388600,297440,0,0,42604,10000,31500,0,52604,350044,1.11014615305504
"1494",5988,388000,8,0,96000,0,0,0,484008,273000,0,0,68000,0,77100,0,68000,341000,1.41937829912023
"1495",5991,51600,-2218,368000,2800,0,0,0,420182,170040,0,0,0,320,36485,15000,320,170360,2.46643578304766
"1496",5992,94000,-9600,180002,27600,0,0,0,292002,161980,0,0,3000,0,8000,0,3000,164980,1.76992362710632
"1497",5993,260000,122400,0,48000,0,0,0,430400,477360,35400,0,20500,0,25000,3000,20500,533260,0.807110977759442
"1498",5994,174008,12900,0,24000,0,0,91000,301908,490100,65200,0,0,0,20000,0,0,555300,0.543684494867639
"1499",5995,240000,46900,0,24400,0,0,0,311300,269880,56300,0,0,0,3700,10000,0,326180,0.954381016616592
"1500",5996,2e+05,1506302,30000,0,0,0,8000,1744302,374400,164000,0,0,0,4500,15000,0,538400,3.2397882615156
"1501",5997,0,125150,-60000,0,0,144000,75000,284150,313040,0,0,0,2200,4800,2500,2200,315240,0.901376728841518
"1502",5998,0,-11100,0,28800,0,0,360000,377700,280280,14000,0,0,0,35000,0,0,294280,1.28347152371891
"1503",5999,0,289225,-176000,0,0,0,562000,675225,243620,0,0,0,0,3000,8000,0,243620,2.7716320499138
"1504",6000,166000,344250,-80000,0,0,0,10000,440250,739700,8300,0,0,0,3700,0,0,748000,0.588569518716578
"1505",6002,0,254400,0,6400,0,0,62000,322800,222560,62080,0,0,0,2500,0,0,284640,1.13406408094435
"1506",6008,0,780750,-276000,48000,420000,0,0,972750,308100,50400,96000,0,0,96000,70000,96000,454500,2.14026402640264
"1507",6009,0,33310,310000,0,0,0,0,343310,178360,84100,0,0,0,21000,0,0,262460,1.30804694048617
"1508",6010,0,-2600,0,86400,420000,0,0,503800,428480,12200,0,0,15000,19000,3000,15000,455680,1.10560042134831
"1509",6011,0,-7250,-97000,0,198000,0,0,93750,114400,16270,0,0,0,4000,3000,0,130670,0.71745618734216
"1510",6013,0,76740,294000,16000,0,0,15000,401740,244920,800,0,0,120,29000,0,120,245840,1.63415229417507
"1511",6014,650000,277000,-270000,0,0,0,0,657000,204880,-23300,0,0,0,3000,0,0,181580,3.61823989426148
"1512",6015,0,1243500,0,0,0,0,276000,1519500,377520,45400,0,0,1500,1e+05,0,1500,424420,3.58018001036709
"1513",6017,0,18800,5e+05,60000,0,0,10000,588800,291200,6500,0,473850,0,3e+05,65000,473850,771550,0.763139135506448
"1514",6021,0,176100,-80000,0,0,0,0,96100,287560,32700,0,7200,350,30000,20000,7550,327810,0.293157621793112
"1515",6022,210000,26050,-40000,0,0,0,20000,216050,317980,0,0,16300,2500,1e+05,0,18800,336780,0.641516717144724
"1516",6028,736000,-200,0,96000,0,0,0,831800,427960,160400,0,47920,3700,51620,0,51620,639980,1.29972811650364
"1517",6030,162250,-2240,50000,0,0,0,0,210010,225160,27950,0,0,380,30000,0,380,253490,0.828474496035347
"1518",6036,10000,321800,90000,72000,0,0,0,493800,138320,10350,0,0,100,5000,3000,100,148770,3.31921758419036
"1519",6039,48000,-4100,0,0,0,0,80000,123900,186680,35952,0,9500,0,25000,30000,9500,232132,0.533748039908328
"1520",6048,0,-11900,205000,0,0,0,200,193300,157040,13200,0,0,0,15000,40000,0,170240,1.13545582706767
"1521",6050,81900,26600,0,60000,0,0,200,168700,164840,0,0,0,0,32000,0,0,164840,1.02341664644504
"1522",6051,30000,-4700,207000,48000,0,0,0,280300,320736,48850,0,12540,6350,15000,0,18890,388476,0.721537495237801
"1523",6060,520000,1e+05,0,0,0,0,0,620000,203320,0,0,48300,0,55000,2000,48300,251620,2.46403306573404
"1524",6061,0,0,230000,48000,0,0,0,278000,157560,59600,0,8080,0,9000,0,8080,225240,1.23423903391937
"1525",6067,0,5200,6e+05,0,0,0,14000,619200,256880,0,0,52880,0,105920,0,52880,309760,1.99896694214876
"1526",6071,0,-30300,519992,0,0,0,13000,502692,191360,186800,0,0,0,1e+05,0,0,378160,1.32931034482759
"1527",6081,70000,137100,65000,72000,93000,0,1000,438100,376480,0,0,0,4200,6500,1000,4200,380680,1.1508353472733
"1528",6082,0,77250,-540000,0,325000,72000,0,-65750,154440,67300,0,40000,0,40000,0,40000,261740,-0.251203484373806
"1529",6083,0,409950,1224000,0,0,0,0,1633950,255320,0,0,0,0,38000,25000,0,255320,6.39961616794611
"1530",6084,1200000,75300,0,0,0,0,15000,1290300,713960,114900,0,20150,0,35000,0,20150,849010,1.51977008515801
"1531",6086,924800,-15400,0,0,0,0,0,909400,167700,32100,0,17600,0,56000,0,17600,217400,4.18307267709292
"1532",6087,340000,123900,0,0,0,0,2200,466100,95160,0,0,0,0,10000,6410,0,95160,4.89806641445986
"1533",6093,0,3,7e+05,0,4e+05,420000,19000,1539003,242580,77740,0,10000,0,10000,0,10000,330320,4.65912751271494
"1534",6097,528000,-5000,3e+05,0,0,0,5e+05,1323000,904800,84000,0,0,0,150000,30000,0,988800,1.3379854368932
"1535",6098,0,10100,380000,6400,0,0,8000,404500,392600,88700,0,6450,0,25000,0,6450,487750,0.82931829830856
"1536",6101,0,-23700,0,48000,296000,144000,0,464300,293540,103600,0,0,0,70000,20000,0,397140,1.16910913028151
"1537",6103,2e+05,115600,0,0,0,24,96000,411624,225160,0,0,0,0,40000,8000,0,225160,1.82813998934091
"1538",6112,325000,3e+05,0,0,0,0,0,625000,741260,0,0,0,0,90000,10000,0,741260,0.843158945579149
"1539",6117,0,71360,3e+05,0,0,0,0,371360,113360,0,0,7300,0,7300,0,7300,120660,3.07773910160782
"1540",6118,3000,155400,0,0,-354800,0,0,-196400,192400,16950,0,40,0,120000,10000,40,209390,-0.937962653421844
"1541",6123,8000,34688,79500,0,0,0,0,122188,150540,0,0,0,0,7000,0,0,150540,0.81166467384084
"1542",6130,893008,15400,0,0,531600,0,8000,1448008,445848,0,0,0,1700,27800,0,1700,447548,3.23542502703621
"1543",6138,0,50100,0,3000,0,0,0,53100,254800,0,0,0,0,30000,0,0,254800,0.20839874411303
"1544",6144,31400,2,0,32000,0,0,0,63402,88140,22200,0,0,9450,22000,0,9450,119790,0.529276233408465
"1545",6145,0,188385,0,0,0,0,0,188385,108160,23500,0,0,8400,30000,0,8400,140060,1.34503070112809
"1546",6146,0,128950,0,96000,0,0,0,224950,126100,16700,0,7000,0,20000,0,7000,149800,1.50166889185581
"1547",6147,752000,371275,8,0,0,0,0,1123283,123760,37800,0,0,6050,10000,0,6050,167610,6.70176600441501
"1548",6148,391000,79700,0,48000,0,0,0,518700,102440,0,0,6000,3000,15000,0,9000,111440,4.65452261306533
"1549",6149,204500,2242,0,0,107400,0,0,314142,255060,0,0,5760,9385,25000,0,15145,270205,1.16260616938991
"1550",6151,0,31500,0,0,139700,0,0,171200,123500,25700,0,0,10080,25000,0,10080,159280,1.0748367654445
"1551",6155,126000,80800,2e+05,0,0,0,50000,456800,145860,5150,0,0,300,2e+05,0,300,151310,3.01896768224176
"1552",6158,216000,-23400,-80000,36000,0,0,0,148600,89440,0,0,17200,0,50000,0,17200,106640,1.39347336834209
"1553",6159,154000,-12500,3e+05,0,0,0,0,441500,95316,6400,0,0,2600,8000,0,2600,104316,4.23233252808773
"1554",6160,0,-32400,299200,0,0,0,0,266800,221520,31200,0,46816,0,50000,0,46816,299536,0.890710966294535
"1555",6161,0,17000,360000,0,0,0,0,377000,132860,17150,0,0,7000,20000,8,7000,157010,2.40112094771034
"1556",6162,240000,-21300,150000,0,72350,0,0,441050,172640,15600,0,11100,0,60000,0,11100,199340,2.21255141968496
"1557",6163,0,-12100,0,0,144000,0,0,131900,484900,85000,0,2000,0,120000,8000,2000,571900,0.230634726350761
"1558",6164,0,-15600,0,0,132600,180000,510000,807000,624104,550000,0,36600,100,350000,0,36700,1210804,0.666499284772763
"1559",6165,6e+05,-12700,0,0,58000,0,0,645300,227500,48000,0,0,400,12000,0,400,275900,2.33889090250091
"1560",6166,66000,-15300,0,0,0,96000,0,146700,620100,250000,0,0,0,10000,0,0,870100,0.168601310194231
"1561",6171,0,-246200,38500,0,0,0,0,-207700,828308,0,0,14400,0,140000,0,14400,842708,-0.246467341000679
"1562",6176,0,-106200,6e+05,56000,30000,0,0,579800,204360,-9000,0,0,0,110000,0,0,195360,2.96785421785422
"1563",6182,0,0,0,72000,105000,0,0,177000,429520,222800,0,0,0,90000,0,0,652320,0.271339220014717
"1564",6189,0,28050,375000,0,0,0,17000,420050,177580,16900,0,42450,0,50000,6000,42450,236930,1.77288650656312
"1565",6192,0,39000,0,36000,0,0,0,75000,223080,58000,0,5705,55410,40000,5000,61115,342195,0.219173278393898
"1566",6193,0,-11000,1200012,0,495200,0,0,1684212,359580,29330,1600,60174,0,80000,0,61774,450684,3.73701307346167
"1567",6200,0,5600,0,96000,0,0,0,101600,400400,62600,28000,30900,0,50000,0,58900,521900,0.194673309063039
"1568",6204,0,601800,45000,0,194000,0,0,840800,193960,0,0,16000,0,30000,0,16000,209960,4.00457229948562
"1569",6205,72240800,-5100,0,48000,0,0,0,72283700,321256,30300,0,0,0,35000,0,0,351556,205.610770403577
"1570",6216,156000,-46300,480000,96000,0,0,0,685700,269880,105400,0,9000,0,40000,0,9000,384280,1.78437597585094
"1571",6235,255300000,0,0,0,4e+05,0,5000,255705000,298220,165000,0,16926,0,25000,0,16926,480146,532.556763984288
"1572",6248,0,236000,85000,0,0,0,382000,703000,308360,0,0,43660,0,35000,0,43660,352020,1.99704562240782
"1573",6250,2.5e+07,-1000,0,0,0,0,0,24999000,221000,22200,1200,258222,3960,1e+06,2e+05,263382,506582,49.3483779526316
"1574",6251,679400,301100,0,0,0,0,12500,993000,347880,39300,0,9560,0,12000,6320,9560,396740,2.50289862378384
"1575",6254,1.47e+08,0,0,48000,0,0,100,147048100,202176,36100,0,8355,0,20000,0,8355,246631,596.227157170023
"1576",6259,0,46000,480000,0,0,0,2000,528000,265720,89600,0,3600,0,10000,4000,3600,358920,1.47107990638582
"1577",6261,0,172800,0,32000,0,0,2000,206800,113360,0,0,41400,0,50000,0,41400,154760,1.33626260015508
"1578",6263,660000,0,0,48000,0,0,8000,716000,368160,16500,0,25262,20100,50000,5000,45362,430022,1.66503109143253
"1579",6283,4e+05,-10300,720000,0,0,0,1000,1110700,324480,0,0,7060,0,15000,5000,7060,331540,3.35012366531942
"1580",6292,0,2400,-155000,0,0,0,0,-152600,276120,0,0,5760,4170,20000,0,9930,286050,-0.533473169026394
"1581",6295,187000,-38600,-3000,0,0,0,0,145400,359580,12040,0,11025,0,101000,3930,11025,382645,0.379986671719218
"1582",6306,484000,0,0,0,0,84000,460000,1028000,364520,0,0,40400,0,30000,0,40400,404920,2.53877309098093
"1583",6309,0,0,-45000,0,180000,0,37000,172000,159120,0,0,56700,0,60000,0,56700,215820,0.796960429987953
"1584",6312,0,66000,6e+06,0,492000,0,20000,6578000,251940,4850,0,91710,7140,97000,1940,98850,355640,18.4962321448656
"1585",6315,0,97000,3e+05,48000,0,0,5000,450000,265720,0,0,7030,0,60000,6000,7030,272750,1.64986251145738
"1586",6320,0,-33200,-2e+05,48000,0,0,0,-185200,365560,0,0,55400,0,70000,0,55400,420960,-0.439946788293425
"1587",6326,491000,0,5292500,0,220800,0,2000,6006300,215280,0,0,11780,3185,29000,1250,14965,230245,26.086559968729
"1588",6328,0,58450,1e+05,48000,0,0,150,206600,146900,0,0,36360,0,50000,5000,36360,183260,1.12736003492306
"1589",6332,0,-68800,455000,0,155000,0,0,541200,366860,0,0,108100,0,118000,0,108100,474960,1.13946437594745
"1590",6349,1340000,0,0,0,0,0,0,1340000,329680,119500,0,0,0,50000,0,0,449180,2.98321385636048
"1591",6355,561000,-38850,0,0,0,0,180000,702150,285220,69000,0,0,0,50000,0,0,354220,1.98224267404438
"1592",6361,61000,-6800,0,96000,0,0,0,150200,751400,0,0,9600,0,25000,0,9600,761000,0.197371879106439
"1593",6363,674000,114982,0,96000,20000,0,500,905482,442156,16750,0,25338,0,30583,6985,25338,484244,1.86988790774899
"1594",6366,150000,15500,55000,0,57000,0,0,277500,294632,3500,0,40000,900,42000,0,40900,339032,0.81850680761698
"1595",6368,239008,-2648,85000,0,0,0,0,321360,289900,13180,0,5600,0,11500,0,5600,308680,1.04107813917325
"1596",6369,320000,73500,0,0,0,0,0,393500,167700,9000,82000,6600,0,90000,8239,88600,265300,1.48322653599698
"1597",6373,132000,76950,0,0,0,0,90000,298950,126100,0,0,48200,0,55000,25000,48200,174300,1.71514629948365
"1598",6374,192000,-600,10000,0,0,0,0,201400,156780,0,0,52520,250,90000,0,52770,209550,0.961107134335481
"1599",6375,310000,13680,0,0,0,0,0,323680,228800,29500,0,0,1900,25000,8568,1900,260200,1.24396617986164
"1600",6378,0,-39200,2e+05,9600,6500,0,0,176900,481520,0,0,140100,0,180000,30000,140100,621620,0.284579003249574
"1601",6381,19200,-29600,190000,32000,0,0,0,211600,226720,0,0,40150,560,80000,0,40710,267430,0.791235089556146
"1602",6382,12000,-28000,0,32000,0,0,0,16000,1136460,500,0,16550,0,45000,1110,16550,1153510,0.0138707076661667
"1603",6390,0,10550,0,56000,0,0,0,66550,83720,0,0,5700,0,10000,0,5700,89420,0.744240662044285
"1604",6393,0,0,0,0,178000,0,0,178000,210600,81500,0,0,0,34000,12000,0,292100,0.609380349195481
"1605",6394,368000,-11500,0,0,203000,0,0,559500,495040,74000,0,125000,1200,121400,0,126200,695240,0.804758069155975
"1606",6397,120000,28400,0,0,0,0,0,148400,60320,0,0,0,0,7000,0,0,60320,2.46021220159151
"1607",6400,324000,71900,0,0,0,0,0,395900,155220,23800,0,0,0,20000,0,0,179020,2.21148475030723
"1608",6403,0,37200,-50000,0,1063500,0,700,1051400,111800,10600,0,0,0,30000,0,0,122400,8.58986928104575
"1609",6406,96000,39500,0,0,768000,0,0,903500,269880,83700,0,0,0,10000,0,0,353580,2.55529158889077
"1610",6417,48000,3499,0,48000,0,0,0,99499,329680,173600,0,0,1550,80000,0,1550,504830,0.197094071271517
"1611",6419,0,18950,4e+05,0,0,0,0,418950,228280,60000,0,0,0,20000,0,0,288280,1.45327459414458
"1612",6422,0,-15100,296000,48000,0,0,0,328900,148200,1800,0,0,0,5000,0,0,150000,2.19266666666667
"1613",6425,0,15800,4e+05,0,0,0,0,415800,229840,0,0,0,0,4000,0,0,229840,1.80908458057779
"1614",6427,0,55850,-45000,0,0,0,0,10850,241540,5400,0,0,14130,6000,0,14130,261070,0.0415597349369901
"1615",6428,0,74900,-2e+05,0,0,0,15000,-110100,265200,0,0,0,0,80000,0,0,265200,-0.415158371040724
"1616",6429,0,18800,62000,36000,0,0,0,116800,116220,0,0,10400,0,12000,0,10400,126620,0.922445111356816
"1617",6440,640000,-11100,480000,0,0,0,8000,1116900,370500,48500,0,0,0,30000,0,0,419000,2.66563245823389
"1618",6448,628000,8400,1e+05,0,0,0,0,736400,354640,0,0,32100,0,70000,0,32100,386740,1.90412163210426
"1619",6449,0,240350,0,0,0,0,0,240350,236080,0,0,0,400,400,0,400,236480,1.0163650202977
"1620",6453,6e+05,78400,0,0,320000,0,0,998400,437320,0,0,0,0,7500,0,0,437320,2.28299643281807
"1621",6456,0,7400,475000,0,151000,0,0,633400,204360,15500,0,0,0,2500,1000,0,219860,2.8809242245065
"1622",6462,0,56900,690000,0,0,0,0,746900,483080,8250,0,0,4250,50000,0,4250,495580,1.50712296702853
"1623",6466,0,-35400,780000,32000,0,0,360000,1136600,91260,3000,0,0,0,15000,0,0,94260,12.0581370676851
"1624",6467,0,-39000,150000,0,0,0,30000,141000,459680,0,0,2620,0,1000,0,2620,462300,0.304996755353666
"1625",6473,0,13400,230000,0,0,0,15000,258400,99320,16200,0,0,0,1000,0,0,115520,2.23684210526316
"1626",6477,0,260800,1800000,0,0,0,313500,2374300,250120,0,0,0,0,5700,0,0,250120,9.49264353110507
"1627",6480,0,-1800,0,3500,0,0,0,1700,774280,0,3000,7750,0,35750,0,10750,785030,0.00216552233672598
"1628",6483,432000,10050,170000,0,0,0,0,612050,281320,0,3020,4500,0,60000,0,7520,288840,2.11899321423626
"1629",6485,1440000,-8600,6e+05,0,31200,0,0,2062600,192920,0,0,11000,1500,120000,0,12500,205420,10.0408918313699
"1630",6496,0,-13500,244000,48000,0,0,6000,284500,327860,0,0,122650,0,150000,11000,122650,450510,0.631506514838738
"1631",6509,0,-65000,6e+05,48000,0,0,0,583000,189800,60000,0,40000,0,240000,0,40000,289800,2.01173222912353
"1632",6515,0,0,0,0,0,432000,324000,756000,239720,0,0,0,0,30000,10615,0,239720,3.15367929250793
"1633",6524,878000,40500,-455000,0,0,0,3000,466500,168480,0,0,0,0,30000,0,0,168480,2.76887464387464
"1634",6536,440000,-18998,0,0,0,0,0,421002,143260,18100,0,500,0,15000,0,500,161860,2.60102557765971
"1635",6549,4e+05,37900,0,0,0,0,0,437900,253760,0,0,0,0,20000,650,0,253760,1.72564627994956
"1636",6551,0,0,6e+05,0,924000,0,0,1524000,98800,6500,0,0,0,10000,0,0,105300,14.4729344729345
"1637",6555,496400,203700,0,96000,432000,0,53760,1281860,356720,14220,0,0,0,4500,0,0,370940,3.45570712244568
"1638",6562,351000,-35000,0,0,0,0,0,316000,187200,0,0,0,0,150000,25000,0,187200,1.68803418803419
"1639",6591,0,85775,0,24000,0,0,0,109775,368160,56430,0,0,600,25000,11800,600,425190,0.258178696582704
"1640",6594,0,32552,940000,36000,0,0,0,1008552,322920,2700,0,9608,0,10000,0,9608,335228,3.0085553712697
"1641",6595,158000,-5850,394000,0,0,0,0,546150,143000,12120,0,8190,0,15000,0,8190,163310,3.34425326066989
"1642",6598,197000,139400,-70000,72000,7e+05,0,0,1038400,514800,17300,0,0,40000,50000,9550,40000,572100,1.81506729592729
"1643",6599,0,82750,6e+05,0,0,0,0,682750,367120,31680,0,0,0,5000,0,0,398800,1.7120110330993
"1644",6600,0,87000,360000,48000,0,0,0,495000,485940,16050,0,27800,0,60000,17860,27800,529790,0.934332471356575
"1645",6603,273000,157950,0,0,0,0,0,430950,313040,33180,0,5975,0,6500,0,5975,352195,1.22361191953321
"1646",6607,297500,-5300,0,0,8e+05,0,0,1092200,395460,0,0,0,0,22000,4000,0,395460,2.76184696303039
"1647",6610,0,763480,0,0,0,0,22000,785480,425100,16340,0,0,0,10000,0,0,441440,1.77935846321131
"1648",6613,250000,-14590,180000,0,0,0,0,415410,143000,14900,0,3230,0,3500,0,3230,161130,2.57810463600819
"1649",6619,945000,135000,0,48000,0,0,0,1128000,282620,171950,0,0,0,1e+05,10000,0,454570,2.48146600083596
"1650",6620,0,0,0,48000,491800,144000,0,683800,425464,170000,0,47200,0,155000,16888,47200,642664,1.06400856435089
"1651",6628,0,0,0,0,0,42000,216000,258000,628160,159100,0,65400,0,70000,0,65400,852660,0.302582506509042
"1652",6629,0,44292,0,0,284000,0,3e+05,628292,177320,0,0,5760,0,44960,10600,5760,183080,3.43178938169106
"1653",6630,0,69500,0,0,208800,0,0,278300,207636,277200,0,122880,0,130276,31536,122880,607716,0.457944171290537
"1654",6631,0,0,0,0,285000,0,0,285000,296400,174900,0,0,2250,50000,0,2250,473550,0.601837187203041
"1655",6632,0,0,0,0,0,0,30000,30000,547716,161100,0,26376,0,60000,10000,26376,735192,0.0408056670910456
"1656",6635,0,-17000,0,0,283700,42000,0,308700,397280,100700,0,20308,460,20000,0,20768,518748,0.595086631659303
"1657",6639,429000,0,-264000,0,597600,0,0,762600,737360,75000,0,11450,0,89450,600,11450,823810,0.925698886879256
"1658",6649,0,117700,0,0,660000,0,1500,779200,345384,96300,0,0,36500,40000,0,36500,478184,1.62949826844897
"1659",6656,509000,99200,0,0,182600,0,0,790800,335920,116150,0,9620,0,4020,3600,9620,461690,1.71283761831532
"1660",6671,1025000,0,2e+05,0,0,360000,0,1585000,248560,0,0,6000,0,250000,6000,6000,254560,6.22642991829038
"1661",6672,360000,-6000,0,2000,0,0,0,356000,468052,46000,0,0,0,7550,4950,0,514052,0.69253694178799
"1662",6675,448000,-700,455000,15960,0,0,0,918260,297700,203800,0,30,0,42450,24300,30,501530,1.8309173927781
"1663",6703,0,0,0,96000,248800,0,6e+05,944800,328640,29600,0,80,0,10000,9000,80,358320,2.63674927439161
"1664",6710,0,38500,0,0,0,0,360000,398500,198120,0,0,0,0,50000,13500,0,198120,2.01140722794266
"1665",6720,0,-41200,840000,48000,0,0,0,846800,392600,63400,0,40,0,5100,2000,40,456040,1.85685466187177
"1666",6760,0,70000,6e+05,0,678000,0,23500,1371500,342940,136700,0,96393,0,136393,0,96393,576033,2.38093998086915
"1667",6767,11325000,-1100,180000,0,0,0,500,11504400,145080,0,0,0,4105,253705,0,4105,149185,77.1149914535644
"1668",6769,0,-67600,1e+06,0,0,0,1000,933400,206700,0,0,6220,0,240000,5000,6220,212920,4.38380612436596
"1669",6778,0,-800,0,48000,580000,0,3000,630200,345176,143700,0,3170,1450,10000,0,4620,493496,1.27701136382058
"1670",6785,40000,37400,440000,0,0,0,0,517400,104000,0,0,0,0,10000,0,0,104000,4.975
"1671",6788,450000,81800,-340000,0,0,42000,0,233800,133120,0,0,0,0,10000,0,0,133120,1.75631009615385
"1672",6791,426000,0,4e+05,0,0,0,0,826000,203320,109700,0,0,0,15000,0,0,313020,2.63880902178775
"1673",6794,0,226100,0,0,0,0,0,226100,135200,0,0,0,0,10000,0,0,135200,1.67233727810651
"1674",6800,0,215000,8e+05,0,0,0,0,1015000,127920,69500,0,0,0,6000,0,0,197420,5.14132306757167
"1675",6813,125000,263800,1200000,0,0,0,0,1588800,166920,0,0,0,0,60000,36000,0,166920,9.51833213515457
"1676",6816,0,-11200,3e+05,0,0,0,90000,378800,148720,0,0,0,0,10000,0,0,148720,2.54706831629909
"1677",6841,50000,0,0,0,0,0,0,50000,156520,60500,0,0,0,20000,0,0,217020,0.230393512118699
"1678",6847,350000,0,0,0,0,0,0,350000,161720,36600,0,0,0,50000,25000,0,198320,1.76482452601856
"1679",6850,96000,5300,0,48000,0,36000,0,185300,307320,0,0,0,0,20000,10000,0,307320,0.602954575035793
"1680",6851,478000,-46720,95000,48000,0,0,5000,579280,311324,18140,0,141600,0,95000,5160,141600,471064,1.22972674625953
"1681",6852,0,-2000,360000,0,0,0,2500,360500,243256,14628,0,0,0,12000,0,0,257884,1.39791534178158
"1682",6856,20000,-49900,49000,0,84000,0,200,103300,204880,0,14700,34500,2045,51246,5400,51245,256125,0.4033186920449
"1683",6858,0,0,0,0,480000,84000,0,564000,712400,88000,0,161600,0,242600,15000,161600,962000,0.586278586278586
"1684",6860,0,5000,9e+05,0,0,0,0,905000,171600,0,0,0,0,25000,2500,0,171600,5.27389277389277
"1685",6867,16000,85040,3660000,48000,0,0,27000,3836040,354120,0,0,21200,0,20900,0,21200,375320,10.2207183203666
"1686",6874,0,42000,590000,120000,0,0,0,752000,424320,0,0,9320,0,40000,15000,9320,433640,1.73415736555668
"1687",6876,0,2000,30,48000,0,0,0,50030,128960,60600,0,14680,1200,20000,5000,15880,205440,0.243526090342679
"1688",6879,792000,-12100,0,0,0,0,500,780400,357032,0,425000,96000,2000,8e+05,10000,523000,880032,0.886785935056907
"1689",6882,0,25400,2500000,1008000,87000,0,5000,3625400,533520,145500,0,3000,3150,20000,100,6150,685170,5.29124158967847
"1690",6885,0,-32998,0,0,5000,0,54500,26502,229840,0,0,25100,0,25000,0,25100,254940,0.103953871499176
"1691",6887,617000,6300,-95000,0,0,0,17000,545300,122460,2600,0,0,8710,20000,0,8710,133770,4.0763997906855
"1692",6892,444000,-2620,0,0,139280,0,0,580660,391300,97500,0,0,0,4000,0,0,488800,1.18792962356792
"1693",6895,62500000,-2600,0,0,0,0,0,62497400,248040,78950,0,0,0,50000,0,0,326990,191.129392336157
"1694",6898,480000,0,0,48000,0,0,0,528000,328640,157000,0,0,0,5000,0,0,485640,1.08722510501606
"1695",6904,350000,-2000,0,0,0,0,0,348000,424840,191900,0,12050,0,30000,0,12050,628790,0.553443916092813
"1696",6908,216008,-16448,0,0,0,0,0,199560,227760,133700,0,0,0,5000,0,0,361460,0.552094284291485
"1697",6918,0,0,0,0,31800,0,7000,38800,484120,165800,0,0,0,7000,0,0,649920,0.059699655342196
"1698",6921,730000,337000,0,12000,0,0,500,1079500,791960,70400,0,0,0,48000,0,0,862360,1.25179739320006
"1699",6923,0,504000,685000,0,0,0,5000,1194000,238940,0,0,0,0,10000,0,0,238940,4.99707039424123
"1700",6926,196000,-32000,0,96000,0,0,12000,272000,616980,69000,0,0,0,80000,8000,0,685980,0.396513017872241
"1701",6927,467000,151300,0,48000,0,240000,32000,938300,815880,168900,0,0,0,90000,11000,0,984780,0.952801640975649
"1702",6929,0,-300,2400000,0,0,0,0,2399700,525200,160600,0,11100,0,90800,0,11100,696900,3.44339216530349
"1703",6931,0,0,1200000,48000,0,0,0,1248000,241800,0,0,10000,0,10000,0,10000,251800,4.95631453534551
"1704",6933,0,262000,-108000,0,0,0,0,154000,222560,201600,0,0,0,15000,0,0,424160,0.363070539419087
"1705",6937,0,0,6e+05,0,178000,0,0,778000,1264120,0,0,0,0,20000,1800,0,1264120,0.615447900515774
"1706",6941,0,4,-480000,0,0,0,0,-479996,223600,0,0,1800,0,19800,0,1800,225400,-2.12952972493345
"1707",6945,3037000,149890,0,108000,0,0,0,3294890,349440,0,0,20000,0,25000,3604,20000,369440,8.91860653962754
"1708",6950,180000,0,-50000,0,368000,0,0,498000,291200,0,0,0,0,18000,0,0,291200,1.71016483516484
"1709",6951,360000,0,360000,0,0,0,0,720000,191100,96120,0,5160,0,5160,0,5160,292380,2.46254873794377
"1710",6952,504000,23500,0,60000,0,0,0,587500,223392,37800,0,60010,0,60000,90000,60010,321202,1.82906706683022
"1711",6954,465000,-45900,-110000,0,0,0,0,309100,369720,0,0,16915,0,50000,1800,16915,386635,0.799462024907212
"1712",6955,655000,-18130,0,0,0,0,0,636870,228280,0,0,0,0,12000,0,0,228280,2.78986332574032
"1713",6956,240000,0,0,0,197600,0,0,437600,258440,37500,0,0,0,5000,0,0,295940,1.47867811042779
"1714",6957,360000,0,0,0,0,0,0,360000,280280,16000,0,0,6850,30000,0,6850,303130,1.18760927654802
"1715",6958,0,0,0,0,855000,240000,0,1095000,338000,124000,0,68400,0,50000,0,68400,530400,2.06447963800905
"1716",6959,215000,142400,0,0,0,0,0,357400,480220,4000,0,0,0,65000,0,0,484220,0.738094254677626
"1717",6961,185500,177650,-120000,0,0,0,0,243150,313560,45900,0,0,10000,10000,1e+05,10000,369460,0.658122665511828
"1718",6963,542000,10000,0,0,0,0,597500,1149500,480480,89050,0,9400,0,9400,12040,9400,578930,1.985559566787
"1719",6966,44000,106800,27000,0,0,0,0,177800,291200,0,0,0,0,3000,30000,0,291200,0.610576923076923
"1720",6967,20000,87100,-3e+05,0,0,0,0,-192900,174200,0,0,5000,0,5000,50000,5000,179200,-1.07645089285714
"1721",6973,0,0,480000,48000,0,0,3000,531000,280956,220630,0,0,0,9750,700,0,501586,1.05864198761528
"1722",6975,360000,4,170000,0,54000,144000,0,728004,118560,0,0,0,2500,10000,0,2500,121060,6.01358004295391
"1723",6979,0,151700,0,0,0,0,9000,160700,191100,0,0,31858,0,31858,8035,31858,222958,0.720763551879726
"1724",6981,0,-8798,0,52800,188250,120000,0,352252,185120,55550,0,3e+05,0,3e+05,1e+05,3e+05,540670,0.651510163315886
"1725",6984,0,29750,360000,0,42480,0,0,432230,218920,16340,0,99500,0,1e+05,0,99500,334760,1.2911638188553
"1726",6986,40000,45640,181000,36000,0,0,0,302640,71760,0,0,1800,0,25300,1e+05,1800,73560,4.1141924959217
"1727",6989,4170000,-1500,0,6400,0,0,0,4174900,400400,11000,0,19900,0,45000,0,19900,431300,9.67980523997218
"1728",6991,163300,-24300,-269000,0,108000,54000,0,32000,176280,34425,0,3700,0,5000,50000,3700,214405,0.14925025069378
"1729",6996,0,-28300,0,0,445600,0,340000,757300,566800,79000,0,0,0,60000,0,0,645800,1.17265407246826
"1730",7001,121000,-42000,104000,48000,0,0,0,231000,223860,2200,0,0,1232,18000,0,1232,227292,1.01631381658835
"1731",7003,0,42400,0,96000,0,0,10000,148400,371280,22000,0,2800,0,12000,0,2800,396080,0.374671783478085
"1732",7004,3e+05,10300,0,0,0,0,0,310300,434720,14700,0,0,0,1e+05,0,0,449420,0.690445463041253
"1733",7011,0,36550,0,50000,0,0,50000,136550,200720,7900,0,0,10100,10000,0,10100,218720,0.624314191660571
"1734",7012,0,31050,0,24000,0,0,0,55050,154440,38600,0,0,2530,10000,0,2530,195570,0.281484890320601
"1735",7015,0,52950,-66660,48000,150000,0,0,184290,230360,0,0,11144,0,15000,0,11144,241504,0.763092950841394
"1736",7016,405500,110500,210000,48000,0,0,0,774000,258960,89800,0,0,808,20000,0,808,349568,2.21416147931161
"1737",7025,0,173000,194000,24000,0,0,0,391000,154440,0,0,3450,2660,9900,0,6110,160550,2.43537838679539
"1738",7034,80000,-42600,0,0,330000,0,0,367400,286780,0,0,2100,1000,11600,0,3100,289880,1.26742100179385
"1739",7039,0,0,0,0,112000,0,0,112000,83200,0,0,0,0,43000,26400,0,83200,1.34615384615385
"1740",7040,0,46800,360000,0,0,0,0,406800,320580,0,0,65350,0,80000,0,65350,385930,1.05407716425258
"1741",7041,0,286510,-150000,0,0,0,0,136510,308100,0,0,0,0,50000,0,0,308100,0.443070431678027
"1742",7049,3e+05,32000,0,48000,280000,36000,100,696100,321880,237000,0,15000,0,50000,7500,15000,573880,1.21297135289608
"1743",7050,0,-14200,222000,0,0,0,15100,222900,312000,0,0,2800,550,19000,1800,3350,315350,0.706833676866973
"1744",7051,390000,-7600,20000,0,0,0,3000,405400,165360,0,0,3600,1600,30000,0,5200,170560,2.37687617260788
"1745",7052,186000,-22400,0,0,0,0,0,163600,154180,21300,0,21750,0,25000,0,21750,197230,0.829488414541398
"1746",7053,766000,-5900,960000,0,0,0,16500,1736600,346216,110000,0,0,2455,12000,1960,2455,458671,3.78615609009508
"1747",7054,0,2500,1e+06,0,120000,36000,1000,1159500,291720,131000,0,63320,550,250000,0,63870,486590,2.38290963644958
"1748",7059,0,-55800,-12000,24000,0,0,0,-43800,242840,173200,0,0,0,2e+05,0,0,416040,-0.105278338621286
"1749",7069,0,700,24000,0,0,0,0,24700,460980,0,0,0,0,18000,0,0,460980,0.0535815002820079
"1750",7073,0,-1600,20000,48000,70000,0,0,136400,109200,0,0,0,700,10000,20000,700,109900,1.24112829845314
"1751",7076,0,-600,40000,24000,7200,0,0,70600,152360,0,0,101000,0,30000,0,101000,253360,0.278654878433849
"1752",7077,418900,45680,0,48000,91000,0,480000,1083580,462280,34200,0,0,205,101000,1050,205,496685,2.1816241682354
"1753",7078,26000,-39400,0,0,0,0,300,-13100,131040,0,0,60315,355,60600,265,60670,191710,-0.0683323770278024
"1754",7083,0,188920,36000,7500,0,0,1000,233420,385320,0,0,0,0,39800,20000,0,385320,0.605782206996782
"1755",7084,0,3700,420000,0,0,0,14000,437700,336960,0,0,9000,0,205000,60000,9000,345960,1.26517516475893
"1756",7086,0,113630,-102000,96000,0,0,0,107630,257400,0,0,23500,2000,45000,0,25500,282900,0.38045245669848
"1757",7087,0,71600,-17500,0,398400,0,46000,498500,240240,25600,0,3070,0,11000,0,3070,268910,1.85378007511807
"1758",7088,0,41700,5e+05,6000,295200,0,0,842900,432900,18400,0,1800,0,4000,0,1800,453100,1.86029574045465
"1759",7089,4800,154100,435000,0,0,0,0,593900,122980,66450,0,18800,0,22000,0,18800,208230,2.85213465879076
"1760",7090,0,67450,120000,4800,174000,0,0,366250,286520,0,0,8330,1050,20000,0,9380,295900,1.23774923960798
"1761",7091,40000,42000,945800,0,0,0,0,1027800,213720,0,0,0,0,35400,0,0,213720,4.80909601347558
"1762",7092,0,109000,-588000,0,0,0,0,-479000,243360,27000,0,34490,0,30000,10000,34490,304850,-1.57126455633918
"1763",7095,0,21220,450000,0,0,0,0,471220,189020,54600,0,0,1000,2000,0,1000,244620,1.92633472324422
"1764",7099,32400,24900,172750,0,0,0,0,230050,76440,1650,0,0,0,5000,0,0,78090,2.94595978998591
"1765",7102,23600,-5250,2390000,0,0,0,3000,2411350,373880,31000,0,27600,0,50000,0,27600,432480,5.57563355530892
"1766",7103,0,-12250,2470000,0,1180000,0,2500,3640250,325832,75700,0,12300,0,30000,0,12300,413832,8.79644396760038
"1767",7109,325000,64700,0,0,0,0,20000,409700,329680,132000,0,0,0,25000,0,0,461680,0.887411193900537
"1768",7110,0,-11200,63500,5000,0,0,0,57300,67600,0,0,0,0,5000,15000,0,67600,0.847633136094675
"1769",7111,40000,35093,1e+05,0,0,0,0,175093,273260,38100,0,0,0,12000,0,0,311360,0.562349049331963
"1770",7114,0,52650,268000,0,0,0,500,321150,147056,0,0,5995,0,18995,9500,5995,153051,2.09832016778721
"1771",7118,50000,116102,375000,0,0,0,10300,551402,268840,5160,0,71200,1860,72000,20000,73060,347060,1.58878003803377
"1772",7120,0,233000,0,32000,580000,0,0,845000,226200,72500,0,0,600,30000,0,600,299300,2.82325425993986
"1773",7121,0,295300,0,48000,189000,0,0,532300,254800,124100,0,0,0,40000,20000,0,378900,1.40485616257588
"1774",7125,0,5000,-2e+05,0,460000,0,0,265000,201760,64000,0,0,0,1e+05,0,0,265760,0.997140276941601
"1775",7128,0,-44598,240000,0,482000,0,5000,682402,549900,114400,0,85200,0,85200,80000,85200,749500,0.91047631754503
"1776",7132,120000,258500,0,0,0,0,0,378500,286000,27000,35000,51660,0,46660,15000,86660,399660,0.947054996747235
"1777",7134,0,102000,480000,0,0,0,55000,637000,338312,66000,0,0,0,50000,2000,0,404312,1.57551593818635
"1778",7136,0,-10000,365000,0,0,0,0,355000,390260,0,0,52500,500,52500,0,53000,443260,0.800884356810901
"1779",7137,378000,-20500,0,48000,0,0,0,405500,348400,68700,0,17408,600,21000,0,18008,435108,0.931952526728996
"1780",7138,435000,20500,0,24000,0,0,0,479500,236600,22500,0,30600,2000,32600,0,32600,291700,1.64381213575591
"1781",7139,430000,0,0,0,0,0,0,430000,260416,73000,0,42800,700,43000,0,43500,376916,1.14083774634136
"1782",7142,3e+05,0,0,0,0,0,0,3e+05,418600,0,40000,250000,225000,3e+05,30000,515000,933600,0.32133676092545
"1783",7147,0,114500,80000,0,0,0,0,194500,163280,15100,0,0,0,1e+05,0,0,178380,1.09036887543447
"1784",7148,0,464800,0,0,0,0,0,464800,300040,10000,0,0,0,5e+05,1e+05,0,310040,1.49916139852922
"1785",7149,0,562900,80000,0,0,0,0,642900,165360,69000,0,0,0,10000,0,0,234360,2.74321556579621
"1786",7150,1077000,29500,0,6384,0,0,154900,1267784,391560,10500,0,77600,0,85000,0,77600,479660,2.64308885460535
"1787",7151,0,2506,0,48000,0,0,0,50506,128960,0,0,3300,0,7000,0,3300,132260,0.381869045818842
"1788",7152,0,48402,0,0,0,0,40000,88402,170040,0,0,0,0,23500,0,0,170040,0.519889437779346
"1789",7157,392000,10000,1650000,0,-1035000,96000,25000,1138000,325520,0,0,55131,0,70000,10000,55131,380651,2.9896151592929
"1790",7163,0,5000,0,0,14500,0,295000,314500,282360,27400,0,0,0,30000,0,0,309760,1.01530216942149
"1791",7164,0,0,0,0,59000,0,35000,94000,306800,29000,0,0,0,50000,0,0,335800,0.279928528886242
"1792",7166,0,60000,0,0,43000,0,5000,108000,253240,51600,0,0,700,35000,0,700,305540,0.35347254042024
"1793",7170,0,21200,2e+05,48000,0,0,0,269200,129480,0,0,28500,0,28000,0,28500,157980,1.70401316622357
"1794",7175,0,-108250,50000,0,0,0,240000,181750,205660,0,0,40000,950,40000,10000,40950,246610,0.736993633672601
"1795",7187,0,864640,279000,6000,0,0,0,1149640,166660,0,0,0,0,6420,0,0,166660,6.89811592463699
"1796",7190,0,-1000,-3000,0,0,0,0,-4000,215800,7800,0,1400,470,4000,0,1870,225470,-0.0177407193861711
"1797",7194,0,-60300,360000,48000,360000,0,0,707700,307840,7000,0,10800,0,7e+05,0,10800,325640,2.17325881341359
"1798",7197,526000,5950,0,8825,0,0,0,540775,321360,47700,0,0,0,1e+05,0,0,369060,1.4652766487834
"1799",7200,120000,42200,3e+05,6200,0,0,0,468400,343200,22400,0,0,500,135000,0,500,366100,1.27943184922152
"1800",7216,0,9000,495000,6300,0,0,0,510300,250120,67000,0,0,0,50000,0,0,317120,1.60917003027245
"1801",7225,0,45900,288000,48000,0,0,0,381900,118560,0,0,6080,200,1400000,0,6280,124840,3.05911566805511
"1802",7241,486000,-41000,-1e+05,0,0,0,0,345000,211640,0,0,0,0,5000,0,0,211640,1.63012663012663
"1803",7244,876000,10100,0,0,0,0,0,886100,262080,0,0,0,0,30000,0,0,262080,3.38102869352869
"1804",7251,261000,129400,-1300000,6300,1400000,0,0,496700,642200,138600,0,0,0,1e+05,0,0,780800,0.636142418032787
"1805",7256,0,-10250,0,0,0,0,3000,-7250,458640,81300,0,26580,0,30000,0,26580,566520,-0.0127974299230389
"1806",7260,6.3e+07,-3500,420000,48000,0,0,100,63464600,91780,0,0,57180,0,150000,0,57180,148960,426.051288936627
"1807",7263,1720000,26500,1e+05,48000,0,0,20000,1914500,665600,0,0,37320,78800,4e+05,0,116120,781720,2.4490866294837
"1808",7268,180000,-18150,0,0,0,0,0,161850,178100,0,0,5750,0,10000,0,5750,183850,0.880337231438673
"1809",7271,0,-9500,1200000,48000,0,0,100,1238600,205400,0,0,11760,0,25000,20000,11760,217160,5.70362866089519
"1810",7274,3.6e+08,-2800,0,0,297000,0,1500,360295700,612560,66600,0,13700,0,15000,0,13700,692860,520.012267990648
"1811",7278,459000,-9530,110000,30000,0,0,432,589902,371540,68150,0,3660,500,22000,1200,4160,443850,1.32905711388983
"1812",7281,110500,-1950,80000,0,0,0,2160,190710,89700,0,0,19700,0,27400,27400,19700,109400,1.74323583180987
"1813",7284,461700,-39400,0,6000,0,0,3108,431408,281580,65700,0,0,400,23480,23480,400,347680,1.2408191440405
"1814",7293,279000,-22750,0,6000,0,0,180,262430,422760,290000,0,15000,3600,1e+05,214,18600,731360,0.358824655436447
"1815",7306,0,51940,9e+05,0,0,0,800,952740,140400,0,0,6000,8080,17000,4370,14080,154480,6.16740031071983
"1816",7317,230000,-60200,0,0,0,0,0,169800,224640,0,0,5000,7680,72000,0,12680,237320,0.715489634249115
"1817",7325,160000,-39500,0,6000,0,0,0,126500,190320,74970,0,47450,640,65000,5124,48090,313380,0.403663284191716
"1818",7328,0,-4450,99000,0,0,0,1100,95650,141440,0,0,18500,0,25000,25000,18500,159940,0.59803676378642
"1819",7330,0,-71910,317000,48000,0,0,3000,296090,185380,0,0,0,13350,90000,0,13350,198730,1.48991093443365
"1820",7333,0,-4080,3e+05,48000,0,0,50,343970,215800,0,0,819000,0,819000,17000,819000,1034800,0.332402396598377
"1821",7343,0,-51980,1e+05,24000,0,0,1700,73720,284960,30900,0,12960,0,170000,366,12960,328820,0.224195608539627
"1822",7358,595000,15000,0,48000,0,0,66500,724500,312260,84800,0,5450,0,30000,140,5450,402510,1.79995528061415
"1823",7361,6e+05,70150,0,0,0,0,103700,773850,229060,37800,0,0,0,30000,5000,0,266860,2.89983511953833
"1824",7364,0,-18000,50000,0,0,0,3080,35080,309920,0,0,0,0,30000,800,0,309920,0.113190500774393
"1825",7368,42000,3350,-640000,96000,0,0,5900,-492750,259220,0,0,2768,0,25000,0,2768,261988,-1.8808113348703
"1826",7375,0,-22950,405000,48000,-7200,0,16000,438850,381160,98800,0,12360,80,20000,8000,12440,492400,0.891246953696182
"1827",7376,490000,-20940,593000,0,-144000,0,2300,920360,255320,31900,0,32840,0,30000,4464,32840,320060,2.87558582765731
"1828",7379,240000,-30550,390000,0,0,0,1500,600950,293540,0,0,16250,12800,20000,0,29050,322590,1.86289097616169
"1829",7405,402000,47300,0,0,0,0,3000,452300,317720,0,0,19990,3000,30000,8050,22990,340710,1.32752193947932
"1830",7412,0,-24799,497000,0,-10000,0,0,462201,307580,29200,0,19012,2700,20000,0,21712,358492,1.28929236914631
"1831",7437,0,-35450,248000,0,0,0,3500,216050,233740,57500,0,0,0,1e+05,0,0,291240,0.741828045598132
"1832",7441,992000,31540,-240000,48000,0,0,440000,1271540,215800,50700,0,44000,0,50000,0,44000,310500,4.09513687600644
"1833",7446,0,-32900,60000,0,0,0,1850,28950,270660,55000,0,0,11700,20000,0,11700,337360,0.0858133744368034
"1834",7448,336000,-12710,78200,0,0,0,2000,403490,258440,35100,0,18000,0,25000,0,18000,311540,1.29514669063363
"1835",7454,0,-17750,350000,0,46000,0,101000,479250,407680,71000,0,21300,0,25000,0,21300,499980,0.958538341533661
"1836",7460,4200,65400,0,48000,0,0,3000,120600,266500,71600,0,7300,74000,150000,0,81300,419400,0.28755364806867
"1837",7464,23000,28900,0,48000,0,0,65000,164900,166920,63000,0,19450,0,150000,0,19450,249370,0.661266391306091
"1838",7465,0,-13760,3e+05,0,0,0,96600,382840,257920,48000,0,43400,600,60000,0,44000,349920,1.09407864654778
"1839",7467,0,190925,0,0,0,0,500,191425,240760,0,0,105600,0,149200,20000,105600,346360,0.552676406051507
"1840",7470,91600,-13800,0,3200,0,0,5500,86500,239720,68000,0,58850,0,55150,0,58850,366570,0.235971301524947
"1841",7474,250000,12750,0,0,0,0,0,262750,352560,0,0,4390,250,4000,0,4640,357200,0.735582306830907
"1842",7475,322000,-15700,0,0,10000,0,0,316300,169780,0,0,7900,0,9000,0,7900,177680,1.78016659162539
"1843",7476,108000,54360,235000,6400,35000,0,0,438760,242060,31700,0,19360,380,30000,7000,19740,293500,1.49492333901192
"1844",7479,356000,3040,140000,0,0,0,0,499040,169000,6500,0,0,0,20000,0,0,175500,2.84353276353276
"1845",7481,480000,-78000,-130000,0,0,0,158000,430000,293020,0,0,2500,550,25000,25000,3050,296070,1.45235923936907
"1846",7482,354000,-49740,-82000,0,0,0,0,222260,251160,0,0,0,0,85000,0,0,251160,0.884933906673037
"1847",7484,690000,401100,-347000,0,0,0,5000,749100,163800,0,0,6500,0,150000,36500,6500,170300,4.39870816206694
"1848",7485,360000,-56600,295000,0,0,0,0,598400,235560,0,0,0,0,55000,0,0,235560,2.54032942774665
"1849",7486,540000,171800,-240000,0,0,0,297800,769600,190840,0,0,5510,0,35000,0,5510,196350,3.91953144894321
"1850",7489,95000,67482,-3500,0,63000,0,70000,291982,306800,64300,0,0,50,33000,0,50,371150,0.786695406170012
"1851",7490,0,0,160000,96000,0,0,0,256000,160680,0,0,2000,50,75000,0,2050,162730,1.5731579917655
"1852",7492,45000,-45000,28500,51600,33000,0,0,113100,247780,0,0,3600,500,22000,0,4100,251880,0.449023344449738
"1853",7495,0,9200,15000,0,1e+05,0,0,124200,88660,0,0,4130,200,20000,0,4330,92990,1.33562748682654
"1854",7496,0,-19130,0,94000,123600,0,5000,203470,136240,4700,0,1300,30,1e+05,4000,1330,142270,1.43016799044071
"1855",7497,0,-22050,225000,0,19000,0,0,221950,93340,25100,0,0,0,1e+05,0,0,118440,1.87394461330632
"1856",7498,80000,-73500,0,5000,180000,0,3500,195000,179660,15400,0,1500,0,15000,0,1500,196560,0.992063492063492
"1857",7499,1e+05,4527,185000,0,0,0,0,289527,156260,30800,0,0,1260,15000,0,1260,188320,1.53742034834325
"1858",7500,0,-26530,407000,64000,0,0,0,444470,165880,15550,0,7815,50,225000,0,7865,189295,2.34802820993687
"1859",7501,260000,5650,932500,0,0,0,0,1198150,263120,0,0,0,35700,25000,0,35700,298820,4.00960444414698
"1860",7503,0,20200,1200000,0,0,0,0,1220200,337480,0,0,0,0,20000,0,0,337480,3.61562166646912
"1861",7506,460000,-6400,0,48000,0,0,100,501700,278200,40250,0,5300,100,19000,0,5400,323850,1.54917400030878
"1862",7507,0,-36100,-144000,0,144000,0,0,-36100,183560,0,0,16800,0,7200,0,16800,200360,-0.180175683769215
"1863",7509,0,-33700,0,96000,0,0,1000,63300,444600,82000,0,36420,0,150000,0,36420,563020,0.112429398600405
"1864",7512,270000,-3000,0,0,0,0,12000,279000,274768,40200,0,0,29950,65000,0,29950,344918,0.808887909590105
"1865",7517,0,53600,1970000,0,0,0,0,2023600,100360,0,0,0,0,1e+05,0,0,100360,20.1634117178159
"1866",7538,180000,7400,0,50000,0,0,3000,240400,270400,0,0,10020,0,450000,31000,10020,280420,0.857285500320947
"1867",7541,0,5000,0,0,120000,0,1000,126000,211640,69500,0,40320,2010,1e+05,20000,42330,323470,0.389526076606795
"1868",7542,0,123300,-310000,36000,0,0,500,-150200,883480,149900,0,49130,0,50000,5000,49130,1082510,-0.138751605066004
"1869",7545,245000,164609,56000,0,0,0,7800,473409,229320,37900,13800,95400,4300,135000,4501,113500,380720,1.24345713385165
"1870",7548,195000,-62750,18000,0,0,0,0,150250,333736,0,1e+05,6840,1870,1600000,5141,108710,442446,0.339589464024988
"1871",7549,1080000,-9200,0,0,0,0,5300,1076100,365040,84900,0,20122,0,80000,826,20122,470062,2.28927247894959
"1872",7551,6e+05,-900,0,0,0,0,16000,615100,222976,0,0,42050,0,70000,0,42050,265026,2.32090436410013
"1873",7557,0,177000,0,0,0,0,50000,227000,159640,0,0,0,0,50000,5000,0,159640,1.42194938611877
"1874",7576,788000,230100,0,96000,0,0,0,1114100,327600,10500,0,45600,0,90000,30000,45600,383700,2.90357049778473
"1875",7580,180000,1350,0,8000,0,0,4800,194150,274664,0,0,46181,0,80000,4210,46181,320845,0.605120852748212
"1876",7585,540000,-49108,0,0,0,0,12000,502892,286156,0,0,386900,0,6e+05,0,386900,673056,0.747177055103884
"1877",7588,264008,7900,360000,0,0,0,12000,643908,397696,65208,0,204500,0,280000,6038,204500,667404,0.964794936799899
"1878",7592,144000,-44150,0,48000,0,0,4800,152650,241644,0,0,67200,0,65000,0,67200,308844,0.494262475554001
"1879",7595,120000,122550,0,0,0,0,5088,247638,238472,106500,0,29800,0,60000,0,29800,374772,0.660769748006788
"1880",7597,0,48109,3e+05,0,0,0,5200,353309,217568,0,0,32710,1408,150000,0,34118,251686,1.40376898198549
"1881",7601,0,-16500,140000,0,0,0,0,123500,360880,6500,0,0,0,0,0,0,367380,0.336164189667374
"1882",7603,0,19147,720000,0,0,0,7000,746147,205400,137750,0,0,805,0,0,805,343955,2.16931575351427
"1883",7608,1742000,0,0,48000,1452000,720000,12000,3974000,616200,460300,0,36000,0,36000,20000,36000,1112500,3.57213483146067
"1884",7612,1056000,0,-480000,48000,0,0,275000,899000,236600,0,0,0,0,16000,25000,0,236600,3.79966187658495
"1885",7614,992000,5000,0,0,3e+05,420000,84000,1801000,383240,0,0,0,0,45000,75000,0,383240,4.6994050725394
"1886",7620,585000,0,0,0,194000,0,204000,983000,204360,131400,0,0,0,113000,103000,0,335760,2.92768644269716
"1887",7642,1347000,0,0,32000,0,0,5000,1384000,426400,71400,0,22480,0,40000,3000,22480,520280,2.66010609671715
"1888",7647,790000,0,0,48000,0,0,843000,1681000,737880,0,0,86100,0,150000,34000,86100,823980,2.04009806063254
"1889",7650,1396000,0,0,32000,0,540000,25000,1993000,608400,247000,0,35400,2440,55000,2500,37840,893240,2.23120326004209
"1890",7667,0,0,0,96000,0,0,350,96350,114400,0,0,10600,0,14000,1000,10600,125000,0.7708
"1891",7674,0,-33000,180000,0,0,0,0,147000,105560,0,0,0,0,5000,0,0,105560,1.39257294429708
"1892",7690,0,415400,0,48000,0,0,0,463400,187200,28000,0,0,700,20000,2000,700,215900,2.146364057434
"1893",7691,0,100002,0,96000,0,0,0,196002,92560,0,0,0,0,20000,5000,0,92560,2.11756698357822
"1894",7702,0,3392500,0,48000,230000,0,0,3670500,340080,26000,0,0,0,1e+05,10000,0,366080,10.0264969405594
"1895",7705,0,508200,0,0,0,0,0,508200,343720,12800,0,5000,0,40000,0,5000,361520,1.4057313564948
"1896",7720,0,10000,0,96000,0,0,30000,136000,197080,0,0,42000,0,42000,12000,42000,239080,0.568847247783169
"1897",7723,20000,-29000,20000,0,0,0,0,11000,276120,0,8000,37000,0,37000,16000,45000,321120,0.0342551071250623
"1898",7738,0,44500,0,0,0,0,0,44500,206700,5600,0,28000,0,45000,0,28000,240300,0.185185185185185
"1899",7741,0,-40150,320000,0,30000,0,0,309850,187980,0,0,40000,20,45000,0,40020,228000,1.35899122807018
"1900",7745,0,-53300,101000,0,17000,0,46000,110700,130520,0,0,20128,0,17000,5000,20128,150648,0.734825553608412
"1901",7749,6000,-18125,-53000,0,19700,0,0,-45425,217360,7580,0,28000,2635,33000,1200,30635,255575,-0.177736476572435
"1902",7752,407000,-19000,70000,0,90000,0,5000,553000,419120,0,0,4720,0,20000,5700,4720,423840,1.30473763684409
"1903",7772,5e+05,0,0,0,0,0,4500,504500,445900,80800,0,0,10000,20000,25000,10000,536700,0.940003726476616
"1904",7784,1105000,36800,0,0,0,60000,21500,1223300,500500,266400,0,8480,201500,211300,7000,209980,976880,1.25225206780771
"1905",7787,780000,0,-250000,0,0,384000,66000,980000,317200,0,0,32160,0,35000,25000,32160,349360,2.80512937943668
"1906",7795,716000,0,0,0,4e+05,192000,36000,1344000,593840,0,0,17500,1000,170000,30000,18500,612340,2.1948590652252
"1907",7798,7000,188835,-26000,0,0,0,0,169835,277420,0,0,21200,1100,49000,0,22300,299720,0.566645535833445
"1908",7805,0,1411000,0,0,0,0,220000,1631000,295100,64050,39500,75450,0,120000,60000,114950,474100,3.44020248892639
"1909",7808,0,67800,1e+05,20000,240000,0,27000,454800,272480,49550,36210,24640,600,60000,50000,61450,383480,1.18598101595911
"1910",7811,0,40000,1178000,0,0,0,109000,1327000,556920,123500,0,186410,0,185000,50000,186410,866830,1.53086533691727
"1911",7814,192000,-70000,230000,0,57600,0,548000,957600,947700,626500,160000,83880,0,270000,0,243880,1818080,0.526709495731761
"1912",7819,162000,116150,0,96000,0,0,400,374550,483080,17500,0,16360,0,82000,1800,16360,516940,0.724552172399118
"1913",7820,0,570300,-120000,0,4e+05,0,15000,865300,216320,0,0,20200,0,23000,0,20200,236520,3.65846440047353
"1914",7822,616900,389300,0,96000,0,0,10000,1112200,622700,0,0,37090,0,45000,1160,37090,659790,1.685687870383
"1915",7823,468500,-18000,0,0,410000,0,291000,1151500,698100,0,0,10800,0,20000,8000,10800,708900,1.62434758075892
"1916",7825,0,35200,0,0,0,0,36243444,36278644,283400,0,0,3505,0,35000,5000,3505,286905,126.448280789808
"1917",7827,705000,0,0,48000,170000,0,0,923000,622960,103600,0,0,0,1e+05,0,0,726560,1.27036996256331
"1918",7828,240008,-47750,0,0,0,0,0,192258,492440,76000,0,40504,0,25000,10000,40504,608944,0.315723613337187
"1919",7831,416000,0,0,0,0,0,0,416000,299520,60000,0,25010,15000,15000,0,40010,399530,1.04122343753911
"1920",7835,1447000,2500,0,96000,0,0,1e+05,1645500,512200,129000,0,49000,100,1e+05,500,49100,690300,2.38374619730552
"1921",7838,8000,-28000,0,0,33000,0,372008,385008,198640,187200,0,0,0,10000,0,0,385840,0.997843665768194
"1922",7846,117000,2,350000,2400,0,0,1000,470402,149760,-247100,0,0,0,20000,0,0,-97340,-4.83256626258475
"1923",7886,489000,8500,0,48000,0,0,13200,558700,334100,81200,0,2700,900,25000,7400,3600,418900,1.33373120076391
"1924",7892,840008,8000,0,48000,307100,0,15000,1218108,325000,226000,0,29460,0,30000,1000,29460,580460,2.09852186197154
"1925",7895,421000,-33830,-240000,92000,0,0,0,239170,179140,0,0,1590,700,12240,0,2290,181430,1.31824946260266
"1926",7918,0,-3400,84000,0,175200,0,20000,275800,111540,0,0,12000,0,13400,0,12000,123540,2.23247531163995
"1927",7923,0,-171100,1e+05,0,281500,0,150500,360900,543140,43300,0,49000,0,65000,18500,49000,635440,0.567952914515926
"1928",7935,310010,125550,1411000,0,0,0,500,1847060,282880,32500,0,0,1950,5500,1250,1950,317330,5.82062836794504
"1929",7938,0,-8500,250000,48000,177600,0,500,467600,146640,0,0,12980,0,15000,7100,12980,159620,2.92945746147099
"1930",7948,361010,12590,0,48000,0,0,12000,433600,224900,18280,0,50010,1700,54216,2616,51710,294890,1.47037878530978
"1931",7960,223000,-28300,5e+05,0,80000,180000,19200,973900,322920,47200,0,15760,5600,50000,2905,21360,391480,2.48773883723306
"1932",7963,50000,1e+05,0,48000,0,540000,50000,788000,292240,29000,0,10000,8700,30000,2000,18700,339940,2.31805612755192
"1933",7972,43000,0,0,0,138000,96000,40000,317000,212680,0,0,0,4000,15000,0,4000,216680,1.46298689311427
"1934",7973,48000,60000,0,0,0,0,45000,153000,267800,30000,0,29000,0,25000,0,29000,326800,0.468176254589963
"1935",7977,64000,57000,0,0,43000,0,15000,179000,148720,0,0,0,0,15000,0,0,148720,1.20360408821947
"1936",7996,0,0,0,0,119000,96000,15000,230000,130000,0,0,21000,0,30000,0,21000,151000,1.52317880794702
"1937",7997,360000,146500,0,51600,0,0,0,558100,323960,18000,0,1000,0,30000,20000,1000,342960,1.62730347562398
"1938",8000,145000,-89000,-150000,61000,0,0,17800,-15200,171600,90000,0,2162,0,45000,1120,2162,263762,-0.0576277098293158
"1939",8005,0,0,0,0,19000,0,20000,39000,140400,0,0,0,0,20000,0,0,140400,0.277777777777778
"1940",8008,27000,75000,0,0,40000,0,298000,440000,244400,37000,0,0,0,30000,0,0,281400,1.5636105188344
"1941",8012,0,0,0,0,25000,0,75000,1e+05,228800,31500,0,0,0,15000,0,0,260300,0.384172109104879
"1942",8015,53000,0,0,0,124000,0,270000,447000,222040,0,0,0,0,35000,0,0,222040,2.01315078364259
"1943",8025,48700,-10600,144000,0,0,0,0,182100,226096,10150,0,0,0,0,0,0,236246,0.770806701489126
"1944",8031,605580,310100,-68000,12000,0,0,243000,1102680,503568,0,0,0,2570,33700,6300,2570,506138,2.17861531835191
"1945",8047,25000,35000,0,48000,0,0,500,108500,139360,5200,0,0,0,5000,5000,0,144560,0.750553403431101
"1946",8050,521400,27550,-70000,0,0,0,30,478980,175760,0,0,0,0,5200,0,0,175760,2.72519344560765
"1947",8053,20000,75782,0,4800,0,0,30000,130582,228800,2800,0,18000,0,50000,0,18000,249600,0.523165064102564
"1948",8060,0,0,0,48000,0,0,2000,50000,52000,0,0,0,0,8000,0,0,52000,0.961538461538462
"1949",8071,0,0,0,0,0,0,257000,257000,213200,0,0,0,0,10000,1000,0,213200,1.20544090056285
"1950",8074,0,-800,0,0,0,0,0,-800,163280,10300,0,0,0,10000,5000,0,173580,-0.00460882590160157
"1951",8093,0,-100150,0,120000,0,0,0,19850,379860,95100,0,0,0,19500,0,0,474960,0.0417929930941553
"1952",8094,0,-33800,432000,24000,0,0,0,422200,156780,71100,0,5000,0,25000,0,5000,232880,1.81295087598763
"1953",8097,45000,-16300,0,48000,84000,0,0,160700,200720,7700,0,4400,0,18000,0,4400,212820,0.755098205055916
"1954",8100,0,-20400,-420000,0,0,0,0,-440400,164840,0,0,6900,0,13200,0,6900,171740,-2.56434144637242
"1955",8103,0,70000,1447000,54000,0,0,60000,1631000,204360,0,0,24000,0,47000,0,24000,228360,7.14223156419688
"1956",8107,420000,130500,0,40000,1293600,0,3000,1887100,431496,0,0,908,4020,18000,2184,4928,436424,4.3240060125016
"1957",8110,12000,-29300,-166000,0,0,0,0,-183300,68900,0,0,0,0,50000,0,0,68900,-2.66037735849057
"1958",8115,0,-28050,0,0,264000,0,0,235950,168480,0,0,0,0,20000,0,0,168480,1.40046296296296
"1959",8123,0,-10500,50000,38000,0,0,0,77500,88400,36300,0,710,0,710,5100,710,125410,0.617973048401244
"1960",8138,0,-1700,49000,32000,0,0,0,79300,37388,0,0,0,800,5000,0,800,38188,2.07656855556719
"1961",8141,130000,-66992,0,0,0,90000,0,153008,127972,15900,0,0,0,1010,10100,0,143872,1.06350088967972
"1962",8142,0,0,-180000,0,0,0,0,-180000,146328,41000,0,0,0,8800,0,0,187328,-0.960881448582166
"1963",8145,6e+05,-55726,0,50000,0,0,0,594274,75920,0,0,0,0,2500,0,0,75920,7.82763435194942
"1964",8146,0,-1600,150000,50000,0,0,0,198400,160420,0,0,0,0,2000,14000,0,160420,1.23675352200474
"1965",8147,160000,0,0,50000,0,0,0,210000,72904,6600,0,0,0,1000,0,0,79504,2.64137653451399
"1966",8148,0,88750,12001,82000,0,0,0,182751,107224,0,0,0,0,2500,21000,0,107224,1.70438521226591
"1967",8153,0,56500,0,82000,0,0,0,138500,51220,0,0,0,0,7000,0,0,51220,2.70402186645841
"1968",8156,670800,-39100,0,54800,0,0,0,686500,156676,0,0,0,490,2500,22500,490,157166,4.36799307738315
"1969",8157,0,-37600,429000,0,0,0,17300,408700,113360,0,0,46956,1000,50000,0,47956,161316,2.53353666096357
"1970",8167,34000,-23100,0,2000,127800,0,0,140700,172380,44650,0,38950,0,120000,1e+05,38950,255980,0.549652316587233
"1971",8170,0,14800,-90000,110000,0,0,0,34800,200252,30150,0,2500,0,2e+05,0,2500,232902,0.149419068964629
"1972",8173,0,21200,3e+05,50000,0,108000,0,479200,214500,0,0,16800,0,16800,0,16800,231300,2.0717682663208
"1973",8176,124000,139002,-372000,25000,0,0,0,-83998,183560,0,0,0,3000,5000,0,3000,186560,-0.450246569468268
"1974",8179,581000,0,-240000,0,0,0,0,341000,350740,0,0,0,0,4000,1000,0,350740,0.972230141985516
"1975",8182,450000,138850,530000,0,0,0,299000,1417850,538200,134500,0,224250,0,2e+05,60000,224250,896950,1.5807458609733
"1976",8185,325000,0,-40000,0,0,0,0,285000,199160,24000,0,0,800,15000,3000,800,223960,1.27254866940525
"1977",8192,52000,-47300,360000,38000,0,0,0,402700,196560,26200,0,0,1500,70000,0,1500,224260,1.79568358155712
"1978",8193,441000,-23800,0,9,1110000,276000,1474000,3277209,534820,-77500,0,0,0,2e+05,95000,0,457320,7.16611781684597
"1979",8198,0,-26900,605000,24000,0,0,0,602100,226720,0,28500,53525,0,1e+05,0,82025,308745,1.95015303891561
"1980",8199,0,-79725,-115000,0,1e+05,0,0,-94725,171340,0,0,8000,0,70000,0,8000,179340,-0.528186684509869
"1981",8216,446750,0,450000,0,0,0,3000,899750,268840,0,0,0,0,50000,13000,0,268840,3.34678619253087
"1982",8217,780000,0,0,96000,0,0,360000,1236000,451880,267100,0,13660,0,20000,25000,13660,732640,1.68704957414283
"1983",8220,737500,0,-170000,0,0,0,361000,928500,350220,122200,0,0,200,5000,4654,200,472620,1.9645804240193
"1984",8223,0,11950,-132000,0,127200,0,0,7150,72956,0,0,0,0,15000,0,0,72956,0.0980042765502495
"1985",8224,0,-14300,0,0,864000,24000,0,873700,190892,41450,0,4065,400,80000,1e+05,4465,236807,3.68950242180341
"1986",8225,280000,0,235000,0,0,0,15000,530000,130260,0,0,0,0,8000,0,0,130260,4.06878550591125
"1987",8226,18000,6050,10000,0,0,0,0,34050,124072,4500,0,0,0,12000,0,0,128572,0.264832156301528
"1988",8227,0,10000,420000,12000,0,0,0,442000,177580,33570,0,0,0,10000,1e+05,0,211150,2.09329860288894
"1989",8230,0,39950,280000,0,0,0,0,319950,75920,16500,0,0,0,1000,20000,0,92420,3.46191300584289
"1990",8232,391000,0,305000,0,0,120000,301000,1117000,444860,60100,0,17750,0,50000,15000,17750,522710,2.13694017715368
"1991",8233,807000,18050,0,0,0,144000,22000,991050,499200,133200,0,0,0,75000,30000,0,632400,1.56712523719165
"1992",8236,115200,0,0,0,0,0,10000,125200,81120,0,0,0,4550,5600,3500,4550,85670,1.46142173456286
"1993",8239,130000,0,0,0,0,0,0,130000,40300,0,0,0,4760,18000,0,4760,45060,2.88504216600089
"1994",8241,0,0,0,36000,0,0,0,36000,34320,0,0,0,1200,3400,0,1200,35520,1.01351351351351
"1995",8244,0,28950,0,0,0,0,0,28950,61620,0,0,1400,100,20000,1450,1500,63120,0.458650190114068
"1996",8247,125000,32000,0,0,0,0,0,157000,69420,14500,0,0,400,15000,15000,400,84320,1.86195445920304
"1997",8249,125000,11050,0,32000,0,0,0,168050,53040,4700,0,800,0,15000,0,800,58540,2.87068670994192
"1998",8250,140000,3900,0,0,54800,0,0,198700,78260,7000,62250,32500,350,1e+05,0,95100,180360,1.10168551785318
"1999",8253,117000,38500,0,0,0,0,0,155500,46020,0,0,0,1850,18000,0,1850,47870,3.24838103196156
"2000",8256,156000,-18900,0,0,-75000,0,0,62100,177840,47240,0,0,500,20000,0,500,225580,0.2752903626208
"2001",8258,180000,7950,0,0,-56000,0,0,131950,240500,23000,0,0,0,35000,0,0,263500,0.500759013282732
"2002",8259,135000,39900,0,0,0,0,0,174900,60840,12300,0,0,7650,18000,0,7650,80790,2.16487189008541
"2003",8260,0,0,0,96000,0,0,0,96000,14040,0,0,0,60,7000,0,60,14100,6.80851063829787
"2004",8274,0,-5900,60000,0,0,0,360000,414100,244400,11450,0,7220,1700,130000,0,8920,264770,1.56399894247838
"2005",8276,0,0,240000,0,0,0,0,240000,35360,5800,0,0,0,35000,0,0,41160,5.83090379008746
"2006",8277,20000,4700,0,32000,150000,0,0,206700,66040,0,0,0,0,40000,0,0,66040,3.12992125984252
"2007",8278,0,79100,-30000,0,176600,0,0,225700,164840,2000,0,0,0,25000,0,0,166840,1.35279309518101
"2008",8281,0,11600,0,32000,0,0,5000,48600,83980,0,0,0,0,24000,0,0,83980,0.578709216480114
"2009",8287,0,15000,60000,0,170600,0,0,245600,140920,8600,0,0,2250,15000,0,2250,151770,1.61823812347631
"2010",8289,18000,-1500,0,0,0,0,50000,66500,92560,0,0,0,1710,30000,0,1710,94270,0.705420600403098
"2011",8293,0,0,-1500000,32000,552500,0,0,-915500,326560,54000,0,2100,0,4e+05,0,2100,382660,-2.39246328333246
"2012",8295,1503674,178200,0,19800,0,0,494000,2195674,487240,157000,0,12600,3950,19000,2000,16550,660790,3.32280149518001
"2013",8296,417000,14902,0,48000,0,0,229000,708902,333840,76950,0,21380,380,180000,3600,21760,432550,1.63889030169923
"2014",8297,0,-1998,0,48000,50000,0,300200,396202,46800,0,0,40800,0,60000,3600,40800,87600,4.52285388127854
"2015",8298,0,37000,0,96000,0,0,0,133000,77480,0,0,4400,0,18000,3300,4400,81880,1.62432828529555
"2016",8299,0,15350,0,96000,0,0,0,111350,72280,0,0,118000,27000,140000,0,145000,217280,0.512472385861561
"2017",8300,205000,12800,0,0,0,0,0,217800,109200,0,0,7200,11700,20000,0,18900,128100,1.70023419203747
"2018",8301,0,0,-75000,0,245000,0,0,170000,217100,0,0,0,0,16000,0,0,217100,0.783049286043298
"2019",8302,0,26400,0,48000,422000,0,1500,497900,202800,35800,0,0,104000,1e+05,0,104000,342600,1.45329830706363
"2020",8304,0,-145500,0,96000,-15000,0,0,-64500,650000,105700,0,90500,0,50000,10000,90500,846200,-0.0762231151028126
"2021",8307,698000,0,635000,0,0,0,15000,1348000,287560,0,0,32400,0,33000,0,32400,319960,4.21302662832854
"2022",8308,588000,0,0,0,0,0,43500,631500,417352,980000,0,0,0,15000,3000,0,1397352,0.451926214726139
"2023",8313,120000,0,1e+06,132000,0,0,2500,1254500,259480,36750,0,0,0,122000,0,0,296230,4.23488505553118
"2024",8316,360000,0,0,0,597000,0,3000,960000,253760,0,0,0,0,25000,0,0,253760,3.78310214375788
"2025",8321,949000,-27200,0,0,0,144000,641000,1706800,493480,320000,52500,14580,0,80000,0,67080,880560,1.93831198328337
"2026",8322,1280500,-35000,0,96000,0,0,25000,1366500,549900,54500,0,0,2150,80000,0,2150,606550,2.25290577858379
"2027",8328,244000,-8500,50000,0,0,0,0,285500,252720,0,0,12500,0,15000,0,12500,265220,1.07646482165749
"2028",8331,1406000,45000,0,0,0,0,217000,1668000,782600,90600,0,0,0,175000,0,0,873200,1.91021530004581
"2029",8334,0,-2300,266000,0,0,0,0,263700,85540,13210,0,0,1000,1000,0,1000,99750,2.64360902255639
"2030",8339,355000,0,40000,0,0,0,0,395000,319696,22000,0,0,0,10000,0,0,341696,1.15599831429107
"2031",8340,0,148610,0,6000,0,0,0,154610,169780,15100,0,0,0,2000,10000,0,184880,0.836272176546949
"2032",8346,0,28550,-45000,0,21600,0,0,5150,47060,0,0,0,0,60000,5000,0,47060,0.109434764130897
"2033",8347,0,47320,80000,60000,0,0,0,187320,64220,0,0,0,0,1300,0,0,64220,2.91684833385238
"2034",8348,0,-3750,120000,1200000,0,0,0,1316250,166140,0,0,0,1350,1350,0,1350,167490,7.85867813003761
"2035",8349,14000,37100,0,0,0,0,0,51100,183820,16960,0,0,700,150000,1e+05,700,201480,0.253623188405797
"2036",8352,475200,11040,0,0,0,0,53000,539240,413660,28100,89300,17400,0,110040,0,106700,548460,0.983189293658608
"2037",8357,902000,0,15000,0,0,0,32000,949000,280280,0,0,0,0,18000,0,0,280280,3.38589981447124
"2038",8360,1500000,0,0,0,0,3e+05,48000,1848000,203788,125009,0,0,0,3e+05,0,0,328797,5.62048923804049
"2039",8368,717000,0,0,0,0,0,1200,718200,274560,0,0,12500,0,25000,0,12500,287060,2.5019159757542
"2040",8375,0,597500,870000,96000,0,0,0,1563500,357240,0,0,12000,0,17800,0,12000,369240,4.23437330733398
"2041",8378,660000,95600,-360000,0,0,480000,0,875600,188240,0,0,65040,0,65040,0,65040,253280,3.45704358812382
"2042",8379,0,75000,6e+05,48000,19000,0,0,742000,213200,60000,0,0,0,20000,0,0,273200,2.71595900439239
"2043",8383,0,438102,-1380000,0,0,0,0,-941898,239200,309500,137000,89800,0,3e+05,0,226800,775500,-1.21456866537718
"2044",8388,0,-8210,0,0,320000,0,0,311790,194740,62600,0,37700,1840,39540,0,39540,296880,1.05022231204527
"2045",8392,36000,221100,220000,0,0,0,12400,489500,168220,0,0,0,0,5000,0,0,168220,2.90987991915349
"2046",8395,0,57904,960000,48000,0,0,0,1065904,274976,129000,0,0,400,35000,0,400,404376,2.63592300235424
"2047",8437,74000,11300,380000,48000,0,0,0,513300,182000,20000,0,12500,0,17500,2500,12500,214500,2.39300699300699
"2048",8439,242000,79500,362000,96000,0,0,24000,803500,249080,47000,0,0,0,5000,3700,0,296080,2.71379356930559
"2049",8442,417000,63000,0,0,0,0,0,480000,157560,0,0,0,0,55000,32000,0,157560,3.04645849200305
"2050",8444,0,204500,0,48000,0,0,0,252500,209040,48000,0,0,0,6000,610,0,257040,0.982337379396203
"2051",8445,0,393000,0,0,0,0,0,393000,184080,19000,0,0,0,8500,0,0,203080,1.93519795154619
"2052",8446,0,489000,0,0,0,0,0,489000,208000,48000,0,0,0,10200,5600,0,256000,1.91015625
"2053",8449,0,43500,395000,0,0,0,10000,448500,210600,32000,0,0,0,15000,0,0,242600,1.84872217642209
"2054",8451,0,-32000,-18000,0,470000,0,0,420000,202800,-28000,0,0,0,27000,0,0,174800,2.40274599542334
"2055",8458,0,-2000,-50000,60000,0,0,0,8000,199680,0,0,0,10000,40000,30000,10000,209680,0.0381533765738268
"2056",8459,0,29000,60000,92000,0,0,0,181000,193440,3500,0,1500,0,12000,0,1500,198440,0.912114493045757
"2057",8474,993900,49100,0,6000,0,0,256000,1305000,252408,35400,0,51200,0,50000,0,51200,339008,3.84946667925241
"2058",8475,102760,190150,410300,6360,0,0,0,709570,323440,0,0,5600,0,17000,0,5600,329040,2.15648553367372
"2059",8478,105000,32100,0,0,0,0,0,137100,145600,4900,4200,4000,0,35000,0,8200,158700,0.863894139886578
"2060",8480,683000,-2374,-170000,0,0,0,2500,513126,235560,0,0,0,0,30000,0,0,235560,2.17832399388691
"2061",8483,84000,15000,60000,0,0,0,0,159000,197600,10600,0,0,550,10000,0,550,208750,0.761676646706587
"2062",8519,0,68400,402000,0,0,0,0,470400,167440,0,0,0,0,45000,0,0,167440,2.80936454849498
"2063",8521,0,-10550,0,0,0,0,0,-10550,5200,0,0,0,0,16000,0,0,5200,-2.02884615384615
"2064",8524,0,15000,680000,48000,0,0,0,743000,309400,42000,0,0,0,5000,450,0,351400,2.11439954467843
"2065",8528,10000,223302,0,0,0,0,0,233302,280280,44000,0,0,0,5000,0,0,324280,0.719446157641544
"2066",8532,5e+05,110250,-240000,0,0,0,2000,372250,311480,28140,0,0,0,8000,500,0,339620,1.09607796949532
"2067",8535,7.6e+07,15000,0,0,0,0,0,76015000,129480,0,0,5350,5000,11000,1400,10350,139830,543.624401058428
"2068",8536,0,20002,6e+05,0,0,0,0,620002,161200,0,125000,31808,0,230000,0,156808,318008,1.94964277628236
"2069",8550,260000,5000,0,0,0,0,651210,916210,276120,1e+05,0,0,0,25000,0,0,376120,2.43595129214081
"2070",8552,150000,0,24700,36000,0,0,1100,211800,179920,29000,0,0,0,15000,0,0,208920,1.0137851809305
"2071",8566,175500,0,520000,0,0,0,0,695500,163800,70500,0,0,1500,6000,0,1500,235800,2.94953350296862
"2072",8573,760000,0,0,0,970000,0,40000,1770000,275860,183000,0,34240,0,50000,0,34240,493100,3.58953559115798
"2073",8579,857500,0,2e+05,0,0,0,10000,1067500,560300,33500,0,0,0,5000,0,0,593800,1.7977433479286
"2074",8583,0,0,0,0,0,3e+05,62500,362500,365612,21000,0,0,0,35000,0,0,386612,0.93763256184495
"2075",8584,2070000,0,0,0,282500,360000,40000,2752500,517920,-46000,0,26200,700,90000,0,26900,498820,5.5180225331783
"2076",8590,1401000,0,-120000,0,0,0,3000,1284000,397800,134000,0,0,0,40000,0,0,531800,2.41444151936818
"2077",8593,307500,0,0,0,150000,0,4000,461500,277940,0,0,4900,0,12000,0,4900,282840,1.63166454532598
"2078",8594,300780,77250,0,0,0,0,700,378730,240500,41100,0,0,0,60000,92000,0,281600,1.344921875
"2079",8597,331596,0,0,0,0,0,41500,373096,236340,108000,0,0,920,10000,19040,920,345260,1.08062329838383
"2080",8602,0,0,0,0,1181000,0,5000,1186000,673400,66000,0,0,0,15000,0,0,739400,1.60400324587503
"2081",8615,0,0,0,0,0,0,361000,361000,470600,223850,0,27298,0,0,0,27298,721748,0.500174576167859
"2082",8616,0,55800,80000,48000,0,0,25000,208800,157040,0,0,24420,0,0,0,24420,181460,1.15066681362284
"2083",8646,0,-6900,700007,0,0,0,0,693107,145860,63350,0,0,2000,10000,0,2000,211210,3.28160124994082
"2084",8649,1275000,-3398,250000,0,0,0,0,1521602,310440,0,0,220,0,20000,1500,220,310660,4.89796562157986
"2085",8656,0,6000,0,0,0,0,0,6000,157820,13190,0,0,0,30000,1100,0,171010,0.0350856675048243
"2086",8659,0,114050,0,0,195000,0,0,309050,333320,95300,0,0,0,5000,0,0,428620,0.721034949372404
"2087",8667,0,-15500,605000,0,0,0,0,589500,369200,85500,0,47300,1700,55980,6980,49000,503700,1.17033948779035
"2088",8694,0,0,0,0,0,0,0,0,369720,17800,5000,9450,0,0,0,14450,401970,0
"2089",8703,1134000,0,576000,0,0,288000,5600,2003600,1064960,0,0,0,0,60000,0,0,1064960,1.88138521634615
"2090",8706,0,0,2e+05,36000,704000,0,6000,946000,362180,150480,0,0,0,12000,0,0,512660,1.84527757188
"2091",8709,741000,0,2400000,0,0,336000,37000,3514000,384280,0,0,0,0,7000,0,0,384280,9.1443738940356
"2092",8712,662000,65242,0,0,0,0,15000,742242,377780,85500,0,36900,0,45000,0,36900,500180,1.48394977807989
"2093",8722,0,1249600,0,0,0,0,5700,1255300,386880,39300,0,0,0,0,0,0,426180,2.94546905063588
"2094",8724,0,-1250,7000,0,10000,0,0,15750,171392,17700,0,0,0,2000,0,0,189092,0.0832927886954498
"2095",8731,0,-350,150000,48000,915000,0,1e+05,1212650,409240,167000,0,3382,0,5000,0,3382,579622,2.09213935978966
"2096",8733,1255700,2400,0,0,0,0,30000,1288100,199160,10510,0,13800,0,30000,0,13800,223470,5.76408466460822
"2097",8735,0,2810,121000,3000,0,0,0,126810,210860,5650,0,0,0,6000,0,0,216510,0.585700429541361
"2098",8746,0,119492,0,96000,2500000,480000,45000,3240492,715000,258500,0,61846,0,90000,0,61846,1035346,3.12986383296019
"2099",8761,0,0,-360000,48000,0,72000,20000,-220000,180180,36800,0,1000,0,0,0,1000,217980,-1.00926690522066
"2100",8762,257000,-6000,-84000,0,162000,0,0,329000,92560,0,0,0,0,50000,58000,0,92560,3.55445116681072
"2101",8765,0,0,0,6000,0,0,0,6000,97760,450,0,0,0,0,0,0,98210,0.0610935749923633
"2102",8777,3515000,-8200,0,0,0,0,500,3507300,306800,67200,0,31100,0,1e+05,0,31100,405100,8.65786225623303
"2103",8784,420000,19500,-1e+05,0,0,0,2500,342000,121160,0,0,21000,1100,60000,0,22100,143260,2.38726790450928
"2104",8786,0,315200,0,96000,0,0,0,411200,226200,6500,0,17250,0,34000,15000,17250,249950,1.64512902580516
"2105",8789,1178000,0,0,0,0,0,0,1178000,648180,80000,0,0,0,15000,8722,0,728180,1.61773187948035
"2106",8815,0,-3900,0,0,0,0,0,-3900,0,0,0,0,0,10000,0,0,0,-Inf
"2107",8821,0,-113000,0,0,790000,0,0,677000,49400,0,0,0,4920,1e+05,1200,4920,54320,12.4631811487482
"2108",8836,5e+05,0,25000,0,0,0,5000,530000,122200,0,0,0,0,50000,0,0,122200,4.33715220949264
"2109",8838,195000,50000,0,0,480000,0,3000,728000,289640,0,0,0,0,20000,0,0,289640,2.51346499102334
"2110",8842,0,0,760000,0,0,3e+05,18000,1078000,286520,124000,0,0,0,0,0,0,410520,2.62593783494105
"2111",8850,0,72150,50000,0,0,0,0,122150,235040,0,0,4764,0,0,0,4764,239804,0.509374322363263
"2112",8853,491000,-13500,0,0,0,0,0,477500,23400,0,0,0,0,60000,0,0,23400,20.4059829059829
"2113",8863,240000,1851,1180000,0,0,0,0,1421851,373360,75800,0,0,0,16800,0,0,449160,3.16557796776204
"2114",8864,0,-4800,0,0,348500,0,0,343700,20800,0,0,0,1000,40000,0,1000,21800,15.7660550458716
"2115",8866,192000,-12200,360000,50000,0,0,10000,599800,230100,8850,0,0,1700,4500,9000,1700,240650,2.49241637232495
"2116",8869,0,-12200,28000,48000,0,0,0,63800,178360,31000,0,58500,500,80000,0,59000,268360,0.237740348785214
"2117",8871,0,5000,0,12000,340000,144000,820000,1321000,267020,0,0,0,1000,150000,0,1000,268020,4.92873666144318
"2118",8885,377000,1100,0,146000,0,0,505000,1029100,276120,36800,0,0,516,50000,12000,516,313436,3.28328590206613
"2119",8888,1e+05,8850,480000,50000,0,0,40000,678850,325780,43000,0,0,500,1500,10000,500,369280,1.83830697573657
"2120",8900,0,0,0,0,850000,0,0,850000,274040,49900,0,0,0,25000,24000,0,323940,2.62394270543928
"2121",8908,0,52000,-18000,0,2740000,36000,30000,2840000,278200,47600,0,0,0,7000,15000,0,325800,8.71700429711479
"2122",8923,6000,2430,0,48000,0,84000,4625,145055,308516,0,0,3800,1025,8050,0,4825,313341,0.462930162347092
"2123",8931,0,205697,0,0,755300,177600,900,1139497,413920,144800,0,2000,0,6000,300,2000,560720,2.03220323869311
"2124",8942,0,-2050,-160000,0,838800,0,77600,754350,346840,130200,0,44895,0,50000,3000,44895,521935,1.44529491220171
"2125",8944,625000,-102000,0,0,0,0,0,523000,74880,0,0,0,0,61000,5000,0,74880,6.98450854700855
"2126",8959,1625000,0,0,0,0,0,0,1625000,15600,0,0,0,700,322000,10000,700,16300,99.6932515337423
"2127",8968,4e+05,-26200,0,0,0,0,0,373800,0,0,0,0,0,35000,0,0,0,Inf
"2128",8995,0,-12750,0,48000,160000,0,4000,199250,299000,32500,0,19050,0,25000,0,19050,350550,0.568392526030523
"2129",9018,0,186000,6e+05,0,0,72000,2500,860500,276640,74400,0,193000,12200,4e+05,0,205200,556240,1.54699410326478
"2130",9022,180000,-300,16000,0,0,0,0,195700,196820,7000,0,48845,0,180000,350,48845,252665,0.774543367700315
"2131",9037,0,0,0,0,0,0,13000,13000,293800,53000,0,8200,0,0,0,8200,355000,0.0366197183098592
"2132",9043,0,-22100,138000,48000,305000,0,900,469800,348920,146000,0,73300,2000,150000,0,75300,570220,0.823892532706675
"2133",9051,0,-11900,-2e+05,38400,464000,0,0,290500,304200,31500,0,15400,0,55000,44000,15400,351100,0.827399601253204
"2134",9055,82000,0,0,0,0,0,0,82000,19240,0,0,0,0,15000,0,0,19240,4.26195426195426
"2135",9060,0,-5500,0,0,0,120000,394350,508850,315640,0,0,187110,0,2e+05,4000,187110,502750,1.01213326703133
"2136",9070,120000,-15450,250000,0,80000,0,550,435100,466960,0,0,27600,850,40000,0,28450,495410,0.878262449284431
"2137",9073,0,10000,0,0,0,0,17150,27150,226200,0,0,288700,0,320000,0,288700,514900,0.0527286851815887
"2138",9076,31430000,-56060,0,72000,0,0,0,31445940,281060,75300,0,27536,0,50000,3500,27536,383896,81.9126534269698
"2139",9083,30000,-1450,6e+05,2800,0,0,800,632150,119860,75000,0,0,0,60000,0,0,194860,3.24412398645181
"2140",9085,2700000,-21700,0,126000,340000,0,0,3144300,289900,37000,200200,864180,0,2e+06,12500,1064380,1391280,2.26000517509056
"2141",9088,0,-5540,438000,150,1080000,0,320000,1832610,405080,48000,0,34150,0,40000,8600,34150,487230,3.76128317221846
"2142",9089,192000,-19300,5600000,0,0,0,420600,6193300,224120,45200,0,29888,0,280000,0,29888,299208,20.6989786369348
"2143",9092,0,-27120,0,0,204000,0,25000,201880,556920,75000,0,34230,2500,60000,6580,36730,668650,0.301921782696478
"2144",9095,431000,5502,0,50800,0,0,85000,572302,321880,45200,0,0,0,30000,0,0,367080,1.55906614361992
"2145",9096,130000,6900,72000,96000,0,0,10500,315400,303940,67000,0,30500,1810,80000,0,32310,403250,0.782145071295722
"2146",9100,0,0,0,0,0,0,0,0,0,0,0,0,0,20000,5000,0,0,NA
"2147",9104,149000,-28400,0,0,0,0,0,120600,39000,0,0,0,0,30000,0,0,39000,3.09230769230769
"2148",9106,0,-85500,0,0,0,120000,678500,713000,221780,0,0,477224,0,5e+05,9000,477224,699004,1.02002277526309
"2149",9107,885400,2000,0,96000,172000,0,0,1155400,380120,41500,0,21000,250,40000,1e+05,21250,442870,2.60889199990968
"2150",9110,0,32600,7e+05,0,0,0,0,732600,207480,7570,0,1200,40000,40000,5000,41200,256250,2.85892682926829
"2151",9113,0,5300,660000,48000,388000,0,2000,1103300,236080,-19250,0,39750,35,102000,60000,39785,256615,4.29943689963564
"2152",9117,663000,0,0,0,0,0,2500,665500,184080,18000,0,0,5800,22000,0,5800,207880,3.201366172792
"2153",9125,0,-14300,0,96000,418500,0,0,500200,404040,99700,0,1800,0,40000,0,1800,505540,0.989437037623136
"2154",9129,3e+05,-81750,395000,33000,60000,0,8300,714550,185900,0,0,3520,0,2e+05,1500,3520,189420,3.77230493084152
"2155",9131,0,183080,-80000,0,0,0,10,103090,268320,0,0,0,0,25000,2000,0,268320,0.384205426356589
"2156",9134,0,-22000,60000,0,0,0,0,38000,127140,15200,0,23255,0,20000,297,23255,165595,0.229475527642743
"2157",9135,0,-15750,420000,0,0,0,0,404250,158860,138400,50500,309000,0,4e+05,8256,359500,656760,0.61552165174493
"2158",9139,246500,84500,-30000,32000,0,0,3000,336000,226200,0,0,28800,1500,30000,25000,30300,256500,1.30994152046784
"2159",9140,0,-20650,-80000,48000,0,0,421200,368550,222300,0,0,146300,0,550000,0,146300,368600,0.999864351600651
"2160",9141,1800,-19800,490000,0,0,0,1500,473500,185744,128000,0,13160,0,2e+05,0,13160,326904,1.44843746176247
"2161",9148,0,58200,0,48000,0,0,0,106200,133640,0,0,11100,320,20000,1500,11420,145060,0.732110850682476
"2162",9150,390000,0,35000,0,392000,0,3500,820500,135720,148500,0,0,1500,150000,0,1500,285720,2.87169256614868
"2163",9153,7e+05,6350,0,2600,22000,0,0,730950,226980,106800,0,119200,5200,2e+05,0,124400,458180,1.59533371164171
"2164",9158,57600000,-8300,0,0,0,0,0,57591700,10400,0,0,0,0,360000,0,0,10400,5537.66346153846
"2165",9257,158000,0,0,0,0,0,0,158000,23400,0,0,0,450,15000,3520,450,23850,6.62473794549266
"2166",9261,0,-16000,420000,0,0,0,105000,509000,218400,33660,0,0,500,10000,0,500,252560,2.01536268609439
"2167",9263,198000,14992,150000,50000,0,0,0,412992,235040,44750,0,16050,0,15000,0,16050,295840,1.39599783666847
"2168",9265,436824,-12858,0,48000,0,0,10000,481966,305240,54000,0,0,500,2850,7000,500,359740,1.33976205036971
"2169",9268,360000,-12450,0,51600,0,0,0,399150,180960,38400,0,0,500,50000,0,500,219860,1.81547348312563
"2170",9271,66000,0,1e+05,0,0,0,0,166000,274300,26500,0,14250,0,15000,10000,14250,315050,0.526900491985399
"2171",9272,0,24000,240000,3500,0,0,0,267500,361400,22000,0,0,600,45000,0,600,384000,0.696614583333333
"2172",9273,0,-4400,3e+05,3500,0,0,0,299100,245180,8500,0,0,0,15000,15000,0,253680,1.17904446546831
"2173",9276,0,-108400,3e+05,1200,0,0,0,192800,301080,30600,0,0,0,40000,25000,0,331680,0.5812831644959
"2174",9278,288000,5400,120000,6000,0,0,8e+05,1219400,391300,7600,0,0,1300,8000,0,1300,400200,3.04697651174413
"2175",9280,0,12200,0,48000,0,0,510000,570200,284960,24500,0,0,0,0,0,0,309460,1.8425644671363
"2176",9284,0,19000,85000,0,0,0,0,104000,281320,30000,0,0,0,0,0,0,311320,0.334061415906463
"2177",9288,0,85300,0,48000,-180000,0,0,-46700,283920,39200,0,9000,450,40000,0,9450,332570,-0.140421565384731
"2178",9290,0,285300,0,54000,0,0,5000,344300,385580,2500,0,2000,900,15000,10000,2900,390980,0.88060770371886
"2179",9291,240000,103800,0,54000,0,0,80000,477800,316940,51600,0,0,1300,20000,0,1300,369840,1.29191001514168
"2180",9295,0,200600,0,26000,0,0,6500,233100,0,28800,0,7700,1500,26000,0,9200,38000,6.13421052631579
"2181",9296,0,63750,0,0,0,0,6e+05,663750,0,53200,0,2700,0,0,0,2700,55900,11.8738819320215
"2182",9298,578776,16252,120000,0,0,0,2540000,3255028,0,26000,0,4100,0,20000,0,4100,30100,108.140465116279
"2183",9301,270000,105600,0,48000,0,0,80000,503600,0,0,0,4800,0,40000,12000,4800,4800,104.916666666667
"2184",9305,472800,-900,0,0,0,0,0,471900,0,0,0,0,500,20000,10000,500,500,943.8
"2185",9343,692000,-650,0,0,0,0,0,691350,0,0,0,0,60000,90000,0,60000,60000,11.5225
"2186",9346,510125,-2650,0,0,0,0,0,507475,0,0,0,0,0,15000,0,0,0,Inf
"2187",9349,956000,-2900,0,0,0,0,0,953100,0,0,0,0,0,8000,40000,0,0,Inf
"2188",9352,240000,0,0,0,0,0,0,240000,0,0,0,0,0,250000,0,0,0,Inf
"2189",9360,2136000,-2200,0,0,0,0,0,2133800,0,0,0,0,0,50000,0,0,0,Inf
"2190",9363,219200,-3900,0,0,0,0,0,215300,0,0,0,0,0,35000,20000,0,0,Inf
"2191",9372,0,-1000,0,0,0,0,0,-1000,0,0,0,0,0,130000,0,0,0,-Inf
"2192",9375,0,-10700,0,0,0,0,0,-10700,0,0,0,0,0,54000,8800,0,0,-Inf
"2193",9378,0,-10300,0,0,0,0,0,-10300,0,0,0,0,0,50000,15000,0,0,-Inf
"2194",9381,0,-7950,0,0,0,0,0,-7950,0,0,0,0,0,20000,0,0,0,-Inf
"2195",9384,0,9400,0,0,0,0,0,9400,0,0,0,0,0,3500,0,0,0,Inf
"2196",9390,0,-15200,0,0,0,0,0,-15200,0,0,0,0,0,50000,1500,0,0,-Inf
"2197",9395,0,-4000,0,0,0,0,0,-4000,0,0,0,0,0,178000,0,0,0,-Inf
"2198",9399,0,-18500,0,0,0,0,0,-18500,0,0,0,0,0,20000,23000,0,0,-Inf
"2199",9416,0,-2100,0,0,0,0,0,-2100,0,0,0,0,1100,20000,15000,1100,1100,-1.90909090909091
"2200",9419,0,-13100,0,0,0,0,0,-13100,0,0,0,0,2300,18000,8000,2300,2300,-5.69565217391304
"2201",9420,364000,-12908,0,0,0,0,0,351092,0,0,0,0,1300,80000,50000,1300,1300,270.070769230769
"2202",9421,240000,-15400,0,0,0,0,0,224600,0,0,0,0,0,8000,0,0,0,Inf
"2203",9423,0,19000,0,0,0,0,0,19000,0,0,0,0,700,35000,12000,700,700,27.1428571428571
"2204",9424,0,-20000,0,0,0,0,0,-20000,0,0,0,0,1100,10000,5000,1100,1100,-18.1818181818182
"2205",9425,946000,231650,0,0,0,0,0,1177650,0,0,0,0,500,25000,7000,500,500,2355.3
"2206",9427,288000,-27500,0,0,0,0,0,260500,0,0,0,0,700,15000,40000,700,700,372.142857142857
"2207",9429,360000,-3200,0,0,0,0,0,356800,0,0,0,0,0,2700,15000,0,0,Inf
"2208",9433,0,-5500,0,0,0,0,0,-5500,0,0,0,0,0,60000,0,0,0,-Inf
"2209",9495,0,-72200,0,0,0,0,0,-72200,0,0,0,0,20000,50000,0,20000,20000,-3.61
"2210",9503,2308000,0,0,0,0,0,0,2308000,0,0,0,0,0,35000,11892,0,0,Inf
"2211",9528,0,-18000,0,0,0,0,0,-18000,0,0,0,0,0,70000,5000,0,0,-Inf
"2212",9556,0,90002,0,0,0,0,0,90002,0,0,0,0,3300,50000,0,3300,3300,27.2733333333333
"2213",9561,0,-1900,0,0,0,0,0,-1900,0,0,0,0,0,4800,24000,0,0,-Inf
"2214",9568,0,-1000,0,0,0,0,0,-1000,0,0,0,0,0,2800,0,0,0,-Inf
"2215",9587,180000,-22500,0,0,0,0,0,157500,0,0,0,0,1090,7000,1700,1090,1090,144.495412844037
"2216",9590,0,-34200,0,0,0,0,0,-34200,0,0,0,0,1440,5000,0,1440,1440,-23.75
"2217",9593,180000,-5850,0,0,0,0,0,174150,0,0,0,0,0,217260,70000,0,0,Inf
"2218",9597,0,-22800,0,0,0,0,0,-22800,0,0,0,0,0,2e+05,0,0,0,-Inf
"2219",9600,420000,-9850,0,0,0,0,0,410150,0,0,0,0,0,2e+05,0,0,0,Inf
"2220",9613,225000,-13500,0,0,0,0,0,211500,0,0,0,0,0,20000,15500,0,0,Inf
"2221",9619,530000,-15500,0,0,0,0,0,514500,0,0,0,0,0,90000,25000,0,0,Inf
"2222",9620,0,-33500,0,0,0,0,0,-33500,0,0,0,0,1000,120000,2000,1000,1000,-33.5
"2223",9624,0,-9998,0,0,0,0,0,-9998,0,0,0,0,0,2000,0,0,0,-Inf
"2224",9628,150000,-12500,0,0,0,0,0,137500,0,0,0,0,0,4500,1700,0,0,Inf
"2225",9631,454000,61000,0,0,0,0,0,515000,0,0,0,0,0,25000,12000,0,0,Inf
"2226",9634,569000,40000,0,0,0,0,0,609000,0,0,0,0,0,6800,800,0,0,Inf
"2227",9639,0,-63000,0,0,0,0,0,-63000,0,0,0,0,0,2100,0,0,0,-Inf
"2228",9642,76000,-22500,0,0,0,0,0,53500,0,0,0,0,12010,15600,4600,12010,12010,4.45462114904246
"2229",9645,0,-11000,0,0,0,0,0,-11000,0,0,0,0,0,72000,5500,0,0,-Inf
"2230",9648,0,-9500,0,0,0,0,0,-9500,0,0,0,0,0,9000,800,0,0,-Inf
"2231",9651,530000,42000,0,0,0,0,0,572000,0,0,0,0,0,5000,350,0,0,Inf
"2232",9655,0,-7408,0,0,0,0,0,-7408,0,0,0,0,0,260000,0,0,0,-Inf
"2233",9742,3e+05,-14050,0,0,0,0,0,285950,0,0,0,0,500,25000,800,500,500,571.9
"2234",9748,0,104000,0,0,0,0,0,104000,0,0,0,0,0,180000,720,0,0,Inf
"2235",9751,0,-31000,0,0,0,0,0,-31000,0,0,0,0,2740,150000,0,2740,2740,-11.3138686131387
"2236",9757,0,-10500,0,0,0,0,0,-10500,0,0,0,0,0,42000,5000,0,0,-Inf
"2237",9760,0,-6998,0,0,0,0,0,-6998,0,0,0,0,0,10000,300,0,0,-Inf
"2238",9798,0,-34500,0,0,0,0,0,-34500,0,0,0,0,0,10000,150,0,0,-Inf
"2239",9801,0,-14150,0,0,0,0,0,-14150,0,0,0,0,0,160000,0,0,0,-Inf
